--
-- PostgreSQL database dump
--

-- Dumped from database version 17.4
-- Dumped by pg_dump version 17.2

SET statement_timeout = 0;
SET lock_timeout = 0;
SET idle_in_transaction_session_timeout = 0;
SET transaction_timeout = 0;
SET client_encoding = 'UTF8';
SET standard_conforming_strings = on;
SELECT pg_catalog.set_config('search_path', '', false);
SET check_function_bodies = false;
SET xmloption = content;
SET client_min_messages = warning;
SET row_security = off;

--
-- Name: tembo; Type: SCHEMA; Schema: -; Owner: postgres
--

CREATE SCHEMA tembo;


ALTER SCHEMA tembo OWNER TO postgres;

--
-- Name: pg_stat_statements; Type: EXTENSION; Schema: -; Owner: -
--

CREATE EXTENSION IF NOT EXISTS pg_stat_statements WITH SCHEMA public;


--
-- Name: EXTENSION pg_stat_statements; Type: COMMENT; Schema: -; Owner: 
--

COMMENT ON EXTENSION pg_stat_statements IS 'track planning and execution statistics of all SQL statements executed';


--
-- Name: run_heartbeat(); Type: FUNCTION; Schema: public; Owner: postgres
--

CREATE FUNCTION public.run_heartbeat() RETURNS void
    LANGUAGE plpgsql
    AS $$
DECLARE
    schema_exists BOOLEAN;
    table_exists BOOLEAN;
BEGIN
    -- Check if schema exists
    SELECT EXISTS(
        SELECT schema_name
        FROM information_schema.schemata
        WHERE schema_name = 'tembo'
    ) INTO schema_exists;

    -- Create schema if it doesn't exist
    IF NOT schema_exists THEN
        EXECUTE 'CREATE SCHEMA tembo;';
    END IF;

    -- Check if table exists within tembo schema
    SELECT EXISTS(
        SELECT table_name
        FROM information_schema.tables
        WHERE table_schema = 'tembo' AND table_name = 'heartbeat_table'
    ) INTO table_exists;

    -- Create table and index if they don't exist
    IF NOT table_exists THEN
        EXECUTE 'CREATE TABLE tembo.heartbeat_table (
            latest_heartbeat TIMESTAMP NOT NULL
        );';
        EXECUTE 'CREATE INDEX idx_heartbeat ON tembo.heartbeat_table (latest_heartbeat);';
    END IF;

    -- Insert current UTC timestamp into heartbeat_table
    EXECUTE 'INSERT INTO tembo.heartbeat_table (latest_heartbeat)
        VALUES (CURRENT_TIMESTAMP AT TIME ZONE ''UTC'');';

    -- Delete entries older than 7 days
    EXECUTE 'DELETE FROM tembo.heartbeat_table
        WHERE latest_heartbeat < (CURRENT_TIMESTAMP AT TIME ZONE ''UTC'' - INTERVAL ''7 days'');';

END;
$$;


ALTER FUNCTION public.run_heartbeat() OWNER TO postgres;

SET default_tablespace = '';

SET default_table_access_method = heap;

--
-- Name: accounts_organization; Type: TABLE; Schema: public; Owner: postgres
--

CREATE TABLE public.accounts_organization (
    id character varying(16) NOT NULL,
    name character varying(255) NOT NULL,
    created_at timestamp with time zone NOT NULL,
    updated_at timestamp with time zone NOT NULL,
    stripe_customer_id character varying(255) NOT NULL,
    email character varying(254) NOT NULL
);


ALTER TABLE public.accounts_organization OWNER TO postgres;

--
-- Name: accounts_project; Type: TABLE; Schema: public; Owner: postgres
--

CREATE TABLE public.accounts_project (
    id character varying(16) NOT NULL,
    name character varying(255) NOT NULL,
    description text NOT NULL,
    created_at timestamp with time zone NOT NULL,
    updated_at timestamp with time zone NOT NULL,
    organization_id character varying(16) NOT NULL
);


ALTER TABLE public.accounts_project OWNER TO postgres;

--
-- Name: accounts_project_stacks; Type: TABLE; Schema: public; Owner: postgres
--

CREATE TABLE public.accounts_project_stacks (
    id integer NOT NULL,
    project_id character varying(16) NOT NULL,
    stack_id character varying(16) NOT NULL
);


ALTER TABLE public.accounts_project_stacks OWNER TO postgres;

--
-- Name: accounts_project_stacks_id_seq; Type: SEQUENCE; Schema: public; Owner: postgres
--

ALTER TABLE public.accounts_project_stacks ALTER COLUMN id ADD GENERATED BY DEFAULT AS IDENTITY (
    SEQUENCE NAME public.accounts_project_stacks_id_seq
    START WITH 1
    INCREMENT BY 1
    NO MINVALUE
    NO MAXVALUE
    CACHE 1
);


--
-- Name: accounts_projectmember; Type: TABLE; Schema: public; Owner: postgres
--

CREATE TABLE public.accounts_projectmember (
    id character varying(16) NOT NULL,
    role character varying(50) NOT NULL,
    joined_at timestamp with time zone NOT NULL,
    project_id character varying(16) NOT NULL,
    user_id integer NOT NULL
);


ALTER TABLE public.accounts_projectmember OWNER TO postgres;

--
-- Name: accounts_userprofile; Type: TABLE; Schema: public; Owner: postgres
--

CREATE TABLE public.accounts_userprofile (
    id character varying(16) NOT NULL,
    birthdate date NOT NULL,
    user_id integer NOT NULL,
    email_verification_token character varying(256),
    new_email character varying(254)
);


ALTER TABLE public.accounts_userprofile OWNER TO postgres;

--
-- Name: api_availablestack; Type: TABLE; Schema: public; Owner: postgres
--

CREATE TABLE public.api_availablestack (
    id character varying(16) NOT NULL,
    type character varying(10) NOT NULL,
    variant character varying(10) NOT NULL,
    version character varying(10) NOT NULL,
    price_id character varying(50) NOT NULL,
    created_at timestamp with time zone NOT NULL,
    updated_at timestamp with time zone NOT NULL
);


ALTER TABLE public.api_availablestack OWNER TO postgres;

--
-- Name: api_stack; Type: TABLE; Schema: public; Owner: postgres
--

CREATE TABLE public.api_stack (
    id character varying(16) NOT NULL,
    name character varying(100) NOT NULL,
    created_at timestamp with time zone NOT NULL,
    updated_at timestamp with time zone NOT NULL,
    project_id character varying(16) NOT NULL,
    purchased_stack_id character varying(16) NOT NULL,
    instance_usage double precision NOT NULL,
    instance_usage_bill_amount double precision NOT NULL
);


ALTER TABLE public.api_stack OWNER TO postgres;

--
-- Name: api_stackbackend; Type: TABLE; Schema: public; Owner: postgres
--

CREATE TABLE public.api_stackbackend (
    id character varying(16) NOT NULL,
    url character varying(200) NOT NULL,
    image_url character varying(200) NOT NULL,
    created_at timestamp with time zone NOT NULL,
    updated_at timestamp with time zone NOT NULL,
    stack_id character varying(16) NOT NULL
);


ALTER TABLE public.api_stackbackend OWNER TO postgres;

--
-- Name: api_stackdatabase; Type: TABLE; Schema: public; Owner: postgres
--

CREATE TABLE public.api_stackdatabase (
    id character varying(16) NOT NULL,
    uri character varying(200) NOT NULL,
    created_at timestamp with time zone NOT NULL,
    updated_at timestamp with time zone NOT NULL,
    current_usage integer NOT NULL,
    pending_billed integer NOT NULL,
    stack_id character varying(16) NOT NULL
);


ALTER TABLE public.api_stackdatabase OWNER TO postgres;

--
-- Name: api_stackfrontend; Type: TABLE; Schema: public; Owner: postgres
--

CREATE TABLE public.api_stackfrontend (
    id character varying(16) NOT NULL,
    url character varying(200) NOT NULL,
    image_url character varying(200) NOT NULL,
    created_at timestamp with time zone NOT NULL,
    updated_at timestamp with time zone NOT NULL,
    stack_id character varying(16) NOT NULL
);


ALTER TABLE public.api_stackfrontend OWNER TO postgres;

--
-- Name: auth_group; Type: TABLE; Schema: public; Owner: postgres
--

CREATE TABLE public.auth_group (
    id integer NOT NULL,
    name character varying(150) NOT NULL
);


ALTER TABLE public.auth_group OWNER TO postgres;

--
-- Name: auth_group_id_seq; Type: SEQUENCE; Schema: public; Owner: postgres
--

ALTER TABLE public.auth_group ALTER COLUMN id ADD GENERATED BY DEFAULT AS IDENTITY (
    SEQUENCE NAME public.auth_group_id_seq
    START WITH 1
    INCREMENT BY 1
    NO MINVALUE
    NO MAXVALUE
    CACHE 1
);


--
-- Name: auth_group_permissions; Type: TABLE; Schema: public; Owner: postgres
--

CREATE TABLE public.auth_group_permissions (
    id bigint NOT NULL,
    group_id integer NOT NULL,
    permission_id integer NOT NULL
);


ALTER TABLE public.auth_group_permissions OWNER TO postgres;

--
-- Name: auth_group_permissions_id_seq; Type: SEQUENCE; Schema: public; Owner: postgres
--

ALTER TABLE public.auth_group_permissions ALTER COLUMN id ADD GENERATED BY DEFAULT AS IDENTITY (
    SEQUENCE NAME public.auth_group_permissions_id_seq
    START WITH 1
    INCREMENT BY 1
    NO MINVALUE
    NO MAXVALUE
    CACHE 1
);


--
-- Name: auth_permission; Type: TABLE; Schema: public; Owner: postgres
--

CREATE TABLE public.auth_permission (
    id integer NOT NULL,
    name character varying(255) NOT NULL,
    content_type_id integer NOT NULL,
    codename character varying(100) NOT NULL
);


ALTER TABLE public.auth_permission OWNER TO postgres;

--
-- Name: auth_permission_id_seq; Type: SEQUENCE; Schema: public; Owner: postgres
--

ALTER TABLE public.auth_permission ALTER COLUMN id ADD GENERATED BY DEFAULT AS IDENTITY (
    SEQUENCE NAME public.auth_permission_id_seq
    START WITH 1
    INCREMENT BY 1
    NO MINVALUE
    NO MAXVALUE
    CACHE 1
);


--
-- Name: auth_user; Type: TABLE; Schema: public; Owner: postgres
--

CREATE TABLE public.auth_user (
    id integer NOT NULL,
    password character varying(128) NOT NULL,
    last_login timestamp with time zone,
    is_superuser boolean NOT NULL,
    username character varying(150) NOT NULL,
    first_name character varying(150) NOT NULL,
    last_name character varying(150) NOT NULL,
    email character varying(254) NOT NULL,
    is_staff boolean NOT NULL,
    is_active boolean NOT NULL,
    date_joined timestamp with time zone NOT NULL
);


ALTER TABLE public.auth_user OWNER TO postgres;

--
-- Name: auth_user_groups; Type: TABLE; Schema: public; Owner: postgres
--

CREATE TABLE public.auth_user_groups (
    id bigint NOT NULL,
    user_id integer NOT NULL,
    group_id integer NOT NULL
);


ALTER TABLE public.auth_user_groups OWNER TO postgres;

--
-- Name: auth_user_groups_id_seq; Type: SEQUENCE; Schema: public; Owner: postgres
--

ALTER TABLE public.auth_user_groups ALTER COLUMN id ADD GENERATED BY DEFAULT AS IDENTITY (
    SEQUENCE NAME public.auth_user_groups_id_seq
    START WITH 1
    INCREMENT BY 1
    NO MINVALUE
    NO MAXVALUE
    CACHE 1
);


--
-- Name: auth_user_id_seq; Type: SEQUENCE; Schema: public; Owner: postgres
--

ALTER TABLE public.auth_user ALTER COLUMN id ADD GENERATED BY DEFAULT AS IDENTITY (
    SEQUENCE NAME public.auth_user_id_seq
    START WITH 1
    INCREMENT BY 1
    NO MINVALUE
    NO MAXVALUE
    CACHE 1
);


--
-- Name: auth_user_user_permissions; Type: TABLE; Schema: public; Owner: postgres
--

CREATE TABLE public.auth_user_user_permissions (
    id bigint NOT NULL,
    user_id integer NOT NULL,
    permission_id integer NOT NULL
);


ALTER TABLE public.auth_user_user_permissions OWNER TO postgres;

--
-- Name: auth_user_user_permissions_id_seq; Type: SEQUENCE; Schema: public; Owner: postgres
--

ALTER TABLE public.auth_user_user_permissions ALTER COLUMN id ADD GENERATED BY DEFAULT AS IDENTITY (
    SEQUENCE NAME public.auth_user_user_permissions_id_seq
    START WITH 1
    INCREMENT BY 1
    NO MINVALUE
    NO MAXVALUE
    CACHE 1
);


--
-- Name: django_admin_log; Type: TABLE; Schema: public; Owner: postgres
--

CREATE TABLE public.django_admin_log (
    id integer NOT NULL,
    action_time timestamp with time zone NOT NULL,
    object_id text,
    object_repr character varying(200) NOT NULL,
    action_flag smallint NOT NULL,
    change_message text NOT NULL,
    content_type_id integer,
    user_id integer NOT NULL,
    CONSTRAINT django_admin_log_action_flag_check CHECK ((action_flag >= 0))
);


ALTER TABLE public.django_admin_log OWNER TO postgres;

--
-- Name: django_admin_log_id_seq; Type: SEQUENCE; Schema: public; Owner: postgres
--

ALTER TABLE public.django_admin_log ALTER COLUMN id ADD GENERATED BY DEFAULT AS IDENTITY (
    SEQUENCE NAME public.django_admin_log_id_seq
    START WITH 1
    INCREMENT BY 1
    NO MINVALUE
    NO MAXVALUE
    CACHE 1
);


--
-- Name: django_content_type; Type: TABLE; Schema: public; Owner: postgres
--

CREATE TABLE public.django_content_type (
    id integer NOT NULL,
    app_label character varying(100) NOT NULL,
    model character varying(100) NOT NULL
);


ALTER TABLE public.django_content_type OWNER TO postgres;

--
-- Name: django_content_type_id_seq; Type: SEQUENCE; Schema: public; Owner: postgres
--

ALTER TABLE public.django_content_type ALTER COLUMN id ADD GENERATED BY DEFAULT AS IDENTITY (
    SEQUENCE NAME public.django_content_type_id_seq
    START WITH 1
    INCREMENT BY 1
    NO MINVALUE
    NO MAXVALUE
    CACHE 1
);


--
-- Name: django_migrations; Type: TABLE; Schema: public; Owner: postgres
--

CREATE TABLE public.django_migrations (
    id bigint NOT NULL,
    app character varying(255) NOT NULL,
    name character varying(255) NOT NULL,
    applied timestamp with time zone NOT NULL
);


ALTER TABLE public.django_migrations OWNER TO postgres;

--
-- Name: django_migrations_id_seq; Type: SEQUENCE; Schema: public; Owner: postgres
--

ALTER TABLE public.django_migrations ALTER COLUMN id ADD GENERATED BY DEFAULT AS IDENTITY (
    SEQUENCE NAME public.django_migrations_id_seq
    START WITH 1
    INCREMENT BY 1
    NO MINVALUE
    NO MAXVALUE
    CACHE 1
);


--
-- Name: django_session; Type: TABLE; Schema: public; Owner: postgres
--

CREATE TABLE public.django_session (
    session_key character varying(40) NOT NULL,
    session_data text NOT NULL,
    expire_date timestamp with time zone NOT NULL
);


ALTER TABLE public.django_session OWNER TO postgres;

--
-- Name: github_token; Type: TABLE; Schema: public; Owner: postgres
--

CREATE TABLE public.github_token (
    id character varying(16) NOT NULL,
    encrypted_token bytea NOT NULL,
    user_id integer NOT NULL
);


ALTER TABLE public.github_token OWNER TO postgres;

--
-- Name: github_webhook; Type: TABLE; Schema: public; Owner: postgres
--

CREATE TABLE public.github_webhook (
    id character varying(16) NOT NULL,
    repository character varying(255) NOT NULL,
    webhook_id integer NOT NULL,
    url character varying(200) NOT NULL,
    secret character varying(255) NOT NULL,
    created_at timestamp with time zone NOT NULL,
    stack_id character varying(16) NOT NULL,
    user_id integer NOT NULL
);


ALTER TABLE public.github_webhook OWNER TO postgres;

--
-- Name: oauth2_provider_accesstoken; Type: TABLE; Schema: public; Owner: postgres
--

CREATE TABLE public.oauth2_provider_accesstoken (
    id bigint NOT NULL,
    token text NOT NULL,
    expires timestamp with time zone NOT NULL,
    scope text NOT NULL,
    application_id bigint,
    user_id integer,
    created timestamp with time zone NOT NULL,
    updated timestamp with time zone NOT NULL,
    source_refresh_token_id bigint,
    id_token_id bigint,
    token_checksum character varying(64) NOT NULL
);


ALTER TABLE public.oauth2_provider_accesstoken OWNER TO postgres;

--
-- Name: oauth2_provider_accesstoken_id_seq; Type: SEQUENCE; Schema: public; Owner: postgres
--

ALTER TABLE public.oauth2_provider_accesstoken ALTER COLUMN id ADD GENERATED BY DEFAULT AS IDENTITY (
    SEQUENCE NAME public.oauth2_provider_accesstoken_id_seq
    START WITH 1
    INCREMENT BY 1
    NO MINVALUE
    NO MAXVALUE
    CACHE 1
);


--
-- Name: oauth2_provider_application; Type: TABLE; Schema: public; Owner: postgres
--

CREATE TABLE public.oauth2_provider_application (
    id bigint NOT NULL,
    client_id character varying(100) NOT NULL,
    redirect_uris text NOT NULL,
    client_type character varying(32) NOT NULL,
    authorization_grant_type character varying(32) NOT NULL,
    client_secret character varying(255) NOT NULL,
    name character varying(255) NOT NULL,
    user_id integer,
    skip_authorization boolean NOT NULL,
    created timestamp with time zone NOT NULL,
    updated timestamp with time zone NOT NULL,
    algorithm character varying(5) NOT NULL,
    post_logout_redirect_uris text NOT NULL,
    hash_client_secret boolean NOT NULL,
    allowed_origins text NOT NULL
);


ALTER TABLE public.oauth2_provider_application OWNER TO postgres;

--
-- Name: oauth2_provider_application_id_seq; Type: SEQUENCE; Schema: public; Owner: postgres
--

ALTER TABLE public.oauth2_provider_application ALTER COLUMN id ADD GENERATED BY DEFAULT AS IDENTITY (
    SEQUENCE NAME public.oauth2_provider_application_id_seq
    START WITH 1
    INCREMENT BY 1
    NO MINVALUE
    NO MAXVALUE
    CACHE 1
);


--
-- Name: oauth2_provider_grant; Type: TABLE; Schema: public; Owner: postgres
--

CREATE TABLE public.oauth2_provider_grant (
    id bigint NOT NULL,
    code character varying(255) NOT NULL,
    expires timestamp with time zone NOT NULL,
    redirect_uri text NOT NULL,
    scope text NOT NULL,
    application_id bigint NOT NULL,
    user_id integer NOT NULL,
    created timestamp with time zone NOT NULL,
    updated timestamp with time zone NOT NULL,
    code_challenge character varying(128) NOT NULL,
    code_challenge_method character varying(10) NOT NULL,
    nonce character varying(255) NOT NULL,
    claims text NOT NULL
);


ALTER TABLE public.oauth2_provider_grant OWNER TO postgres;

--
-- Name: oauth2_provider_grant_id_seq; Type: SEQUENCE; Schema: public; Owner: postgres
--

ALTER TABLE public.oauth2_provider_grant ALTER COLUMN id ADD GENERATED BY DEFAULT AS IDENTITY (
    SEQUENCE NAME public.oauth2_provider_grant_id_seq
    START WITH 1
    INCREMENT BY 1
    NO MINVALUE
    NO MAXVALUE
    CACHE 1
);


--
-- Name: oauth2_provider_idtoken; Type: TABLE; Schema: public; Owner: postgres
--

CREATE TABLE public.oauth2_provider_idtoken (
    id bigint NOT NULL,
    jti uuid NOT NULL,
    expires timestamp with time zone NOT NULL,
    scope text NOT NULL,
    created timestamp with time zone NOT NULL,
    updated timestamp with time zone NOT NULL,
    application_id bigint,
    user_id integer
);


ALTER TABLE public.oauth2_provider_idtoken OWNER TO postgres;

--
-- Name: oauth2_provider_idtoken_id_seq; Type: SEQUENCE; Schema: public; Owner: postgres
--

ALTER TABLE public.oauth2_provider_idtoken ALTER COLUMN id ADD GENERATED BY DEFAULT AS IDENTITY (
    SEQUENCE NAME public.oauth2_provider_idtoken_id_seq
    START WITH 1
    INCREMENT BY 1
    NO MINVALUE
    NO MAXVALUE
    CACHE 1
);


--
-- Name: oauth2_provider_refreshtoken; Type: TABLE; Schema: public; Owner: postgres
--

CREATE TABLE public.oauth2_provider_refreshtoken (
    id bigint NOT NULL,
    token character varying(255) NOT NULL,
    access_token_id bigint,
    application_id bigint NOT NULL,
    user_id integer NOT NULL,
    created timestamp with time zone NOT NULL,
    updated timestamp with time zone NOT NULL,
    revoked timestamp with time zone,
    token_family uuid
);


ALTER TABLE public.oauth2_provider_refreshtoken OWNER TO postgres;

--
-- Name: oauth2_provider_refreshtoken_id_seq; Type: SEQUENCE; Schema: public; Owner: postgres
--

ALTER TABLE public.oauth2_provider_refreshtoken ALTER COLUMN id ADD GENERATED BY DEFAULT AS IDENTITY (
    SEQUENCE NAME public.oauth2_provider_refreshtoken_id_seq
    START WITH 1
    INCREMENT BY 1
    NO MINVALUE
    NO MAXVALUE
    CACHE 1
);


--
-- Name: organizations_organization; Type: TABLE; Schema: public; Owner: postgres
--

CREATE TABLE public.organizations_organization (
    id character varying(16) NOT NULL,
    name character varying(255) NOT NULL,
    email character varying(254) NOT NULL,
    stripe_customer_id character varying(255) NOT NULL,
    created_at timestamp with time zone NOT NULL,
    updated_at timestamp with time zone NOT NULL
);


ALTER TABLE public.organizations_organization OWNER TO postgres;

--
-- Name: organizations_organizationmember; Type: TABLE; Schema: public; Owner: postgres
--

CREATE TABLE public.organizations_organizationmember (
    id character varying(16) NOT NULL,
    role character varying(50) NOT NULL,
    joined_at timestamp with time zone NOT NULL,
    organization_id character varying(16) NOT NULL,
    user_id integer NOT NULL
);


ALTER TABLE public.organizations_organizationmember OWNER TO postgres;

--
-- Name: organizations_pendinginvites; Type: TABLE; Schema: public; Owner: postgres
--

CREATE TABLE public.organizations_pendinginvites (
    id character varying(16) NOT NULL,
    email character varying(254) NOT NULL,
    organization_id character varying(16) NOT NULL
);


ALTER TABLE public.organizations_pendinginvites OWNER TO postgres;

--
-- Name: payments_prices; Type: TABLE; Schema: public; Owner: postgres
--

CREATE TABLE public.payments_prices (
    id character varying(16) NOT NULL,
    name character varying(20) NOT NULL,
    price double precision NOT NULL,
    created_at timestamp with time zone NOT NULL,
    updated_at timestamp with time zone NOT NULL
);


ALTER TABLE public.payments_prices OWNER TO postgres;

--
-- Name: projects_project; Type: TABLE; Schema: public; Owner: postgres
--

CREATE TABLE public.projects_project (
    id character varying(16) NOT NULL,
    name character varying(255) NOT NULL,
    description text NOT NULL,
    created_at timestamp with time zone NOT NULL,
    updated_at timestamp with time zone NOT NULL,
    organization_id character varying(16) NOT NULL
);


ALTER TABLE public.projects_project OWNER TO postgres;

--
-- Name: projects_projectmember; Type: TABLE; Schema: public; Owner: postgres
--

CREATE TABLE public.projects_projectmember (
    id character varying(16) NOT NULL,
    role character varying(50) NOT NULL,
    joined_at timestamp with time zone NOT NULL,
    project_id character varying(16) NOT NULL,
    user_id integer NOT NULL
);


ALTER TABLE public.projects_projectmember OWNER TO postgres;

--
-- Name: stacks_purchasablestack; Type: TABLE; Schema: public; Owner: postgres
--

CREATE TABLE public.stacks_purchasablestack (
    id character varying(16) NOT NULL,
    type character varying(10) NOT NULL,
    variant character varying(10) NOT NULL,
    version character varying(10) NOT NULL,
    price_id character varying(50) NOT NULL,
    created_at timestamp with time zone NOT NULL,
    updated_at timestamp with time zone NOT NULL,
    description character varying NOT NULL,
    name character varying NOT NULL
);


ALTER TABLE public.stacks_purchasablestack OWNER TO postgres;

--
-- Name: stacks_stack; Type: TABLE; Schema: public; Owner: postgres
--

CREATE TABLE public.stacks_stack (
    id character varying(16) NOT NULL,
    name character varying(100) NOT NULL,
    root_directory character varying(100) NOT NULL,
    instance_usage double precision NOT NULL,
    instance_usage_bill_amount double precision NOT NULL,
    created_at timestamp with time zone NOT NULL,
    updated_at timestamp with time zone NOT NULL,
    project_id character varying(16) NOT NULL,
    purchased_stack_id character varying(16) NOT NULL
);


ALTER TABLE public.stacks_stack OWNER TO postgres;

--
-- Name: stacks_stackbackend; Type: TABLE; Schema: public; Owner: postgres
--

CREATE TABLE public.stacks_stackbackend (
    id character varying(16) NOT NULL,
    url character varying(200) NOT NULL,
    root_directory character varying(100) NOT NULL,
    image_url character varying(200) NOT NULL,
    created_at timestamp with time zone NOT NULL,
    updated_at timestamp with time zone NOT NULL,
    stack_id character varying(16) NOT NULL
);


ALTER TABLE public.stacks_stackbackend OWNER TO postgres;

--
-- Name: stacks_stackdatabase; Type: TABLE; Schema: public; Owner: postgres
--

CREATE TABLE public.stacks_stackdatabase (
    id character varying(16) NOT NULL,
    uri character varying(200) NOT NULL,
    created_at timestamp with time zone NOT NULL,
    updated_at timestamp with time zone NOT NULL,
    current_usage integer NOT NULL,
    pending_billed integer NOT NULL,
    stack_id character varying(16) NOT NULL
);


ALTER TABLE public.stacks_stackdatabase OWNER TO postgres;

--
-- Name: stacks_stackfrontend; Type: TABLE; Schema: public; Owner: postgres
--

CREATE TABLE public.stacks_stackfrontend (
    id character varying(16) NOT NULL,
    url character varying(200) NOT NULL,
    root_directory character varying(100) NOT NULL,
    image_url character varying(200) NOT NULL,
    created_at timestamp with time zone NOT NULL,
    updated_at timestamp with time zone NOT NULL,
    stack_id character varying(16) NOT NULL
);


ALTER TABLE public.stacks_stackfrontend OWNER TO postgres;

--
-- Name: heartbeat_table; Type: TABLE; Schema: tembo; Owner: postgres
--

CREATE TABLE tembo.heartbeat_table (
    latest_heartbeat timestamp without time zone NOT NULL
);


ALTER TABLE tembo.heartbeat_table OWNER TO postgres;

--
-- Data for Name: accounts_organization; Type: TABLE DATA; Schema: public; Owner: postgres
--

COPY public.accounts_organization (id, name, created_at, updated_at, stripe_customer_id, email) FROM stdin;
1	kalebwbishop2's Organization	2025-04-03 00:51:57.958506+00	2025-04-03 00:51:57.958506+00		noemail@example.com
d2829f7c96294e88	KBish's Organization	2025-04-11 19:57:42.687285+00	2025-04-11 19:57:42.687296+00		noemail@example.com
c38c8cd626c24aa4	KBish2's Organization	2025-04-11 20:07:40.61487+00	2025-04-11 20:07:40.61488+00		noemail@example.com
047c3760550d4719		2025-04-11 20:07:40.998057+00	2025-04-11 20:07:40.998083+00		noemail@example.com
6c6d101ea0fa4f93	KBish3's Organization	2025-04-11 20:13:12.934136+00	2025-04-11 20:13:12.934145+00		
a61dbac5807e4ec7		2025-04-11 20:13:13.220858+00	2025-04-11 20:13:13.220885+00		
0aea1d846f3843f9	KBish4's Organization	2025-04-11 20:13:31.504084+00	2025-04-11 20:13:31.504092+00		
0cab85a550814f33		2025-04-11 20:13:31.702328+00	2025-04-11 20:13:31.702339+00		
9cb52e6a71534b29	My Org	2025-04-11 20:13:32.196582+00	2025-04-11 20:13:32.196628+00	cus_S721bvpitvSedp	kalebwbishop@gmail.com
6a9ac7a269ba4f89	KBish5's Organization	2025-04-11 20:14:02.129961+00	2025-04-11 20:14:02.129972+00		
0e2dedab5e354c3f		2025-04-11 20:14:02.347152+00	2025-04-11 20:14:02.347176+00		
7a55b5f8c49c4d1f	My Org	2025-04-11 20:14:03.214002+00	2025-04-11 20:14:03.214044+00	cus_S7219aXlo0Uaf4	kalebwbishop@gmail.com
93630a5b954a4a82	KBish6's Organization	2025-04-11 20:14:30.523909+00	2025-04-11 20:14:30.523921+00		
8606c40e875e4c32		2025-04-11 20:14:30.785841+00	2025-04-11 20:14:30.785865+00		
d99ed2469e35487e	My Org	2025-04-11 20:14:31.243686+00	2025-04-11 20:14:31.243712+00	cus_S722fNHndBiye6	kalebwbishop@gmail.com
e751772d2f824768	KBish7's Organization	2025-04-11 20:21:24.625797+00	2025-04-11 20:21:24.625809+00		
2e8e4fa4ea714f4d		2025-04-11 20:21:24.827181+00	2025-04-11 20:21:24.82722+00		
dd425bac8cbc401a	Org 2	2025-04-11 20:21:25.307355+00	2025-04-11 20:21:25.30737+00	cus_S7292nCbl80TZv	kalebwbishop@gmail.com
39a4234053aa4c39	KBish8's Organization	2025-04-11 20:32:20.097776+00	2025-04-11 20:32:20.097788+00		
5df9252a9a5346a0		2025-04-11 20:32:20.270796+00	2025-04-11 20:32:20.270816+00		
74b920a353f64556	KBish9's Organization	2025-04-11 20:34:35.800323+00	2025-04-11 20:34:35.800332+00		
c3f83d00055a45ac		2025-04-11 20:34:36.029178+00	2025-04-11 20:34:36.0292+00		
32ebf0d4a72b419f	My Org	2025-04-11 20:34:36.118669+00	2025-04-11 20:34:36.118692+00	<JsonResponse status_code=400, "application/json">	kalebwbishop+8@gmail.com
1255c0c6125f4cc0	KBish10's Organization	2025-04-11 20:36:31.429395+00	2025-04-11 20:36:31.429405+00		
2cb9332b477949f6	My Org	2025-04-11 20:36:31.669295+00	2025-04-11 20:36:31.669341+00	<JsonResponse status_code=400, "application/json">	kalebwbishop+8@gmail.com
\.


--
-- Data for Name: accounts_project; Type: TABLE DATA; Schema: public; Owner: postgres
--

COPY public.accounts_project (id, name, description, created_at, updated_at, organization_id) FROM stdin;
1	test name update	Welcome to your first project!	2025-04-03 00:51:58.02391+00	2025-04-08 06:27:03.891337+00	1
60891682f02f4d80	My First Project	Welcome to your first project!	2025-04-11 19:57:42.768413+00	2025-04-11 19:57:42.768421+00	d2829f7c96294e88
a39b52b7b07b4203	My First Project	Welcome to your first project!	2025-04-11 20:07:40.789322+00	2025-04-11 20:07:40.789344+00	c38c8cd626c24aa4
5b4320303c914fdf	My First Project	Welcome to your first project!	2025-04-11 20:13:13.091812+00	2025-04-11 20:13:13.091849+00	6c6d101ea0fa4f93
a2fe282701604efc	My First Project	Welcome to your first project!	2025-04-11 20:13:31.58674+00	2025-04-11 20:13:31.586747+00	0aea1d846f3843f9
215083605bb14bc8	My First Project	Welcome to your first project!	2025-04-11 20:14:02.213207+00	2025-04-11 20:14:02.213216+00	6a9ac7a269ba4f89
61ba572006294369	My First Project	Welcome to your first project!	2025-04-11 20:14:30.677593+00	2025-04-11 20:14:30.67762+00	93630a5b954a4a82
04602aa8f939499d	My First Project	Welcome to your first project!	2025-04-11 20:21:24.7028+00	2025-04-11 20:21:24.70281+00	e751772d2f824768
a0f2660ba4204038	My First Project	Welcome to your first project!	2025-04-11 20:32:20.164848+00	2025-04-11 20:32:20.164866+00	39a4234053aa4c39
db2f79dc276f498a	My First Project	Welcome to your first project!	2025-04-11 20:34:35.886663+00	2025-04-11 20:34:35.886679+00	74b920a353f64556
ebbf9971da494c2f	My First Project	Welcome to your first project!	2025-04-11 20:36:31.522776+00	2025-04-11 20:36:31.522785+00	1255c0c6125f4cc0
\.


--
-- Data for Name: accounts_project_stacks; Type: TABLE DATA; Schema: public; Owner: postgres
--

COPY public.accounts_project_stacks (id, project_id, stack_id) FROM stdin;
\.


--
-- Data for Name: accounts_projectmember; Type: TABLE DATA; Schema: public; Owner: postgres
--

COPY public.accounts_projectmember (id, role, joined_at, project_id, user_id) FROM stdin;
1	admin	2025-04-03 00:51:58.056791+00	1	8
f5b38c2823664cf8	admin	2025-04-11 19:57:42.807974+00	60891682f02f4d80	15
a7bb5dcd548445b9	admin	2025-04-11 20:07:40.834+00	a39b52b7b07b4203	16
6907b1c15c8f4f7e	admin	2025-04-11 20:13:13.13153+00	5b4320303c914fdf	17
c10fff54acef4746	admin	2025-04-11 20:13:31.628159+00	a2fe282701604efc	18
eaa96e5011ab43e6	admin	2025-04-11 20:14:02.25877+00	215083605bb14bc8	19
0bab75dfb2b643aa	admin	2025-04-11 20:14:30.711576+00	61ba572006294369	20
d7da8c46aecd4c78	admin	2025-04-11 20:21:24.744238+00	04602aa8f939499d	21
9663bab9a4234bfe	admin	2025-04-11 20:32:20.199435+00	a0f2660ba4204038	22
2c3fdb0dd4be434f	admin	2025-04-11 20:34:35.930747+00	db2f79dc276f498a	23
d28e4b8652b64ce3	admin	2025-04-11 20:36:31.570387+00	ebbf9971da494c2f	24
\.


--
-- Data for Name: accounts_userprofile; Type: TABLE DATA; Schema: public; Owner: postgres
--

COPY public.accounts_userprofile (id, birthdate, user_id, email_verification_token, new_email) FROM stdin;
1	2003-05-19	8	\N	\N
2	2000-11-27	9	\N	\N
3	2002-09-21	10	\N	\N
5	2000-11-27	12	\N	\N
4	2005-11-28	11	\N	\N
6	2005-03-04	13	\N	\N
7	2003-05-19	14	\N	\N
c586e4fd2526416a	2003-05-19	16	\N	\N
8ad3d1d209a54f58	2003-05-19	18	\N	\N
e7712832b64447ab	2003-05-19	19	\N	\N
f6a2f7b80f1e45c6	2003-05-19	20	\N	\N
d1c9ad9c1b1842bc	2003-05-19	21	\N	\N
b0f590afb67243dc	2003-05-19	23	\N	\N
5c222696460b4e32	2003-05-19	24	\N	\N
c714c586cba84ab4	2000-11-27	25	\N	\N
dbee08a2d17647f2	2005-03-04	26	\N	\N
cc5bcd0d704c431f	2005-03-04	27	\N	\N
266c9d41c5e14407	2003-05-19	33	\N	\N
c784b9c786bb46cb	2014-01-01	34	\N	\N
f02aa4b2855a49f7	2025-01-01	35	\N	\N
f5298965b1a944e3	2008-01-01	36	\N	\N
aba1fc656fce4a43	2025-01-01	37	\N	\N
af4b1bc59148448a	2025-01-01	38	\N	\N
\.


--
-- Data for Name: api_availablestack; Type: TABLE DATA; Schema: public; Owner: postgres
--

COPY public.api_availablestack (id, type, variant, version, price_id, created_at, updated_at) FROM stdin;
da5898ecf1ff42f8	MERN	FREE	0.0.1	price_1R4phhC8awKXIVJanGZgNDu1	2025-04-02 22:44:45+00	2025-04-02 22:44:45+00
\.


--
-- Data for Name: api_stack; Type: TABLE DATA; Schema: public; Owner: postgres
--

COPY public.api_stack (id, name, created_at, updated_at, project_id, purchased_stack_id, instance_usage, instance_usage_bill_amount) FROM stdin;
\.


--
-- Data for Name: api_stackbackend; Type: TABLE DATA; Schema: public; Owner: postgres
--

COPY public.api_stackbackend (id, url, image_url, created_at, updated_at, stack_id) FROM stdin;
\.


--
-- Data for Name: api_stackdatabase; Type: TABLE DATA; Schema: public; Owner: postgres
--

COPY public.api_stackdatabase (id, uri, created_at, updated_at, current_usage, pending_billed, stack_id) FROM stdin;
\.


--
-- Data for Name: api_stackfrontend; Type: TABLE DATA; Schema: public; Owner: postgres
--

COPY public.api_stackfrontend (id, url, image_url, created_at, updated_at, stack_id) FROM stdin;
\.


--
-- Data for Name: auth_group; Type: TABLE DATA; Schema: public; Owner: postgres
--

COPY public.auth_group (id, name) FROM stdin;
\.


--
-- Data for Name: auth_group_permissions; Type: TABLE DATA; Schema: public; Owner: postgres
--

COPY public.auth_group_permissions (id, group_id, permission_id) FROM stdin;
\.


--
-- Data for Name: auth_permission; Type: TABLE DATA; Schema: public; Owner: postgres
--

COPY public.auth_permission (id, name, content_type_id, codename) FROM stdin;
1	Can add log entry	1	add_logentry
2	Can change log entry	1	change_logentry
3	Can delete log entry	1	delete_logentry
4	Can view log entry	1	view_logentry
5	Can add permission	2	add_permission
6	Can change permission	2	change_permission
7	Can delete permission	2	delete_permission
8	Can view permission	2	view_permission
9	Can add group	3	add_group
10	Can change group	3	change_group
11	Can delete group	3	delete_group
12	Can view group	3	view_group
13	Can add user	4	add_user
14	Can change user	4	change_user
15	Can delete user	4	delete_user
16	Can view user	4	view_user
17	Can add content type	5	add_contenttype
18	Can change content type	5	change_contenttype
19	Can delete content type	5	delete_contenttype
20	Can view content type	5	view_contenttype
21	Can add session	6	add_session
22	Can change session	6	change_session
23	Can delete session	6	delete_session
24	Can view session	6	view_session
25	Can add user profile	7	add_userprofile
26	Can change user profile	7	change_userprofile
27	Can delete user profile	7	delete_userprofile
28	Can view user profile	7	view_userprofile
29	Can add application	8	add_application
30	Can change application	8	change_application
31	Can delete application	8	delete_application
32	Can view application	8	view_application
33	Can add access token	9	add_accesstoken
34	Can change access token	9	change_accesstoken
35	Can delete access token	9	delete_accesstoken
36	Can view access token	9	view_accesstoken
37	Can add grant	10	add_grant
38	Can change grant	10	change_grant
39	Can delete grant	10	delete_grant
40	Can view grant	10	view_grant
41	Can add refresh token	11	add_refreshtoken
42	Can change refresh token	11	change_refreshtoken
43	Can delete refresh token	11	delete_refreshtoken
44	Can view refresh token	11	view_refreshtoken
45	Can add id token	12	add_idtoken
46	Can change id token	12	change_idtoken
47	Can delete id token	12	delete_idtoken
48	Can view id token	12	view_idtoken
49	Can add stacks	13	add_stacks
50	Can change stacks	13	change_stacks
51	Can delete stacks	13	delete_stacks
52	Can view stacks	13	view_stacks
53	Can add deployments	14	add_deployments
54	Can change deployments	14	change_deployments
55	Can delete deployments	14	delete_deployments
56	Can view deployments	14	view_deployments
57	Can add deployment backend	15	add_deploymentbackend
58	Can change deployment backend	15	change_deploymentbackend
59	Can delete deployment backend	15	delete_deploymentbackend
60	Can view deployment backend	15	view_deploymentbackend
61	Can add deployment database	16	add_deploymentdatabase
62	Can change deployment database	16	change_deploymentdatabase
63	Can delete deployment database	16	delete_deploymentdatabase
64	Can view deployment database	16	view_deploymentdatabase
65	Can add deployment frontend	17	add_deploymentfrontend
66	Can change deployment frontend	17	change_deploymentfrontend
67	Can delete deployment frontend	17	delete_deploymentfrontend
68	Can view deployment frontend	17	view_deploymentfrontend
69	Can add deployments	18	add_deployments
70	Can change deployments	18	change_deployments
71	Can delete deployments	18	delete_deployments
72	Can view deployments	18	view_deployments
73	Can add deployment frontend	19	add_deploymentfrontend
74	Can change deployment frontend	19	change_deploymentfrontend
75	Can delete deployment frontend	19	delete_deploymentfrontend
76	Can view deployment frontend	19	view_deploymentfrontend
77	Can add deployment database	20	add_deploymentdatabase
78	Can change deployment database	20	change_deploymentdatabase
79	Can delete deployment database	20	delete_deploymentdatabase
80	Can view deployment database	20	view_deploymentdatabase
81	Can add deployment backend	21	add_deploymentbackend
82	Can change deployment backend	21	change_deploymentbackend
83	Can delete deployment backend	21	delete_deploymentbackend
84	Can view deployment backend	21	view_deploymentbackend
85	Can add stacks	22	add_stacks
86	Can change stacks	22	change_stacks
87	Can delete stacks	22	delete_stacks
88	Can view stacks	22	view_stacks
89	Can add user profile	23	add_userprofile
90	Can change user profile	23	change_userprofile
91	Can delete user profile	23	delete_userprofile
92	Can view user profile	23	view_userprofile
93	Can add available stacks	24	add_availablestacks
94	Can change available stacks	24	change_availablestacks
95	Can delete available stacks	24	delete_availablestacks
96	Can view available stacks	24	view_availablestacks
97	Can add stack backends	19	add_stackbackends
98	Can change stack backends	19	change_stackbackends
99	Can delete stack backends	19	delete_stackbackends
100	Can view stack backends	19	view_stackbackends
101	Can add stack databases	20	add_stackdatabases
102	Can change stack databases	20	change_stackdatabases
103	Can delete stack databases	20	delete_stackdatabases
104	Can view stack databases	20	view_stackdatabases
105	Can add stack frontends	21	add_stackfrontends
106	Can change stack frontends	21	change_stackfrontends
107	Can delete stack frontends	21	delete_stackfrontends
108	Can view stack frontends	21	view_stackfrontends
109	Can add git hub webhook	25	add_githubwebhook
110	Can change git hub webhook	25	change_githubwebhook
111	Can delete git hub webhook	25	delete_githubwebhook
112	Can view git hub webhook	25	view_githubwebhook
113	Can add git hub webhook event	26	add_githubwebhookevent
114	Can change git hub webhook event	26	change_githubwebhookevent
115	Can delete git hub webhook event	26	delete_githubwebhookevent
116	Can view git hub webhook event	26	view_githubwebhookevent
117	Can add git hub token	27	add_githubtoken
118	Can change git hub token	27	change_githubtoken
119	Can delete git hub token	27	delete_githubtoken
120	Can view git hub token	27	view_githubtoken
121	Can add tokens	27	add_tokens
122	Can change tokens	27	change_tokens
123	Can delete tokens	27	delete_tokens
124	Can view tokens	27	view_tokens
125	Can add webhook events	26	add_webhookevents
126	Can change webhook events	26	change_webhookevents
127	Can delete webhook events	26	delete_webhookevents
128	Can view webhook events	26	view_webhookevents
129	Can add webhooks	28	add_webhooks
130	Can change webhooks	28	change_webhooks
131	Can delete webhooks	28	delete_webhooks
132	Can view webhooks	28	view_webhooks
133	Can add organization	29	add_organization
134	Can change organization	29	change_organization
135	Can delete organization	29	delete_organization
136	Can view organization	29	view_organization
137	Can add organization member	30	add_organizationmember
138	Can change organization member	30	change_organizationmember
139	Can delete organization member	30	delete_organizationmember
140	Can view organization member	30	view_organizationmember
141	Can add project	31	add_project
142	Can change project	31	change_project
143	Can delete project	31	delete_project
144	Can view project	31	view_project
145	Can add project member	32	add_projectmember
146	Can change project member	32	change_projectmember
147	Can delete project member	32	delete_projectmember
148	Can view project member	32	view_projectmember
149	Can add stack frontend	33	add_stackfrontend
150	Can change stack frontend	33	change_stackfrontend
151	Can delete stack frontend	33	delete_stackfrontend
152	Can view stack frontend	33	view_stackfrontend
153	Can add available stack	34	add_availablestack
154	Can change available stack	34	change_availablestack
155	Can delete available stack	34	delete_availablestack
156	Can view available stack	34	view_availablestack
157	Can add stack	35	add_stack
158	Can change stack	35	change_stack
159	Can delete stack	35	delete_stack
160	Can view stack	35	view_stack
161	Can add stack backend	36	add_stackbackend
162	Can change stack backend	36	change_stackbackend
163	Can delete stack backend	36	delete_stackbackend
164	Can view stack backend	36	view_stackbackend
165	Can add stack database	37	add_stackdatabase
166	Can change stack database	37	change_stackdatabase
167	Can delete stack database	37	delete_stackdatabase
168	Can view stack database	37	view_stackdatabase
169	Can add webhook event	38	add_webhookevent
170	Can change webhook event	38	change_webhookevent
171	Can delete webhook event	38	delete_webhookevent
172	Can view webhook event	38	view_webhookevent
173	Can add token	39	add_token
174	Can change token	39	change_token
175	Can delete token	39	delete_token
176	Can view token	39	view_token
177	Can add webhook	40	add_webhook
178	Can change webhook	40	change_webhook
179	Can delete webhook	40	delete_webhook
180	Can view webhook	40	view_webhook
181	Can add prices	41	add_prices
182	Can change prices	41	change_prices
183	Can delete prices	41	delete_prices
184	Can view prices	41	view_prices
185	Can add purchasable stack	42	add_purchasablestack
186	Can change purchasable stack	42	change_purchasablestack
187	Can delete purchasable stack	42	delete_purchasablestack
188	Can view purchasable stack	42	view_purchasablestack
189	Can add stack	43	add_stack
190	Can change stack	43	change_stack
191	Can delete stack	43	delete_stack
192	Can view stack	43	view_stack
193	Can add stack frontend	44	add_stackfrontend
194	Can change stack frontend	44	change_stackfrontend
195	Can delete stack frontend	44	delete_stackfrontend
196	Can view stack frontend	44	view_stackfrontend
197	Can add stack backend	45	add_stackbackend
198	Can change stack backend	45	change_stackbackend
199	Can delete stack backend	45	delete_stackbackend
200	Can view stack backend	45	view_stackbackend
201	Can add stack database	46	add_stackdatabase
202	Can change stack database	46	change_stackdatabase
203	Can delete stack database	46	delete_stackdatabase
204	Can view stack database	46	view_stackdatabase
205	Can add project	47	add_project
206	Can change project	47	change_project
207	Can delete project	47	delete_project
208	Can view project	47	view_project
209	Can add project member	48	add_projectmember
210	Can change project member	48	change_projectmember
211	Can delete project member	48	delete_projectmember
212	Can view project member	48	view_projectmember
213	Can add organization	49	add_organization
214	Can change organization	49	change_organization
215	Can delete organization	49	delete_organization
216	Can view organization	49	view_organization
217	Can add organization member	50	add_organizationmember
218	Can change organization member	50	change_organizationmember
219	Can delete organization member	50	delete_organizationmember
220	Can view organization member	50	view_organizationmember
221	Can add user	51	add_authuser
222	Can change user	51	change_authuser
223	Can delete user	51	delete_authuser
224	Can view user	51	view_authuser
225	Can add pending invites	52	add_pendinginvites
226	Can change pending invites	52	change_pendinginvites
227	Can delete pending invites	52	delete_pendinginvites
228	Can view pending invites	52	view_pendinginvites
\.


--
-- Data for Name: auth_user; Type: TABLE DATA; Schema: public; Owner: postgres
--

COPY public.auth_user (id, password, last_login, is_superuser, username, first_name, last_name, email, is_staff, is_active, date_joined) FROM stdin;
34	pbkdf2_sha256$870000$LdwiRP1NrxMGYTQ3fCQjYz$wIycCwq3zONYsFvruqLDj7jv6NSycq0kGnDT0jD0Nhg=	\N	f	dummyname	dummy	name	wernkejd@mail.uc.edu	f	t	2025-04-23 20:51:03.29321+00
11	pbkdf2_sha256$870000$b4Eeysfrnv0B862LGMCkK6$+0mwjlyX/9YrBasYeXBBe1w5zOtfjKBKsLnG+8J+cjo=	2025-04-24 00:49:28.460558+00	f	wernke_dunigan	Dunigan	Wernke	wernkejd@mail.uc.edu	f	t	2025-03-18 03:17:35.761503+00
25	pbkdf2_sha256$870000$IeEeHByMUOzcTUfMcMkLGp$gM88kvOtJcyP8YabTdA6vfRDQxsD3zJlJXh1PgVFiL0=	2025-04-15 14:59:30.085682+00	f	ggggg	jacob	ffffff	ggggg@ggggg.ggg	f	t	2025-04-15 14:59:22.728725+00
26	pbkdf2_sha256$870000$Ba27dvEKrc7IqOQ4r9yvi5$r4rgtTkDHgcA+DyPAii48iY3zAYkQ8daDtU8IiD+lTY=	\N	f	1111111111111	!!!!!!!!!!!!!!	!!!!!!!!!!!!!!!!!!!!	!!!!!!!!!!!!!!!!@gmail.com	f	t	2025-04-15 15:19:11.723327+00
27	pbkdf2_sha256$870000$7AJ1pXVQG00Z5LNKzwYyxi$T638hxlOC05zFNe8O9XOlFLKbDWOYhtsjHC0HcPHhlk=	\N	f	---------------	---------------	-------------------	------------@gmail.com	f	t	2025-04-15 15:25:32.938896+00
35	pbkdf2_sha256$870000$YeCo0SngLZ9YHepmQws7a0$Igk3H3bJlbJ+n0+e6KmAALHx11On6gVAh4Ecj5mp8wc=	2025-04-23 21:35:01.306668+00	f	Jacob.wernke@yahoo.com	Jacob	jacob	Jacob.wernke@yahoo.com	f	t	2025-04-23 21:32:17.699496+00
15	pbkdf2_sha256$870000$oA25S1gxYZVJr0xxFeSWSj$7tkd36cEoDQZqgeFOuZJIHXSBMGtV55lSG5+f7p03fY=	\N	f	KBish	Kaleb	Bishop	kalebwbishop+4@gmail.com	f	t	2025-04-11 19:57:42.297509+00
16	pbkdf2_sha256$870000$IPUKkGszRs02cKTfWDOAjJ$mU1YVf2v4CoRqDLUP7dyY0dnNKL7fseYdkIueOd/Pb0=	\N	f	KBish2	Kaleb	Bishop	kalebwbishop+4@gmail.com	f	t	2025-04-11 20:07:40.227448+00
17	pbkdf2_sha256$870000$IBtU0giGKrWWsUcFpR1k1z$IlDD/xccz50JQq+qZWvntBbHTAH3tDMZwyFQp26iERg=	\N	f	KBish3	Kaleb	Bishop	kalebwbishop+4@gmail.com	f	t	2025-04-11 20:13:12.453827+00
18	pbkdf2_sha256$870000$qbI04xm1Px8MsU8hbQsNzm$ac69kCw4SRy6YxPKYEeOvmu+Hg/e6EUVJ4B7o6bc2hQ=	\N	f	KBish4	Kaleb	Bishop	kalebwbishop+4@gmail.com	f	t	2025-04-11 20:13:30.712654+00
13	pbkdf2_sha256$870000$hv8VEo8EocBlAnA6LkIZGx$x5b0GIfwITitm2JTAzYDHhT93+ArIh6qSHVo+XqfOdg=	\N	f	new_user	new	user	new@gmail.com	f	t	2025-04-01 01:13:11.961393+00
10	pbkdf2_sha256$870000$rB1kcIau1Ud8WbjlSFnl4I$avm5VjGMDAf1ncQKsDDwuqbrH5spg/TQYwkp3K0+lQ8=	2025-04-02 21:11:26.420412+00	f	hamza	Hamza	Khairy	khairyha@mail.uc.edu	f	t	2025-03-12 20:40:26.535011+00
5	pbkdf2_sha256$870000$kItJut1912zgDionNbfrk6$fCkYhT9H500HTK+/mpdQBPoKG9rOXy+DGU8bwHiZqJM=	2025-03-16 15:51:07.085909+00	f	kalebwbishop@gmail.com				f	t	2025-02-27 00:28:20.141982+00
19	pbkdf2_sha256$870000$0u2zuCMEk5Xsg01cwX6mvF$NAQY+WiV8wvPjtDKiqi76LEgtGTosKtDIG/ZPces5Eg=	\N	f	KBish5	Kaleb	Bishop	kalebwbishop+4@gmail.com	f	t	2025-04-11 20:14:01.716983+00
20	pbkdf2_sha256$870000$SwCjre1K69LrSZNOS7LDSW$CEoZYuUvQntoUIqMMYNosioAtyiIcOcYES36Jal5jwk=	2025-04-11 20:14:43.362926+00	f	KBish6	Kaleb	Bishop	kalebwbishop+4@gmail.com	f	t	2025-04-11 20:14:30.050552+00
9	pbkdf2_sha256$870000$mYBUsVLybKHvIcDkrIurm2$NGPhenNP5mMX46sUPlMLZy2qVwIMSiEWj/fSlMvfTok=	2025-03-18 03:15:00.015572+00	t	Jacob	Jacob	Wernke	Wernke.Jacob@gmail.com	t	t	2025-03-11 23:22:42.191025+00
21	pbkdf2_sha256$870000$PikBMSKmSXL6EfFrELLRVi$3d1viRzgI9S77vLAKNp2aL82npUt1pbyIxw5zlANvpk=	2025-04-11 20:21:33.698116+00	f	KBish7	Kaleb	Bishop	kalebwbishop+2@gmail.com	f	t	2025-04-11 20:21:24.206609+00
22	pbkdf2_sha256$870000$nCQ5fYh5VMGCmJPMLaeJKT$wbF/bsYPe5K6+dDI3jzwlwbe7gqQc+DEX5kbW4P2RMc=	\N	f	KBish8	Kaleb	Bishop	kalebwbishop+2@gmail.com	f	t	2025-04-11 20:32:19.719851+00
23	pbkdf2_sha256$870000$U7uYhXHpbiV9FV2TkaM1AC$UW3Uez9xXeEJMc7+kTcaPg2f5EP+e5/EPOwS/Q4Cphw=	\N	f	KBish9	Kaleb	Bishop	kalebwbishop+2@gmail.com	f	t	2025-04-11 20:34:35.410234+00
24	pbkdf2_sha256$870000$B4W17VMwI0aEb5GKp09ucH$Aw7lq3AixofQosRUaD8rWAQnKN/ys3MettjneWZ1yCA=	\N	f	KBish10	Kaleb	Bishop	kalebwbishop+2@gmail.com	f	t	2025-04-11 20:36:31.055831+00
6	pbkdf2_sha256$870000$VkDCb5w2OJvZl5NryIKH0T$ARQzhwfM5cSLToisOKbwjBsw/HCoobUX3bJA1RCE6YA=	2025-03-18 04:34:37.749522+00	f	test8@gmail.com				f	t	2025-02-28 02:09:04.091721+00
14	pbkdf2_sha256$870000$1tYE24BdDebRdFQcncgLOc$ln32dz3a6QixBybFsl/phTDSwOyZvKCbjZO7+6IxAqo=	2025-04-03 03:15:16.152438+00	f	kalebwbishop2	Kaleb	Bishop2	kalebwbishop+2@gmail.com	f	t	2025-04-03 00:51:57.411952+00
28	pbkdf2_sha256$870000$1ubabwHfg9WToIa0iGWVRt$V6XO5HvCf7eig7iJsOubFG/ThFlkhtljbr5BM8JOuSE=	\N	f	kalebwbishop8	k	b	kalebwbishop+8@gmail.com	f	t	2025-04-23 01:12:08.995105+00
12	pbkdf2_sha256$870000$72SDXiX0PaxznDTTcCtwg0$Bg28Ce9G1RKxt8LlId91DXVvCUogSq+81Ai+WRf7Zwk=	2025-04-23 15:37:33.079162+00	f	Remember	Jacob	Wernke	test@yahoo.com	f	t	2025-03-24 21:58:01.08107+00
29	pbkdf2_sha256$870000$SfxkcgQSExg5WqaUoL32vA$e3BsIx9LJIDwMJq6rl+BRuhFvXjHX2FsjPYLDlL5rBE=	2025-04-23 15:38:09.286102+00	f	testing_accounts	coob	Wernke	yayayyayayay@gmail.com	f	t	2025-04-23 15:36:29.272635+00
30	pbkdf2_sha256$870000$Pa7iz1BmQtThWux5A7sjFM$7BiCPEXcYE4u9vZ43F4pGr2m7MwjidWD/a+dVVJX96I=	\N	f	kbish11	Kaleb	Bishop	kalebwbishop+9@gmail.com	f	t	2025-04-23 15:59:05.91767+00
31	pbkdf2_sha256$870000$j7sOwwY7Uqm6HfTagzxw14$GoUKpQlsOr2VQRB7g06TZ521gVA0XMF3SJ6WdvKfBVA=	\N	f	kbish12	Kaleb	Bishop	kalebwbishop+9@gmail.com	f	t	2025-04-23 15:59:28.175986+00
32	pbkdf2_sha256$870000$im9cSxIi4Fw8cuJzrvlSzP$mJ5B2ogXd3PWeN4jM2iBrR8LO/jXPiti26pBQhp+2bE=	\N	f	kbish13	Kaleb	Bishop	kalebwbishop+9@gmail.com	f	t	2025-04-23 16:00:09.361798+00
33	pbkdf2_sha256$870000$tdGsLda50liFdyJ6GtlTTl$v1JqxkXtq5i4C4zANsEIIly3NGS8BigbLx7QjPL5/Oc=	2025-04-23 16:14:42.910494+00	f	kbish14	Kaleb	Bishop	kalebwbishop+9@gmail.com	f	t	2025-04-23 16:14:11.33325+00
36	pbkdf2_sha256$870000$1L5sbOhGjtV6daAoy9OOdv$madhVf4SMqMYQ2ynzODPWrkWTHPZavP9k8lsqSGLai0=	2025-04-23 21:47:20.889987+00	f	nanannaan	asdfl	Wernkeasdfasdf	Kalebwbishop@gmail.com	f	t	2025-04-23 21:47:14.809231+00
37	pbkdf2_sha256$870000$w6OaRIXJ44GNYimNBR2ikJ$g2n5Dy+NbD8ns+XUKQs05SbJB22c6oTvs0QLbO9tkgw=	2025-04-23 22:11:37.510841+00	f	asdfsafsdfsafd	asdfasfdsadf	adfasfdasdfsadf	Wernkejd@mail.uc.edu	f	t	2025-04-23 22:11:33.110924+00
38	pbkdf2_sha256$870000$jTdrqd88AbXGNKKgmo8OPJ$reqJ8a2nLchiiTzg4xgJVXKpN+ymUklKwIXoPRoM5Ts=	2025-04-23 22:15:10.548873+00	f	adasdfsdfsafsdffff	asdfasdffffefsadasf	efaefesdfef	Wernkejd@mail.uc.edu	f	t	2025-04-23 22:15:06.017334+00
8	pbkdf2_sha256$870000$3ClgjsZYeuSinZBmWYo6r1$C1/igh5uMnia7xA2hy0Ui/lJghUUE2ctbY0+mIF0mC0=	2025-05-02 01:59:56.599791+00	t	kalebwbishop	Kaleb	Bishop	Kalebwbishop@gmail.com	t	t	2025-03-11 17:09:46.481743+00
\.


--
-- Data for Name: auth_user_groups; Type: TABLE DATA; Schema: public; Owner: postgres
--

COPY public.auth_user_groups (id, user_id, group_id) FROM stdin;
\.


--
-- Data for Name: auth_user_user_permissions; Type: TABLE DATA; Schema: public; Owner: postgres
--

COPY public.auth_user_user_permissions (id, user_id, permission_id) FROM stdin;
\.


--
-- Data for Name: django_admin_log; Type: TABLE DATA; Schema: public; Owner: postgres
--

COPY public.django_admin_log (id, action_time, object_id, object_repr, action_flag, change_message, content_type_id, user_id) FROM stdin;
1	2025-03-11 17:14:32.489521+00	1	Frontend Login	2	[{"changed": {"fields": ["User", "Redirect uris", "Name", "Skip authorization"]}}]	8	8
2	2025-03-11 20:17:44.7081+00	2	QQZwAMHo6G7kJPzI9A4OJxtIkhR5gc8rsEF9Vsgk	1	[{"added": {}}]	8	8
3	2025-03-11 20:17:56.273968+00	2	CLI Login	2	[{"changed": {"fields": ["Name"]}}]	8	8
4	2025-03-11 23:57:28.239117+00	1	Frontend Login	2	[{"changed": {"fields": ["Redirect uris"]}}]	8	8
5	2025-03-11 23:57:35.379057+00	2	CLI Login	2	[]	8	8
6	2025-03-12 00:49:04.031421+00	1	Frontend Login	2	[{"changed": {"fields": ["Redirect uris"]}}]	8	8
7	2025-03-12 00:50:04.280979+00	1	Frontend Login	2	[{"changed": {"fields": ["Redirect uris"]}}]	8	8
8	2025-03-12 00:50:44.59759+00	1	Frontend Login	2	[{"changed": {"fields": ["Redirect uris"]}}]	8	8
9	2025-03-20 20:05:23.484632+00	1	Frontend Login	2	[{"changed": {"fields": ["Redirect uris"]}}]	8	8
10	2025-03-27 01:37:32.365823+00	1	Frontend Login	2	[{"changed": {"fields": ["Redirect uris"]}}]	8	8
11	2025-03-29 06:56:42.599291+00	2	CLI Login	2	[{"changed": {"fields": ["Redirect uris"]}}]	8	8
12	2025-03-29 07:06:53.386692+00	2	CLI Login	2	[{"changed": {"fields": ["Redirect uris"]}}]	8	8
13	2025-03-29 07:14:53.909756+00	2	CLI Login	2	[{"changed": {"fields": ["Client secret"]}}]	8	8
14	2025-03-29 08:06:12.237541+00	3	0JQVLzPdjnL8TaTAWQQUCk68wqXU8jg1zICrUW1q	1	[{"added": {}}]	8	8
15	2025-03-29 08:09:30.565468+00	1	Frontend Login	2	[{"changed": {"fields": ["Client secret"]}}]	8	8
16	2025-03-29 08:18:25.106504+00	1	Frontend Login	2	[{"changed": {"fields": ["Client secret"]}}]	8	8
17	2025-03-29 08:18:57.511914+00	1	Frontend Login	2	[{"changed": {"fields": ["Redirect uris"]}}]	8	8
18	2025-03-29 08:19:20.471056+00	3	Client Credentials	2	[{"changed": {"fields": ["Name"]}}]	8	8
19	2025-03-30 04:39:27.435508+00	1	Frontend Login	2	[{"changed": {"fields": ["Redirect uris"]}}]	8	8
20	2025-03-30 04:40:43.852755+00	1	Frontend Login	2	[{"changed": {"fields": ["Redirect uris"]}}]	8	8
21	2025-03-30 06:12:27.608457+00	4	Password	1	[{"added": {}}]	8	8
22	2025-03-30 07:02:34.846593+00	1	Frontend Login	3		8	8
23	2025-04-22 22:39:03.070599+00	5	1tpsI1ZsuabNk4OoP6O7nHVqz0hoNkJY4rb9tvah	1	[{"added": {}}]	8	8
24	2025-04-22 22:39:14.603813+00	5	1tpsI1ZsuabNk4OoP6O7nHVqz0hoNkJY4rb9tvah	3		8	8
25	2025-04-22 23:52:11.408566+00	6	352u7kadfAjQwLvdEDVoHi6BL13L6Tr73N9Y3Rec	1	[{"added": {}}]	8	8
26	2025-04-22 23:52:20.771276+00	6	352u7kadfAjQwLvdEDVoHi6BL13L6Tr73N9Y3Rec	3		8	8
27	2025-04-23 21:54:21.421935+00	ce09e2edbcab4b02	Django	1	[{"added": {}}]	42	8
28	2025-04-24 00:59:14.96359+00	da5898ecf1ff42f8	MERN	2	[{"changed": {"fields": ["Description"]}}]	42	8
29	2025-04-24 01:00:08.221902+00	ce09e2edbcab4b02	Django	2	[{"changed": {"fields": ["Name"]}}]	42	8
30	2025-04-24 01:00:51.337349+00	da5898ecf1ff42f8	MERN	2	[{"changed": {"fields": ["Description", "Name"]}}]	42	8
\.


--
-- Data for Name: django_content_type; Type: TABLE DATA; Schema: public; Owner: postgres
--

COPY public.django_content_type (id, app_label, model) FROM stdin;
1	admin	logentry
2	auth	permission
3	auth	group
4	auth	user
5	contenttypes	contenttype
6	sessions	session
7	main_site	userprofile
8	oauth2_provider	application
9	oauth2_provider	accesstoken
10	oauth2_provider	grant
11	oauth2_provider	refreshtoken
12	oauth2_provider	idtoken
13	main_site	stacks
14	main_site	deployments
15	main_site	deploymentbackend
16	main_site	deploymentdatabase
17	main_site	deploymentfrontend
18	api	deployments
22	api	stacks
23	accounts	userprofile
24	api	availablestacks
19	api	stackbackends
20	api	stackdatabases
21	api	stackfrontends
25	github	githubwebhook
27	github	tokens
26	github	webhookevents
28	github	webhooks
29	accounts	organization
30	accounts	organizationmember
31	accounts	project
32	accounts	projectmember
33	api	stackfrontend
34	api	availablestack
35	api	stack
36	api	stackbackend
37	api	stackdatabase
38	github	webhookevent
39	github	token
40	github	webhook
41	payments	prices
42	stacks	purchasablestack
43	stacks	stack
44	stacks	stackfrontend
45	stacks	stackbackend
46	stacks	stackdatabase
47	projects	project
48	projects	projectmember
49	organizations	organization
50	organizations	organizationmember
51	accounts	authuser
52	organizations	pendinginvites
\.


--
-- Data for Name: django_migrations; Type: TABLE DATA; Schema: public; Owner: postgres
--

COPY public.django_migrations (id, app, name, applied) FROM stdin;
1	contenttypes	0001_initial	2025-02-26 02:46:33.564696+00
2	auth	0001_initial	2025-02-26 02:46:34.607633+00
3	admin	0001_initial	2025-02-26 02:46:34.870743+00
4	admin	0002_logentry_remove_auto_add	2025-02-26 02:46:34.910072+00
5	admin	0003_logentry_add_action_flag_choices	2025-02-26 02:46:35.011513+00
6	contenttypes	0002_remove_content_type_name	2025-02-26 02:46:35.236023+00
7	auth	0002_alter_permission_name_max_length	2025-02-26 02:46:35.375769+00
8	auth	0003_alter_user_email_max_length	2025-02-26 02:46:35.508384+00
9	auth	0004_alter_user_username_opts	2025-02-26 02:46:35.58958+00
10	auth	0005_alter_user_last_login_null	2025-02-26 02:46:35.762986+00
11	auth	0006_require_contenttypes_0002	2025-02-26 02:46:35.829706+00
12	auth	0007_alter_validators_add_error_messages	2025-02-26 02:46:35.93672+00
13	auth	0008_alter_user_username_max_length	2025-02-26 02:46:36.107759+00
14	auth	0009_alter_user_last_name_max_length	2025-02-26 02:46:36.237193+00
15	auth	0010_alter_group_name_max_length	2025-02-26 02:46:36.370881+00
16	auth	0011_update_proxy_permissions	2025-02-26 02:46:36.44276+00
17	auth	0012_alter_user_first_name_max_length	2025-02-26 02:46:36.606178+00
18	sessions	0001_initial	2025-02-26 02:46:36.839257+00
19	main_site	0001_initial	2025-02-26 23:30:08.076174+00
20	oauth2_provider	0001_initial	2025-02-27 00:23:13.607943+00
21	oauth2_provider	0002_auto_20190406_1805	2025-02-27 00:23:13.815952+00
22	oauth2_provider	0003_auto_20201211_1314	2025-02-27 00:23:13.965023+00
23	oauth2_provider	0004_auto_20200902_2022	2025-02-27 00:23:14.527707+00
24	oauth2_provider	0005_auto_20211222_2352	2025-02-27 00:23:14.609591+00
25	oauth2_provider	0006_alter_application_client_secret	2025-02-27 00:23:14.777764+00
26	oauth2_provider	0007_application_post_logout_redirect_uris	2025-02-27 00:23:14.938137+00
27	oauth2_provider	0008_alter_accesstoken_token	2025-02-27 00:23:15.017961+00
28	oauth2_provider	0009_add_hash_client_secret	2025-02-27 00:23:15.210289+00
29	oauth2_provider	0010_application_allowed_origins	2025-02-27 00:23:15.371833+00
30	oauth2_provider	0011_refreshtoken_token_family	2025-02-27 00:23:15.509992+00
31	oauth2_provider	0012_add_token_checksum	2025-02-27 00:23:16.012715+00
32	main_site	0002_userprofile_has_mern	2025-03-03 23:10:45.959684+00
33	main_site	0003_remove_userprofile_has_mern_deployedstacks_stacks	2025-03-10 00:34:04.994236+00
34	main_site	0004_deployments_delete_deployedstacks	2025-03-10 00:34:05.222935+00
35	main_site	0005_remove_deployments_stack_type_deployments_stack	2025-03-10 00:34:05.457007+00
36	main_site	0006_alter_deployments_backend_id_and_more	2025-03-10 00:34:05.631048+00
37	main_site	0007_remove_deployments_backend_id_and_more	2025-03-10 00:34:06.180192+00
38	main_site	0008_deploymentbackend_image_url_and_more	2025-03-10 00:34:06.404124+00
39	accounts	0001_initial	2025-03-11 17:07:02.649556+00
40	accounts	0002_remove_userprofile_name_userprofile_stripe_id	2025-03-11 17:07:02.823197+00
41	accounts	0003_remove_userprofile_stripe_id_and_more	2025-03-11 17:07:03.090943+00
42	api	0001_initial	2025-03-11 17:07:04.012933+00
43	main_site	0009_remove_deploymentdatabase_deployment_and_more	2025-03-11 17:07:05.239039+00
44	accounts	0004_userprofile_google_cli_key	2025-03-12 04:14:14.009261+00
45	accounts	0005_remove_userprofile_google_cli_key	2025-03-12 04:43:52.146507+00
46	api	0002_deployments_google_cli_key	2025-03-12 04:43:52.435498+00
47	api	0003_availablestacks	2025-03-12 17:45:28.530014+00
48	api	0004_remove_stacks_type_remove_stacks_variant_and_more	2025-03-12 17:51:09.872132+00
49	api	0005_rename_stack_stacks_purchased_stack_id_and_more	2025-03-16 02:13:46.640142+00
50	api	0006_alter_stacks_google_cli_key	2025-03-16 02:53:45.175875+00
51	api	0007_rename_deploymentfrontend_stackbackends_and_more	2025-03-16 02:53:45.784916+00
52	api	0008_rename_purchased_stack_id_stacks_purchased_stack	2025-03-16 02:54:34.501905+00
53	api	0009_stacks_name	2025-03-16 02:55:59.673611+00
54	api	0010_alter_stacks_google_cli_key	2025-03-16 02:57:27.41601+00
55	github	0001_initial	2025-03-16 15:58:36.647279+00
56	github	0002_rename_githubtoken_tokens_and_more	2025-03-17 05:22:27.499533+00
57	github	0003_remove_webhookevents_repository_webhookevents_stack	2025-03-17 05:47:21.334839+00
58	api	0011_remove_stackbackends_deployment_and_more	2025-03-17 07:15:34.031931+00
59	api	0012_availablestacks_price_id	2025-03-20 19:36:49.983937+00
60	api	0013_stackdatabases_current_usage_and_more	2025-03-28 23:14:00.551556+00
61	accounts	0006_userprofile_email_verification_token_and_more	2025-03-30 02:59:54.848645+00
62	accounts	0007_organization_organizationmember_project_and_more	2025-04-03 00:50:07.901972+00
63	github	0004_remove_webhookevents_event_type	2025-04-03 00:50:08.027181+00
64	api	0014_availablestack_remove_stacks_purchased_stack_and_more	2025-04-03 02:21:21.287455+00
65	accounts	0008_project_stacks	2025-04-03 02:21:21.670623+00
66	github	0005_remove_webhookevents_stack_remove_webhookevents_user_and_more	2025-04-03 02:21:23.1363+00
67	api	0015_delete_stacks	2025-04-03 02:21:23.238488+00
68	accounts	0009_alter_organization_id_alter_organizationmember_id_and_more	2025-04-03 02:29:08.777621+00
69	accounts	0010_alter_userprofile_id	2025-04-03 02:29:08.997054+00
70	api	0016_remove_stack_user	2025-04-03 03:01:19.968724+00
71	api	0017_stack_pending_billed_stack_usage	2025-04-09 01:04:48.357693+00
72	payments	0001_initial	2025-04-09 05:35:19.886491+00
73	payments	0002_prices_created_at_prices_updated_at	2025-04-09 07:13:59.721633+00
74	api	0018_stack_unique_stack_name_per_project	2025-04-10 00:02:23.501204+00
75	api	0019_alter_stack_pending_billed_alter_stack_usage	2025-04-10 02:20:40.737803+00
76	api	0020_rename_pending_billed_stack_cpu_billed_and_more	2025-04-10 07:18:50.809923+00
77	api	0021_rename_cpu_billed_stack_instance_usage_and_more	2025-04-10 13:53:18.074188+00
78	accounts	0011_remove_userprofile_stripe_customer_id_and_more	2025-04-11 19:25:14.29834+00
79	github	0006_delete_webhookevent	2025-04-11 19:25:14.621331+00
80	accounts	0012_organization_email	2025-04-11 20:09:57.253236+00
81	organizations	0001_initial	2025-04-15 14:41:18.422369+00
82	projects	0001_initial	2025-04-15 14:57:21.876083+00
83	stacks	0001_initial	2025-04-15 14:57:22.478752+00
84	organizations	0002_pendinginvites	2025-04-23 20:49:03.290487+00
85	stacks	0002_purchasablestack_description_purchasablestack_name	2025-04-24 00:36:01.778512+00
\.


--
-- Data for Name: django_session; Type: TABLE DATA; Schema: public; Owner: postgres
--

COPY public.django_session (session_key, session_data, expire_date) FROM stdin;
mgz9h2eymb74q6pk0qqtzcn5wjho19rn	e30:1u81tW:IlH8_LqoO-jE788by4AG-7qS19PkjTQ5LKTHn9cljFA	2025-05-08 19:05:58.367216+00
fktsh6o7sejhmo082e2g0erkhiywqlj4	.eJxVjc2KwjAYRd8layn5a9K6G0FEpaIwDuNsQr7kq22tKfRnGBh8dyO40O2995z7T4ydxspMA_am9mROMjJ7zcC6C4ZH4Rsbzl3iujD2NSSPSfJsh6ToPLaL5_ZNUNmhijRDDSil81Yz4FJYbqmUGaNapRwEiLJUHpTjDHRONdMypxlXKhUZBZnbKHXxw_xiX5c19lFZlR_fi6-fc7M_qXHzCWK5WZvloWiK43a3upo29dNxn3a4PkU64N9I5mFq29sdRp1Pig:1tsY4o:kdYz-_SgeTB3uE8igcQD7XZEM7IQViLBXmTEqicGmnI	2025-03-27 02:13:38.007348+00
6tlrewziu93ey9857s2ibfy187fkqc0t	.eJxVjDsOwjAQRO_iGln2mvWHkp4zWOsfDiBHipMKcXccKQU0I828mXkzT9ta_dbz4qfELgzZ6TcLFJ-57SA9qN1nHue2LlPge4UftPPbnPLrenT_Dir1OtZnVCBUJICoC1oNghxaI7ME4WTRgMPSkOiQirICjTHWBlWytFE49vkCo8U2Pg:1tnRlR:BSSIDWbEvweQH0S3hMOzBRkgyG2tMQj5Ztk_AWkEIh8	2025-03-13 00:28:33.339782+00
q80npp5a7iizv4vr354v8gxacppywzc7	.eJxVjstugkAUht9l1pYwF2DGnYamTS3RGmLsiszlIIMGygxUTdN375iYpl2czX_5zv-FKjmNTTV5cJU1aI4wRrO_opL6CN3NMa3sDn2k-250VkW3SHR3fVT0Bk7Le_YfoJG-Ce2EEhAgBIO4phmta5oYSjTj2qSCEFVzxjQJJ4CmAguqaiUV58LIlFFKA1SHH9UnOFtbcAHZNPnL1ruHbZ5P1_0ifjzYc7EFS6rlKh8HG6-fW5kQuc99aHdwGdG8m06nGZJag_fV2Ie5AWR3b5vXRT-9K0_LfdoOiWtbo5cKysXmGLpw-bAOfCUDAWeMhH0xzyLOGWYcz5CDOtjNL5APgDMDg1hfz0W7kdkTTcphtSs4XesV-v4B5Ip5dQ:1tx609:25UD6bVeC0b0h9GQ-GUfOdfRcPLl79NMAdum7xT3tmg	2025-04-08 15:15:37.612847+00
f6psuij4uo9rb6tjq5nfg2bo6ebqawow	.eJxVjDsOwjAQRO_iGln2mvWHkp4zWOsfDiBHipMKcXccKQU0I828mXkzT9ta_dbz4qfELgzZ6TcLFJ-57SA9qN1nHue2LlPge4UftPPbnPLrenT_Dir1OtZnVCBUJICoC1oNghxaI7ME4WTRgMPSkOiQirICjTHWBlWytFE49vkCo8U2Pg:1tnRtZ:Hi9xE5JMLnMIl2mVgDT3P4g1lifBQVm84jCvbWqkmt0	2025-03-13 00:36:57.628299+00
t4acjune5oqu43vpj2ou9oppivin3k0v	.eJxVjDEOgzAMRe-SuYocHETSsXvPEDm2KbRVkAhMqHcvSAzt-t97fzOJ1mVIa9U5jWKuJpjL75aJX1oOIE8qj8nyVJZ5zPZQ7EmrvU-i79vp_h0MVIe97kA8EFML4FynTSt9wADR-egJe_TYMfnIuCvauMaBQtbMFHtB4WA-X80AN-c:1tuMrF:Nmgsdi0maCyGe1CKcEoPpRgIVnqv4Sc6Gv5cocG8WDw	2025-04-01 02:39:09.679644+00
6yc93e8yomrk4cv5f0zgwiy5r6oe8ec1	.eJxVjEEOwiAQRe_C2pDBOtC6dN8zkBkGpGogKe3KeHdD0oVu_3vvv5Wnfct-b3H1i6irQnX63ZjCM5YO5EHlXnWoZVsX1l3RB216rhJft8P9O8jUcq-NgZEcGUoC4wTnBDxYM4VIwbqIYFBQDAYElxLbgZNLxBj4Is7ioD5f6884Uw:1trR9q:CFo_KNcyHrloSDVLpiiKPsNPH3HdzW5ujTvP1th0_qY	2025-03-24 00:38:14.22084+00
ee1lu4dmqyvshoab8ahbxbg5qins90iu	.eJxVjlFvgjAUhf9Lnx0pbYHWN-dYlqhTUdTthZT2VkAGpsBiXPbfVxOzbK_3nO-75wtlcuiLbOjAZqVGY8TR6O8tl-oEzS3QlWyOrafaprdl7t0q3j3tvEWroX68d_8JCtkVjo6wZlgqGWDs-xGQQBtOORY-E0xSQxmNlGRCUVcB4hMfA84hV1IYTbW6rVLuR_YJtjQlWKd8f-YHZk2ezK6v25WJbbVZ0vMQtscp0XVaPtinCsw0ienC0Q1cejRuhroeIakUdF3Wt26uE-2jOpzPuEmq8oM1MmTR1n-7Fkmwx3N1dixczqWFLpPO4EeMBJjTgHqB4ESEZIQsGBcXv8KJDqLqsp7uTi84jmfLw2SVbtZi2fJTSnbo-wdmUXhF:1tvN5W:ACtOcnJzMxtnJ3kkMtmD3I8jmhEVYWEa4X7AP312KS8	2025-04-03 21:06:02.332873+00
zgy44u3n9dr0byvh68qvrnb47nx2a7u5	.eJxVj11vgjAUhv8L1w77hQXv3NDMKNH4ETZvSCkHQRFYC0ZZ9t9XFrNsdyd9nvc9p59WJNomi1oNKsoTa2y51uDvWyzkGcoeJCdRHitbVmWj8tjuFftBtR1UCRTPD_dfQSZ0ZtIcJQwJKRyEMOZAnCR1qYs8zDwmaEoZ5VIwT1KjAMEEI0AxxFJ4aUIT2V8lzY7oCipPc1Cm8iCdZRDU-xv60E_n-X3anvhk3QXbYHrGvuZvYZYv1GRZX48mXcKtiVpVmOCwFvcLlI0e6lZK0HpouPiZoqYyXzDOqpC7dl0QMvLDzbu7ive14pV7CItT1x2MD7c6V6Aj0VhjzBl2ERvRkc0oYgSzgaUgNTj7LdwXrws-T_3rMtzuYuJfXpTXbWaLeKZWM8f6-gYkBoD4:1tsQ16:KjD-YNLsHmNAFfvSyF2P-FlDbrXTegzNEFOSZNJFsew	2025-03-26 17:37:16.430421+00
ba7p8jlowuw4j0ga3k27648iyrjctllp	.eJxVjl1PwjAUhv_LrsnSdl3bcYkKmkAcEZzxZmm7M1Y-VmgHDIz_3ZIQo7fnfZ_nvF9RKY9dUx49uNJU0TAS0eDvTUm9gfYWVGvZrmysbds5o-JbJb6nPp7ZCraje_efoJG-CTQGroBSXUmOFaGJJBJRKjDiLCUqUUlds0oxTbDiGeKY0wwJwliaCKRoJoNUhx_lCZypDbig5G13MG0HyjXppQE_Nmox2hVJnk_cORdXfFhuxh8njGc20FJr8L7sbJgYYNZfJ-PDNEVnvHiuEHlLESazd6af5uk8D33o98aBL2UXDcMazBMhkIgZJzjjYhA5qEPc_Aqzl-KTX875yfbMvuJilz2A3e72j_1ytZ5G3z9KEHSt:1ts8tM:pJbZdpHB9Jl1J4N9pNE7azf_IbvrTkmoZLYBiZTsDtI	2025-03-25 23:20:08.673424+00
b5z6pokt7e3epr8k02vai6rqu1povrtr	e30:1tx6AB:3eI0TKf2X7xGG91jeOMN7TK2Lz3jp6IfmpcsJvNHHi4	2025-04-08 15:25:59.393291+00
b7rnejg17kbof7u03m2c64kivhsiuea5	.eJxVjl1vgjAUhv9Lrw2hpYdS7zTqjNO56FzmbkhbTgUkdCvIvrL_PkjMst2e532f93yRVF3aPL006NMiI2MiyejvTStzxnoAWanqkwuMq1tf6GCIBFfaBBuXYTW9Zv8JctXkg5YZy2KLCTdKA4MkA5tRLUAwjBMwVMTANWgbJggglLRaUSsRaSitsIPU9Btph76wBfpeaffP0zbHki9LWczc7cN-Xdb6o8vX8X4-P1Rys_Vyx3bdfdi3lTHYNGnr-hf7MhQz_LwTy8vbUndSVqcIVjakq5stVI-qz-P7S-GxSVVLxlRwKiLJwiiIOAjKxIh4tD3Of4VZIte8LRfoksUxnByfdnziHW3g1U2SM_n-AVs1dRo:1ts8zj:HtWY6ITW9mRksd-DdxkGnijLC4hIvp2TQVWeEv50Fi8	2025-03-25 23:26:43.346778+00
0n0c10wt3kc7ia6xihsbgtxnyf4z7z54	.eJxVjctuwjAURP_FaxQZv2LYgWgFAhZ0E1hF9vUN4REH7BC1qvrvNRJCsJ05c-aXlObW1eUtYigPjoyJJoPXzBo4ob8X7mj8vs2g9V042OyOZI82ZuvW4Xn6YN8EtYl1WhsptEYpxZChRMmp4jw3RivIaV4xCyMKkjJtFcsBHBdMWEtHFYIacooiSQ0Axlh2bTpJxuO2uHz3jf6p_Opzv_6Yc3sSTex2sZBikviAVcBYPwdX3HxR2i-YnrNl6DeF3SIq787ompkgf_8HQlgI:1tz5ZA:_O5J8LzqzlZNsK33s7Lsb9OWHScstz0N7phk93nU9to	2025-04-14 03:12:00.99447+00
345s2sbe2llwawdg8xubfk4qvk6arteo	.eJxVjstuwjAQRf_Fa4gSx44dlkBDBaWtVFFUNpEf4zwICY0TiFr133EkVLXSrObce2a-USr6Lk97C21aaDRDMZr83UmhjlCPQJeizhpPNXXXFtIbI96dWm_baKjm9-w_QS5sPmqxMjgywIkSkmLKNTU6kIwyDBGnKmARJZJK43OglInYSBGYGCDwY8PMKFXuRnqBtjAFtE4ZbXUQ0_lgX74uyXLzmZxKf8oPizmuquHjEj5hsp4-DBhi4tpCKbA27Rr3oivTvio3jzvWvx3q5Xui-XBqVrvrIlpl-3rp8jCcixZsKjo0CxgZB3PfYyEmhOIJasE4nP8KGQvJul4ZHZ6jASui9tdjeX3W2eG1CA36uQHaPHT4:1ts9XE:nnLsPqt8P6nKFd0Gko4CRkHVYhpuSjdIIHTQ-bwoXew	2025-03-26 00:01:20.733599+00
s8e1jvq9fwrh8xl62hbm9dhxszwbcf73	.eJxVj0tvwjAQhP-LzzSyHb_CsUQthbRCFYq4RV7HweEVsAOlVP3vdSRUtdKedma-nf1ClT73rjoH66u2RmOk0OjvDrTZ2sMg1Bt9WHeJ6Q69byEZLMldDclrV9vd4937D-B0cDFNrATLmKm1JEBZqqnGjCmCpeAUUkibRtQgDCUgMyyJZBlWVAieKgws0xFq4o3qYn3btNZHpJivSv68WYrrZWtY_qAMK4qF4NgWWbzr1hNYw5SREoaftDE2hKrvYsUYnr2dVH87laaYd07Tl_3nzNvpjeQfT81xGf32emy9DZXu0Ti2GYZhlsTSkqsR8raJqvvlnWfvXX6b7OZFxhce9k3as9LVOhSOlxR9_wBRn3Pi:1ts9ZE:j3svg_p7ht86lkGHZeBzPtYuVnVK6zAfgLYpVcikoig	2025-03-26 00:03:24.045026+00
vvfzrcuuyi1qiwtycztbfoi93aojlrmc	.eJxVj1FPwjAQx79Ln3HZul278SYhECCy6BDiU9N2V1fBbbQbEo3f3S0hRpN7ut__fnf3RYTsu0r0Hp2wJZmSjEz-9pTUR6xHUL7J-rUJdFN3zqpgjAQ36oOHpsTT7Jb9J6ikr0Yt1YYyg2mipQIKaQmmjBQHTpGloCPOIFGgTJgiAJeZUTIyGWIUZoabUaqHHeKCzhqLblDS-m5n8zbGgr9rWM8srH3_6NsLD5vLp7fXbSwiOBa7YjVMS63Re9E1w4njN3m_D7fnlyW2i82xiGOzrWOn7xv2samfhzxeW-vQC9mRacSTsVIeBQnlWZiwCXFoBlz9ClWbq7JauhwdxAz2T8vFiaXz2fywmp8p-f4Bl8Z1oQ:1ts9gl:0vrRn9vGkyLUv7937g41xTwHXvrRhgcfhgBuIjjqU3Q	2025-03-26 00:11:11.428909+00
ei95r6u9wa7qec3p8m57bopr95ogtpfr	.eJxVjstuwjAQRf_Fa4jiRx5mVwg0oJZCK1q6shx7QlKiGNkJRKr67xgJVe1iNnPuPTPfSMi-q0TvwIpaownCGI3-LgupjtDeiP6S7cEEyrSdrYvgFgnu1AXPRkMzvWf_CSrpKt-OKAEOnDMIS5rQsqSRpkSxVOmYE1KUKWOK-OFAY445LcpCFmnKtYwZpdRLlb8hzmDrsgbrleKt24y7CL-slrt6PRuP9S45zF127DHZFvPsXa-yU5UtDsb4dgtDhyZt3zQjJJUC50Rn_LtelGyyJiQqzx_z7d5WH-fZhk6f9uy0nNJX6bswnGoLTkhvwAkjHCdRjIMwpZyREbJQelr9-ga8a9bOtItLnIdbA3uoMvyp7TBcQvqAfq6Gn3gZ:1tx5bu:60iZTeBxDp5Pth7g3_0Ce252CVYoKArQjQq_4-ZTb7U	2025-04-08 14:50:34.012914+00
6iq65dfszv3ohujyuy9yjurudepi5k20	.eJxVjklPg0AYhv_LnCthFqZMb62CWJfaRVJPk1kLgtAMYLrE_-40aYwevsu7PN97BlwMfcGHzjheajABEILRX1EKVZnm4ugP0ezaQLVN70oZXCLB1e2C51abenbN_gMUoit8O8LIMMMYMaHFY2wtjjRGisRKU4aQtDEhCvljBlMGGZZWChnHTAtKMMYeqvwP_mVcaUvjPHJxcwebFc12Wb4cZrzfZg-PbXZc1fN1QStc489klqRwmpPYtxtz6MGkGep6BIRSput43_q5HrRcETZfbNiabU5PEdX4lEbHfJu_7CWpCt81h33pTMeFJ8AxQZd9LAxCMoY0HgFnrHeLX56Aqd5XUaKnr-9hNk3S-1vhEOxVBd_mGfj-AU8odso:1tx610:XfugLDJUuunBlL8HKPIZ5-mXQjAuffSoldduuapnruI	2025-04-08 15:16:30.314255+00
rchkswbstqlgcj2mv0o9pzyqqj2gh23k	.eJxVjcFOwzAQRP_F5yqyHddOeqOXAhJqC3JBXKJde0NCU1t1EkBC_Duu1ANcZ-a9-WYNzFPXzCOlpvdsxSq2-JshuCOFS-HfIbzFwsUwpR6Ly6S4tmPxED0N6-v2n6CDscu0IIOklPNgBEpVggSuVCW40UuJJZZtqz1qJwWamhthVM0rqfWyrDiqGrLU5Y_mg1Lf9pSycvd6tN3zlKKUty_-ztw82c35sLG7z704xC3Z8-ji6RHuB5vpQF8TW4V5GH5-AVj7UC8:1tsY4p:Mt-oRK9m_dwkI7dMwwyaqCSC_81d80Bk0hbFM3T8ZHs	2025-03-27 02:13:39.720427+00
6jl67cdjw8wmbf60a80gtlqauq6j1g7g	e30:1tx6B0:thbGTP8KeCqI0gmrOMpHHMUFChgBvr7MOWFrla6wDaQ	2025-04-08 15:26:50.518792+00
gwiwnivpnl21uuhlb4iz5ilj5mpskynb	.eJydVNuO2jAQ_RUrzwu5sKi7kaqq0K1YtVuklvYBVYoc4yQjHDvyJYgi_r3jBBAgVRU8OZ7MOXM84-NdUIKtXJ5ZteYySIOyUlk1W35rWSybUfL911wUa_W6GLPN4iWaff5q4reXt3IaPByRznAdpLtAqBI8w5oKnm9yMJVqMAtWQRpHUTx-N0qih0CqFc98LPiZrctP80lRzeAj5tGWWqozpwX-q6xtTBqGfdAM-1K-ElPScmmHTNWhC0_EH9r3j16SPtB0FTBwRdfAgarHI58Jr_RWthZXKs4gV8mFEkJtkOVa9_8KhSfkiQVkeScLInehshXX3TD23WyMvV1Uh9p1C3bQ8xhspuarm5kOOJS1kahoF2reqI7Q5YZpaCwoebvACzSyKV1SCX_ofWyI9iRe2u3gDoVo3uJ1vB3ew3Zho6GlbLvvdDAOLTb7TsorPDLabcO907xD0Qu4ZC3wTXaINy4XwPxQwPKMrmrv34IKw9GntPYpX3wBMjned6zcULn1nBJLaQRuiSrIFCQDKXEOmJTjS9C7TyjWjQZ38wqU71ZNAU8lnRBoNdCc5oIf9zmmpMEroTVhDq-PtGJLKDHWrfCbUEsWFSf_qkwap41DLyBkQlnFhdK_XRLFz4aAJFOU7izX5AcDLhkf-v5swNqDa_oD90KkslBArz27kNy3LOuHnz6fAp1zgjQ6exLw2TuzdrdjeF6LA6IWz5lESTKIkkESL-KnNErS8dPST6lZXeSMB9FoEI8XmJAk6eNoGez3fwFSBAYb:1ttgiU:O4lkuUvnhd-skC1G1IH5yF3WxIAw7H7Hn1zrUpmOZdQ	2025-03-30 05:39:18.617946+00
213tr4iw6siepnmmnee35gkmscxeq2mi	.eJydVF2L2zAQ_CvCz5f4Ixd6MZTSpNAe9xCulxZ6FIwsK_Y2suSTJaepyX_vyk5CYigleZK13pkd7WrUejmYwqaJURsuvdjLC5Wsvgdl-Hky06bZyF9v8usPWKyWT_T3W_PybMNZ9PxIvbsj0tZce3HrCZWDY9hQwdNtCnWhKsyCzIvDIAin7yZRcOdJlfHExbxvySb_tJyviy_wEfNoQw3VidUC_xXGVHXs-32wHvelXCWmpOHSjJkqfeufiD807--dJH2g6SpgYEBXwYGqxyNf7Q_0FqYUAxVnkEHyWgmhtsgy1P2_Qv4JeWIBmd_IgsjWV6bguhvGvptNba4X1aHabsEOOp4am6l5djXTAYeythIVtb7mleoIbVozDZUBJa8XeIFGNqVzKuEPvY0N0Y7ESbse3KEQzRu8jtfDe1jrVxoaynb7Tgfj0GCzb6Qc4JHR7CrunOYcil7AJWmAb5NDvLKpAOaGAoYnNCudf9dU1Bx9SkuX8uQKkPnxvmPlisqd45RYSiNwR9SaLEAykBLngEkpvgS9-4Ri3WhwtyxAuW6VFPBU0gqBVgPNaSr4cZ9iSuw9EloSZvH6SCN2hJLa2Ay_CTVkVXDyr8qksrq26AWEzCkruFD6p42CcFYTkGSB0q3hmrww4JLxsevPFow5uKY_cC9EKgNr6LUnF5L7liX98OPZKdA5x4uDsycBn70za3c7huc1OCBq8JxREEWjIBpF4Sp8iIMonj68uilV2UXOdBRMRuF0hQlRFN9PXr39_i-kwAa1:1ttgjK:YilhWpefAFbAra5LkUkxPmDvX35l9xkllNXZSQfiTBo	2025-03-30 05:40:10.479067+00
tmoj2lflysuhlfosteoe8jgh1krw401s	.eJydVG1r2zAQ_ivCn5v4JQ1tDWMsKWUvtIUlY6wMjCwr1i2yZGTJIQv57z3ZSUgCYySfZJ3vee7RnR5tghKscHlm9ZKrIA1KobPoeXb362srxFS8SBvlL092Gv1MZsun8jn-E39nj6_r4GaPdA03QboJpC7BMyyp5Pkqh0boGrOgCNI4iuLx3SiJbgKlC575WPAjW5aPr5OF-AyfMI-21FKTOSPxn7C2btIw7IPNsC_lKzGtLFd2yHQVuvBA_LH9cOslmR1NVwEDZ3Q17Kh6PPI14ZleYSt5puIIcpa80FLqFbKc6_5fofCAPLCAKq9kQeQm1FZw0w1j282msZeL6lCbbsEOep4Gm2l4cTHTDoeyVgoVbULDa90RurxhBmoLWl0u8ASNbNqUVMFfeh0boj2Jl3Y5uEMhmrd4HS-H97BNWBtoKVtvOx2MQ4vNvpLyDI-Mdl1z7zTvUPQCLlkLfJXt4rXLJTA_FLA8o0Xl_bugsuHoU1r5lG--AJns7ztWrqlae06FpQwC10QvyBQUA6VwDpiU40vQu09q1o0Gd68CtO9WRQFPpZyUaDUwnOaS7_c5pqTBF0IrwhxeH2XlmlDSWFfgN6GWzAUn_6pMamcah15AyIQywaU2v10SxQ8NAUWmKN1ZbsiMAVeMD31_VmDtzjX9gXshSltYQK89O5Hctyzrh58-HAKdc4I0OnoS8Nk7sna3Y3heiwOiFs-ZREkyiJJBEs_j-zRK0vH9m59SXZzkjAfRaBCP55iQJOnt6C3Ybt8BmSIF-w:1ttgjT:7_MKekrM4Nc_ssFiwRQ0A-4DF4VJysb26nRodXw4wEc	2025-03-30 05:40:19.325907+00
hbnscvac7c0enmaq2qjqld6ormpkrsvf	.eJydVF2P2jAQ_CtWng_ywaFykaqq0Ep33AOnHn0oqhQ5jkm2OHbk2Ekp4r93nQACpKqCJ8ebndnxrsc7LwdT2DQxasOlF3t5oZL1q_y6XE5m09Vb-DZ_Fy8_2ha-sV_ZfG6bIPr9vFg13sMRaWuuvXjnCZWDY9hQwdM2hbpQFWZB5sVhEITjD6MoePCkynjiYt73ZJN_WUzXxTN8xjzaUEN1YrXAf4UxVR37fh-sh30pV4kpabg0Q6ZK3_on4k_Nx0cnSR9ougoYuKKr4EDV45Gv9q_0FqYUVyrOIFfJayWEapHlWvf_Cvkn5IkFZH4nCyJ3vjIF190w9t1sanO7qA616xbsoOOpsZmaZzczHXAoq5WoaOdrXqmO0KY101AZUPJ2gRdoZFM6pxL-0PvYEO1InLTbwR0K0bzB63g7vIft_EpDQ9l23-lgHBps9p2UV3hkNNuKO6c5h6IXcEka4G1yiFc2FcDcUMDwhGal8--aipqjT2npUl5dATI93nesXFG5dZwSS2kEbolakxlIBlLiHDApxZegd59QrBsN7hYFKNetkgKeSloh0GqgOU0FP-5TTIm9F0JLwixeH2nEllBSG5vhN6GGLAtO_lWZVFbXFr2AkCllBRdK_7RRED7VBCSZoXRruCbvDLhkfOj604IxB9f0B-6FSGVgDb325EJy37KkH378dAp0zvHi4OxJwGfvzNrdjuF5DQ6IGjxnFETRIIgGUbgMJ3EQxePJyk2pyi5yxoNgNAjHS0yIovhxtPL2-7_QXgaQ:1ttgjY:uUej7y21Qcz2EAJK0gCAl80hWYVKW15RrnISu64JFQw	2025-03-30 05:40:24.780838+00
w0t3d0coj0cugid3fq6584gszm70ampu	.eJydVF2P2jAQ_CtWng_yAei4SFVVrtf2VFX3UNpKqFLkOCbZ4tipY4ejEf-96wQQRKoqeHK82Zkd73rcejmYwqaJURsuvdjLC5WsXpsf0fTDU7GSD_PvYvr7vvr45XXx_OsJKI0CKIvAendHpK259uLWEyoHx7ChgqfbFOpCVZgFmReHQRDO7idRcOdJlfHExbxvySZ__7JYF5_gHebRhhqqE6sF_iuMqerY9_tgPe5LuUpMScOlGTNV-tY_Eb9t3kydJH2g6SpgYEBXwYGqxyNf7Q_0FqYUAxVnkEHyWgmhtsgy1P2_Qv4JeWIBmd_IgsjWV6bguhvGvptNba4X1aHabsEOOp4am6l5djXTAYeythIVtb7mleoIbVozDZUBJa8XeIFGNqVzKuEPvY0N0Y7ESbse3KEQzRu8jtfDe1jrVxoaynb7Tgfj0GCzb6Qc4JHR7CrunOYcil7AJWmAb5NDvLKpAOaGAoYnNCudf9dU1Bx9SkuX8tkVIIvjfcfKFZU7xymxlEbgjqg1eQTJQEqcAyal-BL07hOKdaPB3UsBynWrpICnklYItBpoTlPBj_sUU2LvmdCSMIvXRxqxI5TUxmb4Taghy4KTf1UmldW1RS8gZEFZwYXSP20UhA81AUkeUbo1XJOvDLhkfOz6swVjDq7pD9wLkcrAGnrtyYXkvmVJP_z44RTonOPFwdmTgM_embW7HcPzGhwQNXjOKIiiURCNonAZzuMgimfzlZtSlV3kzEbBZBTOlpgQRfF0svL2-79bJwZM:1ttgjb:djyAIdmf_hTfGaZxucrI-94X2l98NocYvsXwibWndiA	2025-03-30 05:40:27.129935+00
j8duqjqq26awzv0fcb1vgrmym3ug1lsn	.eJydVO9v2jAQ_VesfC7kB0VrI03ToNO6tV1VjX5BkyLHmOSEY2eOHRYi_vedE0CANE3wyfHl3rvnOz-3XgYmt2li1IpLL_ayXCVflvaZvWc_dL1pXt7o01y_PX__M315-N3I4uto8rh5Xnk3e6StuPbi1hMqA8ewooKn6xSqXJWYBQsvDoMgHH8YRcGNJ9WCJy7mvSer7OF1sswf4TPm0ZoaqhOrBf7LjSmr2Pf7YDXsS7lKTEnDpRkyVfjWPxB_qj_eOkl6R9NVwMAZXQk7qh6PfJV_pjc3hThTcQQ5S14qIdQaWc51_6-Qf0AeWEBmV7IgsvWVybnuhrHtZlOZy0V1qLZbsIOOp8Jmar64mGmHQ1lriYpaX_NSdYQ2rZiG0oCSlws8QSOb0hmVsKHXsSHakThpl4M7FKJ5jdfxcngPa_1SQ01Zs-10MA41NvtKyjM8Mpqm5M5pzqHoBVySGvg62cVLmwpgbihgeEIXhfPvkoqKo09p4VKeXAEy2d93rFxS2ThOiaU0AhuilmQKkoGUOAdMSvEl6N0nFOtGg7vXHJTrVkEBTyWtEGg10Jymgu_3KabE3jdCC8IsXh9pREMoqYxd4DehhsxyTv5VmZRWVxa9gJAJZTkXSv-yURDeVwQkmaJ0a7gmPxlwyfjQ9WcNxuxc0x-4FyKVgSX02pMTyX3Lkn748f0h0DnHi4OjJwGfvSNrdzuG5zU4IGrwnFEQRYMgGkThLLyLgyge383dlMrFSc54EIwG4XiGCVEU347m3nb7F_uCB04:1ttgjk:CICZpwFUfm6dX_U5J84FSMgewxsZdmxbNe5FHeZVQqY	2025-03-30 05:40:36.655853+00
dn4ab483k83lpnm1ita224gt1bkbn1wi	.eJydVF2L2zAQ_CvCz5f4I5fmzlBKc4W2lOMglzbhKBhZke1tZMmVJZs05L93ZSchCZSSPMla78yOdjXaejmYwqaJUWsuvdjLC5Usfz3k689s8fpjNp2Uy9nSLibpc1o28nm2qMLfWbt4590dkLbm2ou3nlA5OIY1FTxtU6gLVWEWrLw4DIJwPBlFwZ0n1YonLuZ9T9b5p5dpVnyBj5hHG2qoTqwW-K8wpqpj3--D9bAv5SoxJQ2XZshU6Vv_SPyheX_vJOk9TVcBAxd0Feypejzy1f6F3sKU4kLFCeQiOVNCqBZZLnX_r5B_RB5ZQOY3siBy6ytTcN0NY9fNpjbXi-pQ227BDjqeGpup-epqpj0OZbUSFW19zSvVEdq0ZhoqA0peL_AMjWxK51TCH3obG6IdiZN2PbhDIZo3eB2vh_ewrV9paCjb7DodjEODzb6R8gKPjGZTcec051D0Ai5JA7xN9vHKpgKYGwoYntBV6fybUVFz9CktXco3V4BMD_cdK1dUbhynxFIagRuiMvIEkoGUOAdMSvEl6N0nFOtGg7uXApTrVkkBTyWtEGg10Jymgh_2KabE3ldCS8IsXh9pxIZQUhu7wm9CDZkXnPyrMqmsri16ASFTygoulP5poyB8rAlI8oTSreGavDLgkvGh608Lxuxd0x-4FyKVgQx67cmZ5L5lST_8-PEY6JzjxcHJk4DP3om1ux3D8xocEDV4ziiIokEQDaJwHj7EQRSPH97clKrVWc54EIwG4XiOCVEU34_evN3uL4W8Bt4:1ttglQ:U2Gk0JPOvTJ-ocjfeJHq4d9hW2UGQhaN9L6lh37-VtU	2025-03-30 05:42:20.892146+00
f4efoxg4o4c7dia0mq9ukx15ptpi2ywg	.eJydVO9r2zAQ_VeEPzfxjzSsNYyxtBsrHetGsrGGgZFlxT4iS0aWYlKT_30nOwmJYYzkk6zzvXdPd3pqvRxMYdPEqDWXXuzlhUoef8nnH5-oDr4aumzW99-K-e_Z0-xz8fp9rl-jykyCyrs5IG3NtRe3nlA5OIY1FTxtUqgL5bIg8-IwCMLpu0kU3HhSZTxxMe9nss4fX2ar4gt8xDy6oYbqxGqB_wpjqjr2_T5Yj_tSrhJT0nBpxkyVvvWPxB8272-dJL2n6SpgYEBXwZ6qxyNf7Q_0FqYUAxUnkEHySgmhGmQZ6v5fIf-IPLKAzK9kQWTrK1Nw3Q1j182mNpeL6lBtt2AHHU-NzdQ8u5hpj0NZjURFra95pTpCm9ZMQ2VAycsFnqGRTemcSnij17Eh2pE4aZeDOxSi-Qav4-XwHtb6lYYNZdtdp4Nx2GCzr6Qc4JHRbCvunOYcil7AJdkAb5J9vLKpAOaGAoYnNCudf1dU1Bx9SkuX8uwKkNnhvmPlisqt45RYSiNwS9SKPIBkICXOAZNSfAl69wnFutHg7qUA5bpVUsBTSSsEWg00p6ngh32KKbH3RGhJmMXrI43YEkpqYzP8JtSQRcHJvyqTyuraohcQMqOs4ELpPzYKwvuagCQPKN0arsmcAZeMj11_GjBm75r-wL0QqQysoNeenEnuW5b0w4_vj4HOOV4cnDwJ-OydWLvbMTyvwQFRg-eMgigaBdEoChfhXRxE8fRu6aZUZWc501EwGYXTBSZEUXw7WXq73V_oigZl:1ttgln:1IJRfzSnaCH1qSW7YoVmu4ArdbiGgyi_PtIGQjtWXTI	2025-03-30 05:42:43.112375+00
magyjs78ap7fitgsh9d9p95jqhudady1	.eJydVNuK2zAQ_RXh5018yYZmDaU0m9KWLgS66UsoGFlR4iGKJHSx6w35947sbEgCpSRPssZzzhzN6GgfbcBVviyc2nIZ5dGmUsWfr1-0hqoVLz8bNput65fZ60Qt59nc1SOb-mZbv0UP70hvuYnyfSTUBgLDlgpeNiXYSmnMglWUp0mSjj-MsuQhkmrFixCLfhXbzWw-XVff4DPm0Zo6agpvBP6rnNM2j-M-aId9qVCJKem4dEOmdrGPT8Sf6o-PQZI50nQVMHBFp-FI1eORz8ZXeiu3E1cqziBXyWslhGqQ5Vr3_wrFJ-SJBeTmThZE7mPlKm66YRy62Vh3u6gOte8W7GDgsdhMw1c3Mx1xKKuRqGgfG65VR-hLywxoB0reLvACjWzKbKiEN3ofG6IDSZB2O7hDIZrXeB1vh_ewfawN1JS1h04H41Bjs--kvMIjo2s1D04LDkUv4FLUwJviGNe-FMDCUMDxgq52wb9rKixHn9JdSPkRCpDp-33HyprKNnBKLGUQ2BK1Js8gGUiJc8CkEl-C3n1CsW40uJtXoEK3dhTwVNILgVYDw2kp-Pu-xJQ8-k7ojjCP10c60RJKrPMr_CbUkUXFyb8qE-2N9egFhEwpq7hQ5rfPkvTJEpDkGaV7xw15ZcAl48PQnwacO7qmP3AvRCoHa-i1FxeS-5YV_fDzp1Ogc06UJ2dPAj57Z9budgzP63BA1OE5syTLBkk2yNJFOsmTLB9PlmFKenWRMx4ko0E6XmBCluWPo2V0OPwFPqIHiQ:1ttgp1:teKZh7WHuM9u4KvU8pASkP5MgSp3eFRok9aGZvuTvtw	2025-03-30 05:46:03.794751+00
2v5y5jswrg27dt19avoj353amdn5bbnx	.eJydVGtr2zAU_SvCn5v40Ya1hjGWputeUNpmYy0DIyuyfRdFMno4pCH_fVd2EhLDGMknWdf3nHt0r47WQQm2cnlm1ZzLIA3KSmU0-v7m7ib65_jTy9d7Fj3ew_Oflydhfj0WkzJuRkt1F1zskM5wHaTrQKgSPMOcCp4vczCVqjELZkEaR1E8eneZRBeBVDOe-VjwI5uXk4dxUX2Gj5hHG2qpzpwW-K-ytjZpGHZBM-xK-UpMSculHTK1CF24J_7QvL_ykvSWpq2AgR5dDVuqDo98JuzprexC9FQcQHrJhRJCLZGlr_t_hcI9cs8CsjyTBZHrUNmK63YYm3Y2xp4uqkWt2wU76HkMNlPz2clMWxzKWkpUtA41r1VL6HLDNNQWlDxd4BEa2ZQuqYQ3eh4boj2Jl3Y6uEUhmjd4HU-Hd7B1WGtoKFttWh2MQ4PNPpOyh0dGu6q5d5p3KHoBl6wBvsy28drlApgfClie0dnC-7egwnD0KV34lG--ABnv7jtWrqlceU6JpTQCV0QV5BYkAylxDpiU40vQuU8o1o4Gdw8VKN-tBQU8lXRCoNVAc5oLvtvnmJIGXwhdEObw-kgrVoQSY90Mvwm1ZFpx8q_KpHbaOPQCQsaUVVwo_dslUXxjCEhyi9Kd5Zo8M-CS8aHvzxKs3bqmO3AnRCoLBXTasyPJXcuybvjpzT7QOidIo4MnAZ-9A2u3O4bntTggavGcSZQkgygZJPE0vk6jJB1dv_op1bOjnNEguhzEoykmJEl6dfkabDZ_AYVLBoI:1ttgp8:A1K08Uk9lfK_QHP2dEYe5SZM-pM7kIDHRYZyJ1h7TuY	2025-03-30 05:46:10.384109+00
p8i3ngbscubcf83uuc6t4w6ccvacqhig	.eJydVO9r2zAQ_VeEPzex4yS0MYzRdGwtZZTSbIwyMLIsx0dkydMPhyzkf-_JTkJiGCP5JOt8793TnZ62wRJs6bLUqhWXQRIsS5Xevv7Jxs2v19n46bmuvn67b2bZm40njP9khZk8ruz3Irg5IJ3hOki2gVBL8AwrKni2zsCUqsYsyINkFEWj6e04jm4CqXKe-ljwI10tv7zMi_IR7jGPNtRSnTot8F9pbW2SMOyCZtiV8pWYkpZLO2SqCl14JP7cfJp4SXpP01bAQI-uhj1Vh0c-E_b0lrYSPRUnkF5yoYRQa2Tp6_5fofCIPLKAXF7JgshtqGzJdTuMXTsbYy8X1aK27YId9DwGm6l5fjHTHoey1hIVbUPNa9USuswwDbUFJS8XeIZGNqWXVMJfeh0boj2Jl3Y5uEUhmjd4HS-Hd7BtWGtoKNvsWh2MQ4PNvpKyh0dGu6m5d5p3KHoBl7QBvk738dplApgfClie0rzy_i2oMBx9Siuf8uwLkPnhvmPlmsqN55RYSiNwQ1RBHkAykBLngEkZvgSd-4Ri7Whw91KC8t2qKOCppBMCrQaa00zwwz7DlCR4IrQizOH1kVZsCCXGuhy_CbVkUXLyr8qkdto49AJC5pSVXCj928XRaGYISPKA0p3lmrwx4JLxoe_PGqzdu6Y7cCdEKgsFdNrTM8ldy9Ju-MnsGGidEyTRyZOAz96Jtdsdw_NaHBC1eM44iuNBFA_i0WJ0l0RxMr1791Oq87Oc6SAaD0bTBSbEcTIZvwe73QeIEwZV:1ttgu9:4scS-PPMuuAN2QUxCdV7Piu_xzD6L8QMdEJJu4fTfmY	2025-03-30 05:51:21.382708+00
f01v360hzeg9ofcunuait3ljwlvbir5e	.eJxVjtFugjAUht-l145IW6H1UmeYczJEjbqbppRTQQmYFgzb4ruvJmbZLs7N-f7_O-cbCdm1hegsGFHmaIx8Hw3-LjOpzlDfSX6S9bHxVFO3psy8e8R7UOstmxyqySP7T1BIW7j2iGDgwDmFoSYh0ZqMcoIVZSoPOMaZZpQq7IYDCbjPSaYzmTHGcxlQQoiTKndDXMGUugTjlOF72ovp82b6VJTxa9uJeZLEslq25cyvgllu0-kWDvawSw6uXUPfonHdVdUASaXAWtE27t27KHm7nKLNasIW-FytIp6SZrPfxl8v8_22dl3oL6UBK6Qz-CHF3A9ZMPQ4pYxQPEAGtMPFr1A28bq2uysk0YJJ2Y-iyfGDp3Oz9pvPJbr9AJ1IeWo:1tx5s5:SgXHItJE9Eqj7NdVKRuZgOwjMwWD8Z9wSgsTigp0pbs	2025-04-08 15:07:17.547885+00
hdvs17pn5s5zcdzjpy1vq9jkyj2qxhfl	.eJydVNuO2jAQ_RUrzwsJAdrdSFUFbKte1K7UwiKtKkWOY8gIx876AmIR_95xAggiVRU8OZ7MOXM84-NdsARbuCy1asVlkATLQqXfbPlp9EO8Po_fZa9v2fN8NpmNfpp5Nfk8-zXvs8ftgAZ3R6QzXAfJLhBqCZ5hRQXPNhmYQlWYBXmQ9KKoN3zfj6O7QKqcpz4WzNLV8vFpvCi-wAjz6JpaqlOnBf4rrK1MEoZN0HSbUr4SU9JyabtMlaELT8Qf1x8GXpI-0NQVMNCiq-BA1eCRz4QtvYUtRUvFGaSVvFBCqA2ytHX_r1B4Qp5YQC5vZEHkLlS24Loexr6ejbHXi6pRu3rBDnoeg83UPL-a6YBDWRuJinah5pWqCV1mmIbKgpLXC7xAI5vSSyrhjd7GhmhP4qVdD65RiOZrvI7XwxvYLqw0rCnb7msdjMMam30jZQuPjHZbce8071D0Ai7pGvgmPcQrlwlgfihgeUrz0vt3QYXh6FNa-pTvvgAZH-87Vq6o3HpOiaU0ArdELcgEJAMpcQ6YlOFL0LhPKFaPBndPBSjfrZICnko6IdBqoDnNBD_uM0xJgq-EloQ5vD7Sii2hxFiX4zehlkwLTv5VmVROG4deQMiYsoILpf-4OOo9GAKSTFC6s1yT3wy4ZLzr-7MBaw-uaQ7cCJHKwgIa7emF5KZlaTP85OEUqJ0TJNHZk4DP3pm16x3D81ocELV4zjiK404Ud-LetHefRHEyvH_xU6ryi5xhJ-p3esMpJsRxMui_BPv9X4b_BoE:1ttgup:vqIma4o6tjhE3OTk52yfQHAcBt5ZzuPso70uqbdQBjQ	2025-03-30 05:52:03.927193+00
99nsohuy5mv93q1j4nkaxz4hn91li78p	.eJxVUG1PwjAQ_i9L4JOMrlv3YkLMUNGhi2DEKF-Wrju2smXFtgPE-N_tEkw0dx8uz93zkvuyMtrpKusUyIwX1qUVWhd_sZyyGtp-UWxpWwqbiVZLntv9iX3eKjsVBTTT8-0_gYqqyrAp8cIQCPEcDASIi3zXDSgNfRagYINzFiFGEA5zHweMFa6HvTxH0QaY77gIPCPKjEe2B8k3HKSRdEVCrtGKefoNp_vDw3SUJksv_ahfVmS7fhwd3mm56PiNP40Nu4WjNqQxZUx0rVZjMe5DCslPML6SoHaiVZDpzx1Meqchazi02jxlslyuD3F6L_y7oJ4vTkkUe0_zo07q6pmULJTqdha9qrIeSii4BKazTvJJpfVu4MYDPDPt4MBGphyDhAghA_0GMSOjTdO_0vr-AaEvgwA:1tyQMq:d0kM3Z64dmdlP3WFXapqjY12hMEae-g8Z2A_P0wnDmY	2025-04-12 07:12:32.438501+00
kvnz7c90vpp5eil9xmw450zwezmpkmx5	.eJydVF2P2jAQ_CtWng8SAundRaqqg6pqVVV3aunLqVLkGEO2OLbrj6AU8d9vnQACpKqCJ8ebndnxrsfbaAWu8mXh1JrLKI9WlSp-T9pZJvh0fN82f7Knl2-aGnDvdHovv3-i6TJ5sW10d0B6y02UbyOhVhAY1lTwclOCrZTGLFhE-ShJRtn9OE3uIqkWvAix6GexXn18ni6rz_CEebShjprCG4H_Kue0zeO4D9phXypUYko6Lt2QqTr28ZH4Q_N-EiSZPU1XAQMXdBr2VD0e-Wx8obdytbhQcQK5SF4qIdQGWS51_69QfEQeWUCubmRB5DZWruKmG8aum41114vqUNtuwQ4GHovNNHxxNdMeh7I2EhVtY8O16gh9aZkB7UDJ6wWeoZFNmRWV8JfexoboQBKkXQ_uUIjmDV7H6-E9bBtrAw1l7a7TwTg02OwbKS_wyOhazYPTgkPRC7gUDfBNsY9rXwpgYSjgeEEXdfDvkgrL0ae0DilfQwEyPdx3rKypbAOnxFIGgS1RSzIDyUBKnAMmlfgS9O4TinWjwd1zBSp0q6aAp5JeCLQaGE5LwQ_7ElPy6AuhNWEer490oiWUWOcX-E2oI_OKk39VJtob69ELCJlSVnGhzC-fJqNHS0CSGUr3jhvygwGXjA9Dfzbg3N41_YF7IVI5WEKvvTiT3Les6IefPx4DnXOiPDl5EvDZO7F2t2N4XocDog7PmSZpOkjSQTqajx7yJM2zh9cwJb04y8kGyXgwyuaYkKb5ZPwa7XZvItAGcA:1ttgus:A9EiGkGQjm8jubnkfQgLx5RLnpacbkOJ1IAChbwV_II	2025-03-30 05:52:06.318235+00
rvbog0wsxsrbejfauoa7ao2oi6gcqjs2	.eJxVjstuwjAQRf_FaxQR23mYXZqKRymiRaqidBP5MU4MIUnjhAJV_71GQlW7mM2ce8_MFyr4OFTFaKEvjEIz5Pto8ncpuDxAcyNqz5uy9WTbDL0R3i3i3an1Nq2C-uGe_SeouK1cOyAYGDBGYapJRLQmgSJY0liqkGEsdEypxG4YkJD5jAgtuIhjpnhICSFOKt2N4gS90QZ6p2zx81PRhfMs3Y1KlHkn88X2kmXHBd2oKDpcRjtdBkn70VLXbuA8oFkz1vUEcSnB2mJo3btOdFDpWtfJSYzpy1WtNvPO7siqPK3zMefgunDuTA-24M7gRxQzgkkceSHxSRSEE9SDdrj6FcK62r4pypfXOun2Qf9qEvpoyvSYvGfqE33_ACRZers:1tx9Pl:FGyYRm9YyI58d2JAIvEMSsPMR_jzWADIgENTk-ASiYE	2025-04-08 18:54:17.293049+00
191u8tbchmgz9kkg32n2tk6x9vwmberi	.eJxVkMtuwjAQRf8laxo1dpzE3VHKs0qglCBgE_kxJqFggxMIouq_10ioUhezmXvvmce3p-HaeC9eZjR4Ha9g56YszjXYopKuHQT_m5yJL9B3Re6Y3hpfGN3Yivt3i_9Qaz81EvavD-8_QMnq0qUJRkCB0hCeFY6xUphIjESYCBlRhLhKwlAgVxRwRAOKueKMJwmVLAoxxg4q3IziArZSFViHvPY1a6emXR4-94uukdNJkefp6mRpptvbW_YOm_GTFuPZuu_STAio66IxbkUXXu_mIzjxatBjwzbYDKI0XMI2k-lKbfHE-eF6rCzUBXPPCuIQUYwISfyAEORu6XgWlJPLPyDRizkZDWNWjTW99Q75hRhRf8w2LD7mXe_nF6H7ekQ:1tx9RO:N0Ys2E5rJ2CtUfPmu5Me1-yROFlxcHEDkYrub9ITOU0	2025-04-08 18:55:58.56711+00
gh0dkkvc6g86t1928capea1wte1ndii1	.eJxdUF1vm0AQ_C9I8VOCj4ODSyUUOVEa09hNJbeK4QXdx2IuBg4fhx2n6n_vUaVSG-0-rGZ3Znb3p1ey0dblOIAplfQ-edS7_BfjTOyhmxryhXU77QvdWaO4P434793BX2sJze377H8CNRtqx2YkohQIiQIMBEiI4jBMGKOxSFBSYS6ukSAIUx7jRAgZRjjiHF1XIOIgRBA5UeE8yiMYVSkwTjJ6g6q2p6B6JuYHba_4yi6GEdMi2VSn47pbPS0Ck2-fJMkdu4NX60hzJoQeOzvM9XxaUhv1BvMbA0OvuwFKe-4hnZxmolHQWfeU9JwNu3sVtcsvqwPP7_ZVtjk-S3J6yIsliPujxLy4q8R2ZkAqA8KWo1FpbW1_ES4u8GeXAU585CJwCEUIOejvIq4UrGmmV7py9udKUTsEuh2kKGi3RfO9Xz8uH2i71oc4-_a17YPb7PTyaEmx3OfnPTrojck-UMsW3Hky3WASe79-A0Xdo8M:1tykSN:_hqF5IIY3xP8Gc3ytMEVu5Ow7IFiuxExYtcbHtPTEJE	2025-04-13 04:39:35.265801+00
yn2z9spjdhwojqiwmpw39ic79awdijrb	.eJydVO-L2kAQ_VeWfD5NjEo1UMp5B71SqtDzoByFsFnXZHCzm-6PSE783zubqKhQin7a7GTem7cz-3YX5GALl6VWbbgMkiAvVBrNXx6n-Yx9mB9vv_Kvy3KZPQ-bEZuPf_6Zs_h1YieL4OGIdIbrINkFQuXgGTZU8GybgSlUhVmwCpJBFA3Gn4Zx9BBIteKpjwVv6SZ_XszWxQs8Yh6tqaU6dVrgv8LayiRh2AVNvyvlKzElLZe2z1QZuvBE_KX-PPKS9IGmrYCBK7oKDlQdHvlMeKW3sKW4UnEGuUpeKyHUFlmudf-vUHhCnlhA5neyIHIXKltw3Q5j387G2NtFtahdu2AHPY_BZmq-upnpgENZW4mKdqHmlWoJXWaYhsqCkrcLvEAjm9I5lfBB72NDtCfx0m4HtyhE8xqv4-3wDrYLKw01Zc2-1cE41NjsOymv8Mhom4p7p3mHohdwSWvg2_QQr1wmgPmhgOUpXZXev2sqDEef0tKnfPcFyOx437FyRWXjOSWW0ghsiFqTJ5AMpMQ5YFKGL0HnPqFYOxrcLQpQvlslBTyVdEKg1UBzmgl-3GeYkgTfCC0Jc3h9pBUNocRYt8JvQi1ZFpz8qzKpnDYOvYCQGWUFF0r_dnE0mBoCkjyhdGe5Jq8MuGS87_uzBWsPrukO3AmRysIaOu3pheSuZWk3_GR6CrTOCZLo7EnAZ-_M2u2O4XktDohaPGccxXEvinvxYDmYJFGcjCfvfkrV6iJn3IuGvcF4iQlxnIyG78F-_xcf_QXl:1ttguv:0JVG7vjo25lIy5q43iNOH3n-3ZJDOuWc7kGvrc3y_3c	2025-03-30 05:52:09.463391+00
7fuilyd5id9indan3lz3zmkoesxhuoq4	.eJydVNuO2jAQ_RUrzwu5sFF3I1XVwkpdetGqKn3oqlLkGJNMMXbWl1AW8e8dJ4AgUlXBk-PJnDPHMz7eBiXYyhW5VUsugywoK5VXo7Rovv5RD_ztU_Xt6eNEvkY_pf6tyi_T13I0Tc3sMbg5IJ3hOsi2gVAleIYlFbxYF2AqVWMWzIMsjqI4fTdKoptAqjnPfSz4kS_Lx-fxonqCB8yjDbVU504L_FdZW5ssDLugGXalfCWmpOXSDplahS48En9o3t96SXpP01bAQI-uhj1Vh0c-E_b0VnYleipOIL3khRJCrZGlr_t_hcIj8sgCsrySBZHbUNmK63YYu3Y2xl4uqkVt2wU76HkMNlPz-cVMexzKWktUtA01r1VL6ArDNNQWlLxc4Bka2ZQuqYQ3eh0boj2Jl3Y5uEUhmjd4HS-Hd7BtWGtoKNvsWh2MQ4PNvpKyh0dGu6m5d5p3KHoBl7wBvs738doVApgfClie0_nK-3dBheHoU7ryKZ99ATI-3HesXFO58ZwSS2kEbohakAlIBlLiHDCpwJegc59QrB0N7p4rUL5bKwp4KumEQKuB5rQQ_LAvMCULpoSuCHN4faQVG0KJsW6O34RaMqs4-VdlUjttHHoBIWPKKi6U_uWSKL43BCSZoHRnuSbfGXDJ-ND3Zw3W7l3THbgTIpWFBXTa8zPJXcvybvjZ_THQOifIopMnAZ-9E2u3O4bntTggavGcSZQkgygZJPEsvsuiJEvvXvyU6vlZTjqIRoM4nWFCkmS3o5dgt_sLbuIG2Q:1ttgw4:M3BJNbXDNT47YsqV9zz7ABnn9Jtwx77nzB4g7qcRcLg	2025-03-30 05:53:20.567062+00
iyvm5o8mmmadqhpp5jf1l028av58rnmf	.eJydVF2P2jAQ_CtWng_ywdGDSFVVaCvonXQPBy-nSpHjmGSLsVPHhtKI_951AggiVRU8Od7szI53Pa69HExh08SoNZde7OWFSn4Bs8OwGIST0ctMLKff58ufQk4-fHv-_fVpHsjZ-KX0Hk5IW3HtxbUnVA6OYU0FT3cpVIVyWZB5cRgE4fBpEAUPnlQZT1zMWybr_MvrZFXM4DPm0S01VCdWC_xXGFNWse-3warflnKVmJKGS9NnauNb_0z8afvx0UnSR5qmAgY6dCUcqVo88lV-R29hNqKj4gLSSV4pIdQOWbq6_1fIPyPPLCDzO1kQWfvKFFw3wzg0s6nM7aIaVN0s2EHHU2EzNc9uZjriUNZOoqLa17xUDaFNK6ahNKDk7QKv0MimdE4l_KH3sSHakThpt4MbFKL5Fq_j7fAWVvulhi1l-0Ojg3HYYrPvpOzgkdHsS-6c5hyKXsAl2QLfJcd4aVMBzA0FDE9otnH-XVFRcfQp3biUZ1eATE73HSuXVO4dp8RSGoF7olZkCpKBlDgHTErxJWjdJxRrRoO71wKU69aGAp5KWiHQaqA5TQU_7VNMib05oRvCLF4facSeUFIZm-E3oYYsCk7-VZmUVlcWvYCQCWUFF0r_sFEQjisCkkxRujVckzcGXDLed_3ZgTFH17QHboVIZWAFrfbkSnLbsqQdfjw-BxrneHFw8STgs3dh7WbH8LwGB0QNnjMKoqgXRL0oXISjOIji4ejdTanMrnKGvWDQC4cLTIii-HHw7h0OfwGAzQWa:1ttgwB:2GZ2xXEPymlJbKiG1gJ8UETkdlr18tW3fxXwEy98Lnc	2025-03-30 05:53:27.176328+00
ccg9vqnd64ehoszjtpzjpxhofzix0wnt	.eJydVG2L4jAQ_iuhn1dbq-65heNYd7kXhFuOdWGRg5Km0c4Zk5KXel7xv9-kVdHCceinNNN5nnkykyd1sAJbuCy1as1lkASrQqX340q69-UsZ2-f7_no1_f3Zzr5wqejHwuxHUb56-PvWXB3RDrDdZDUgVAr8AxrKni2zcAUqsQsyINkEEWD8YdhHN0FUuU89bHgLV2vnl-my-IrPGIerailOnVa4L_C2tIkYdgGTb8t5SsxJS2Xts_UJnThifhT9XHkJekDTVMBAx26Eg5ULR75TNjRW9iN6Kg4g3SSl0oItUWWru7_FQpPyBMLyNWNLIisQ2ULrpth7JvZGHu9qAZVNwt20PMYbKbm-dVMBxzK2kpUVIeal6ohdJlhGkoLSl4v8AKNbEqvqIQ_9DY2RHsSL-16cINCNK_wOl4Pb2F1WGqoKNvtGx2MQ4XNvpGyg0dGuyu5d5p3KHoBl7QCvk0P8dJlApgfClie0nzj_bukwnD0Kd34lJkvQKbH-46VSyp3nlNiKY3AHVFL8gSSgZQ4B0zK8CVo3ScUa0aDu5cClO_WhgKeSjoh0GqgOc0EP-4zTEmCb4RuCHN4faQVO0KJsS7Hb0ItmRec_KsyKZ02Dr2AkCllBRdK_3RxNHgwBCR5QunOck1eGXDJeN_3ZwvWHlzTHrgVIpWFJbTa0wvJbcvSdvjJwynQOCdIorMnAZ-9M2s3O4bntTggavGccRTHvSjuxYP5YJJEcTKeLPyUyvwiZ9yLhr3BeI4JcZyMhotgv_8LEWIGEA:1ttgzp:z_lRAChPPcCQYOYvtLrpIV8J6n3KXr1TgMMzhfhmRlM	2025-03-30 05:57:13.522713+00
exj0wble5fjxj1racxfbh680dvbgyfdz	.eJxVjstugkAUht9l1pbAzAiMO6tSi8GkVtviZjJXARXMACKavnvHxDTt4mz-y3f-G6CsbTLa1srQXIIR8Dww-CtyJvaqvDuyYOWuckRVNibnzj3iPNzaSSqpDs-P7D9AxurMtocIKqIIwcrVKEBao6FEUOBQSJ9AyHWIsYD2iEI-8QjimjMehkQyHyOELFTYH_SsTK5zZSzShbCvotX1rV9un7qpjsewo5H79b7t4mUC16t4lSyOwfj4im27VJcGjMr2cBgAJoSqa9pUdq4F5cco65KJGxXBjKOZPG12Zzkt4zbdzNmH7arLKTeqpswSvABDAl070oEegtgfAKO0dbNfXhvwzVac58U47YeoXyP8ksJ0ct3ni8_CgO8f0_Z4vQ:1tx6Nq:sfshJn16_FNhHcZyy9gCblG3-Sdv4R6S_RjjcU6Z2xM	2025-04-08 15:40:06.066181+00
54rjp4onvpmybriysl7btvlfy2dgai1p	.eJxdUF1v4jAQ_C-RytMpxCaFpFJ06hcllF4rUSnAS2SvN4lLsFPHgcKp_71OxUl3p_XDenZndmd_eznrbJV3LZpcCu_Km3g__sY4gy2qviDemCq1D1pZI7nft_jnaus_aYH1zbn3H4GKtVXP5jyY8LEgFEQInMeCM-Q0CAIMAYFQGpIRGdMQ2SiOgRU8DEgYMREEEYs4daLgZuR7NLKQaJxkcTft1rvTOGLhPG3edPcYw-hQ1a-Z3d7E8UE2KSuzbLYn2rEVflhHGjIA3SnbDvWwX1IbecLhT4Nto1WLuT02mPSTBlBLVNYdJTmmbXkvw91svnjn69ttkS73mbg8PKw3M4T7vaB8c1vAamBQSINg887IpLK2uRhdX9Cpe4RO_MAFcUjkTDvozyIuBVbX_SkH3xahcl9UJSbTKH09zs3iKSt_vSwKdqzfXzSW5Jk8r-anMt_cLctH07Wq0P9R8x06byJZ0sux9_kF-emlnQ:1tyj1t:lmrMIElnQfncZXGaJvv2kLi6sMojiqJVvv73n2A2YaY	2025-04-13 03:08:09.227289+00
y9nsc824xffi773mepihfdqxp1u4bkep	.eJydlFFzojAQx7_KDc8VAgoiMzd39jpevVbtzVhbfWGSECAVgSMBax2_-21AHfWlY5-AZP-__ZPN7lbzcSljvxSs8HmgeZqJtJvTRYLpkqVqJ3jDaZTpNEtlwYmuQvT9rtBHWcCS233sGSDGIgY1InYYujQ0TWKyTsBseASk3SPU7rHQJcQJXBLYyEU2c7qOxdrUQsRxe8gNQUIASiGHX7GCh5wVgBTDMl6O_6Uiegw3L3dkWD3NJ5YYTN4Gg9tliy36iDkt2p0N56BO2bvUvLRMkhsNU8qE8GUGdgE0dP-0H8Ne__fDvJxb7_-qqbxf9PvhypoWoyVo2XvOCyZ8DASz27Fc1DXdnt5FjuN0brSChbAbH3kvM_Twq-pv1hPzaVEORuT-df30aE6GdDQbRsCLuIxLUp-P5m21JIu40t3j1Qd-iDEvNhCkytHt2LZjWy7YVz9fV2h099eZvY4T-kbRePpsjafDDoTjCktc-GWRQEwsZS48w2gWhd4kVPlU-VgqoYwrozQO_B_Vd8WIij2lTgQLF7Sc70mNHHDCODcdy1Vy4eFEcR4bZkmSrYFxafqTNMZReITwNPoaBIRbI5MxXFQVsquLI-TVlmrRtn7A4SmMgHMsWHAtaC8DU-sU_GyNguVZzSuJoAXPJc_Sq-2diQGWFRFO-Qf-EgzEiqGMXa2tRaqjKriEV6sb1dbIC15hutnVLijjFZzz14gXcgDKTc6A8Kx6ExpAjbCKs7W_X89LknCq6sEl83GwUp0b4kQw6FG8Yoc2_na85pA4x-nmMHsIdHvTXElG6wIcdtgKc2V-WStj_FN96yXVWVCq1oIRhEnCjiCeHV7lmku5v8KNiWY9zSQMyyaL_wm--TG_KZBnHRfqm6156KRfYQieNF69R8GbhGNUE1KzkIVaptkynanpeGbP69gLdZZ5cBZjt1C7hTpTs-2Zpoechbbb_QeAK0bf:1txtLY:pDK6vbt1xC1qWSFaSnUSUhre0Yrc4-hIGOMPxiMpQaE	2025-04-10 19:57:00.710857+00
8vyjityq22kl5nn2ndl5w1ww5opfs1zt	.eJxVjl1PwjAUhv9Lr8nC2o6t3CEoEAWBgMJuln6cssHstN1wYPzvloQYvTg378dz3i-U8abOs8aBzQqF-igMUeevKLg8grk66sDNvgpkZWpbiOAaCW6uC2aVgvLulv0HyLnLfTsiGBgwRqGrSUy0JpEiWNJEqh7DWOiEUon9MSA9FjIitOAiSZjiPUoI8VDpf2QnsIUuwHpksqwOq_MrH47pYDTdzMX8HNmZ_dyL8SXrjuJtemnKaLu-LHa-baCtUd80ZdlBXEpwLqsrP9eDBkK9TPWzWJmjeyhNKh9PKi_Xto2bCVv6LrTvhQWXcU8IY4r9PkrCIOniOKFxB1nQ3s5_gTiiH_z01CzsZNxu7u3UVG9QpKNY79SwQd8_Q9x7Jg:1tx63E:Pm_5uOWtOeAOQisww1sHUzY4MagJBK2j0eZzk26aImY	2025-04-08 15:18:48.061536+00
i4x1qf9kdinflfoanfz3i5a81v66j1ti	.eJxVjstuwjAQRf_FaxrhR0zMDpBasQBaXoGV5dhjkkASZCcoouq_10gItYvZzLn3zHwjqbo2l50HJwuDxghjNPi7zJQ-Q_0gplT1qYl0U7euyKJHJHpSHy0aA5fpM_tPkCufh3ZMCQgQgsHQ0hG1lsaGEs0SbbggJLMJY5qEEUC5wIJmNlNZkgijOKOUBqkON-QNXGELcEF5lvPTyFfbg3nr5dWtbqbq4ZDg6frotof0a7LfuGqDdz5loV1D36Jx3V0uA6S0Bu9l24R3g-gd425-xfd4xyqczWm5YLvZPv7kuYMZhC7018KBlyoY8IgRQYbDJI4STjDhbIAc2IDzl5BuTXnjK1HeyaxfY-N1ejTLe8ony-kHQz-_0Q549g:1tx6CK:ifvMyit3Oo5Q5S5A2XSvV16cEvPUSw6TAhEAb3Sih-A	2025-04-08 15:28:12.094727+00
jk6jkgahk92oe5cvz5gmemqiqjg97rc3	.eJxVUGFrgzAQ_S9C-2lojBp1UIYdbVe30nYf7PCLxHitVjGSxK517L8vQgcbdwePd_feHfdlZLRXZdZLEFlVGI9GYDz85XLKamjHRnGm7YmbjLdKVLk5jpj3rjQ3vIBmfp_9Z1BSWWo19dwgAM9zbQweeA4ijuNTGhDmI_-IcxYi5iEc5AT7jBWOi908R-ERGLEdBK42ZXpHdgFRHSsQ2lLgjzTOkoi8bYf4IrsDHYhzSOPzQqyS3c1-pnNye02ilIzqFq5KiyzKGO9bJS1ujUdyUQ1gPQmQHW8lZOrWwWzcNGVNBa3ST5nt9-lntHnhZOXX8W5Yh5G7ja9qXZfv3okFQi6WYSJP9VRAUQlgKutFNSuV6iZONMFLnTb2TaTD1kyAENLU7yEacl2MNs34Tg2N7x-kxoUj:1tyQJP:q1xbW_Dc9u-z56MqiDJhaO86AL9RIVF6QC3GcC2WYSw	2025-04-12 07:08:59.831119+00
28itk0w1g5hl1g633q34q5o23370irj8	.eJydVMGO2jAQ_RUr54WEAC0bqarKtlV394BK6R5QpchxnGSEY0eODUoR_77jBBBEqio4OZ7Me_M84-e9l4MpbBIbteHSi7y8ULFdFsvlSzLOp9lPLZ6XdJFMiuD720v4-vZhNl7PvzWB93BC2pprL9p7QuXgGDZU8GSXQF2oCrMg9aJREIymH8dh8OBJlfLYxbzf8Sb_uphnxQ_4gnl0Sw3VsdUC_xXGVHXk-12wHnalXCWmpOHSDJkqfeufiT9vP02cJH2kaStgoEdXwZGqwyNf7ff0FqYUPRUXkF5ypoRQO2Tp6_5fIf-MPLOAzO9kQeTeV6bguh3GoZ1NbW4X1aL27YIddDw1NlPz9GamIw5l7SQq2vuaV6oltEnNNFQGlLxd4BUa2ZTOqYS_9D42RDsSJ-12cItCNN_idbwd3sH2fqVhS1lzaHUwDlts9p2UPTwymqbizmnOoegFXOIt8F18jFc2EcDcUMDwmKal829GRc3Rp7R0Ka-uAJmf7jtWrqhsHKfEUhqBDVEZeQLJQEqcAyYl-BJ07hOKtaPB3aIA5bpVUsBTSSsEWg00p4ngp32CKZH3TGhJmMXrI41oCCW1sSl-E2rIquDkX5VJZXVt0QsImVNWcKH0HxsGo8eagCRPKN0arskvBlwyPnT92YExR9d0B-6ESGUgg057fCW5a1ncDT96PAda53hRcPEk4LN3Ye12x_C8BgdEDZ4zDMJwEISDcLQazaIgjKaztZtSlV7lTAfBeDCarjAhDKPJeO0dDu94gQWX:1ttgzu:Y5iq16774cQBNMqkoxcRo3bSdiksAKKxE6un8KxSsJc	2025-03-30 05:57:18.803472+00
meh9h6xcxr1ltud25zuynxtjfb4f9szt	.eJydVO9v2jAQ_VeifB4kMQmQSNNU2k6bOlZ1o-o2TYpsxyEuwU79I5Si_u87Jwy1SNNEPxHO99493_ndzs-xNVVuNVM5L_zMn_rvXsYIpism3EFxj8VSDqkURnEydCnD_akezmXB6tk-9xVBhXUF6DAqcUQxoiRB46iYkihKx3icspIhRMuwSAmK43RKpukUJZMoHeESscl4FCdxGcZjIKVQI2-Z4iVnCijJVt2pGzIboKv5cnUxEe300m74Y15cJ9_uB5fJzcfzuS6bh4UGtGCPBkABfGJKmda5kaAWQpt5XF6d_Xgg6mazprNv8_aafpdntq1X4olAPntsuGI6x0AQTeJRGI_ScDwcTdI4jd75ipVwWh34Hpbs62WDz9ntw5efafL1y-pioQqW3Fu5KO-Ab8lNZUnXHj_b-bVccodb4ZqRDeG6kg1kuWlEYRglkxEKQb-7fTeh23y1vLieldUnfuZu02KDVW5VDWeVMY3OgqAP6mFfylVyc2PCwPzWgQ0OxB_a97GTpPY0XQUIHNE1fE_V44FPB0d6K7Ouj1S8gBwll7Ku5QZYjnX_r1BwQB5YuFi-kQWQu0CaCp6py3nuZqPN6aI61K77gQ46Hg3NVKw4mWmPA1kbAYp2gWKN7Agt0VTxxnApThf4Cg1sUi2x4E_4bWyAdiRO2ungDuVc1cJzPB3ew3ZBo3iL6fa500EZb6HZb6Q8wgOj2TbMOc05FLzg9ljL2SbfxxtLak7dULhhOS7Wzr8lrjUDn-K1S7lyBbzZ3_cOlRssto5TQCkFwK0nS--cC8qFgDlAEoFN0LuvlrQbDfy7rrh03VpjDrcStq7BarCOMKnZ3_8EUjL_s4fXHrXwfISptx72tLEFfHvYeIuKef-q7DVWaQteAAis8IrVUv22KIxS7XHhnYN0a5jyvlPOBGVD158NN2bvmv7CvRAhDWznXnv-SnLfsrwffpYeAp1z_Cx8sRL8DL2wNixBaB_c18CA3Ab2UYjQIEQDFC2iaRaiLJn-clNqilc5ySAcDaJkAQkIZfHol__8_Ad_N2uN:1txclF:fixeanTgVCTwyyRu7KBYZMK9pk6Gp-THrCurwv5Qtmo	2025-04-10 02:14:25.788475+00
xsi9v1dw8slktou8zeomf2hkngfqtsvz	.eJydVO9r2zAQ_VeEPzfxjzRbaxijSRnLBi2j6djKwMiyYh-RJSNLzjKT_30nOwmJYYzkk6zzvXdPd3pqvRxMYdPEqDWXXuzlhUrgU_44-bZ5_RI-5fl88fST_qi0fgkflu_E0-_ge7ooZt7NAWlrrr249YTKwTGsqeDpJoW6UBVmQebFYRCE0_eTKLjxpMp44mLea7LOH59nq-IzPGAebaihOrFa4L_CmKqOfb8P1uO-lKvElDRcmjFTpW_9I_HH5sOtk6T3NF0FDAzoKthT9Xjkq_2B3sKUYqDiBDJIXikh1AZZhrr_V8g_Io8sIPMrWRDZ-soUXHfD2HWzqc3lojpU2y3YQcdTYzM1zy5m2uNQ1kaiotbXvFIdoU1rpqEyoOTlAs_QyKZ0TiX8odexIdqROGmXgzsUonmD1_FyeA9r_UpDQ9l21-lgHBps9pWUAzwymm3FndOcQ9ELuCQN8E2yj1c2FcDcUMDwhGal8--KipqjT2npUr66AmR2uO9YuaJy6zglltII3BK1InOQDKTEOWBSii9B7z6hWDca3D0XoFy3Sgp4KmmFQKuB5jQV_LBPMSX2FoSWhFm8PtKILaGkNjbDb0INWRac_KsyqayuLXoBITPKCi6U_mWjILyvCUgyR-nWcE1eGHDJ-Nj1ZwPG7F3TH7gXIpWBFfTakzPJfcuSfvjx_THQOceLg5MnAZ-9E2t3O4bnNTggavCcURBFoyAaReEyvIuDKJ7evbkpVdlZznQUTEbhdIkJURTfTt683e4v1pQGNA:1tth0i:lqKw8djAXaFKsJSB5_OTWTtfFCx7DihlGKf48CqMJ6Q	2025-03-30 05:58:08.710632+00
3b79p4e8lem15zex80s4sl1xfrox1ezu	.eJxVUN1rgzAQ_1-E9mmzMX7FQRlutJsFabsHH_oiMV411SaSxK3r2P--CB1s3D0cv7vfB_fllHQ0bTlqUCWvnQeHOHd_sYqyDsS0qE9UNNJlUhjFK3c6cW9b7eayhv7pdvtPoKW6tWwaBoRAGAYehhBCH0W-H1NKIhaj-IgrliAWIkyqCMeM1X6Ag6pCyRFY5PkIAivKrEf5DoofOSgr2e_4eWgOWV60-aV4Oyd4Z54LtLonV9inOjydDtsMiYa32rIFXIwlLShjchRGL-RiCikVv8LiUYEepNBQms8BlpPTnPUchLFPWe73h480f5XRS9xtdtcsSYPt5mKyrn0LG0aUXq2TQjfdXEHNFTBTjoovW2OGmZ_O8Nq2h2MX2fIsQhBCFvoNYkdG-356pfP9A4YhhCg:1tyQPH:jFrKHiLkVdRf-YeRJJnM9KHZ6y7TFSHqfbwfOVD5K94	2025-04-12 07:15:03.923452+00
yqoqhejix11litfqcswkzb6017jsmnum	.eJxVjl1vgjAUhv9Lr5WUtkLrJWOLy-bchwt61bTlVEACQnHKlv331cQs28W5Oc_7Pud8IamOQyGPDnpZ5miOwhBN_i61MntoLiSvVLNrA9M2Q1_q4BIJrtQFyzaHOrlm_wkK5QrfnlECAoRggC2NqbV0llNiGDd5JAjRljNmiB8BNBKhoNpqpTkXuYoYpdRLjb8hP6AvbQm9V5KEr3Z229JuYaYObg7irFc6qdLX9-w5nq4opO5NNuPDnfPtBs4DmjfHup4gZQw4J4fWv-tFbZpC1T2-7CnJQmsqvEvXTo3V8nOPFwffhfOh7MFJ5Q1hzIggmBMSiAiLGJMJ6sF6XPwKt-VpkQ2b8WnsNvjUuPrermnIeCeSWwfo-we9UXn9:1tx6SK:ZgSMLeX3-wvXrARuoS4EjBJQ0-XKwY_SHvutn8_9xEk	2025-04-08 15:44:44.217447+00
vskcx5b1k3gutzepzbgy1ke2v41kve7o	.eJxVjstOwzAQRf_F6xLFjzzMrlQIlbaghrJoN5Yf48ZpcaI4oQXEv-NKFYLFbObce2a-kJDjUIsxQC-cQbcIYzT5u1RSH8BfiGmk37eJbv3QO5VcIsmVhmTVGjjeXbP_BLUMdWxnlAAHzhmklhbUWpoZSjQrtck5IcqWjGkShwPNOeZUWSVVWXIjc0YpjVIdb4h36J110Eel2y1exdJN99nBmBu2eJy6w1aEYt7lylc7UjT7DdB1qebb2PZwHtCtH4_HCZJaQwhiaOO7UbRcVG2a9quUfXQjG5oR3w_N03xTT7END7EL5871EISMBlwwwgnGjCVZyUkxQT3YCOtf3cwHV6UnMkD-5sm63W6eO9zNTp-bKl2-oO8fmjx42g:1tx6TI:s6YYnekTSv_3g1MKVTWFZh47h33f4lTiLYr-R84bplM	2025-04-08 15:45:44.854797+00
f8shc4f1x5q99rw7gfnca942dfb3irmc	.eJxVjl1vgjAUhv9Lrw2RtiD1TrZkc06UEeP0hpRySusIVQrKXPbfVxOzbBfn5v14zvuFct53Ku8ttLku0RT5Phr9FQsuPqC5OeWBN5XxhGm6VhfeLeLdXestTQl1fM_-AyhulWsHBAMDxiiMJZkQKUlQEixoJMqQYVzIiFKB3TEgIfMZKWTBiyhiJQ8pIcRBhfuRn6HVUkPrkBlW_Plx-XAY5P4yxLPrrtXzFNK3VABc51k9UWbxkmzWs9S1Gxg6NG36uh4hLgRYm3fGzXWgV23xSmVVRqqTTXhC-0LOT--f560xSee6MBx1CzbnjuBPKHb7Ahp6AaM4DEaoBelc9csbsx3tnhaXalvyVQCxYeft8aDj2X4d9hv0_QP2ZHrA:1tx65f:dTJV_FYfiuyQuworLvimd74LupxPsctRsNH9eXsDGFI	2025-04-08 15:21:19.66651+00
z4imtcjybcc3gaalf9ayv96ghq5v3f2l	.eJxVjstuwjAQRf_FaxTFD3DMjgCFUhVEEVRiE9nOGCeEhNohRVT99xoJVe1iNnPuPTNfKJOX1mYXDy4rcjREGKPe36WS-gj1neSlrA9NpJu6dYWK7pHoQX302uRQpY_sP4GV3oZ2nxIQIASD2FBOjaH9nBLNEp0PBCHKJIxpEkYAHQgsqDJKqiQRuRwwSmmQ6nAj68AVpgAXlMKOTnYCT-t5NTsuPvm0dbt4szrH--Osq8oSYnngdrzb8Wlo13Bt0bC-VFUPSa3B-6xtwrtBVOZSL-cq9W-w9eK9Zao_X86uutajxW0RunA9Fw58JoMBc0YEiTHGEU8STGLaQw5MwPZXONkcupf19pR-TKWolvvx-Zn70YoS3N0cRd8_3P95iw:1tx6Ce:L3HKujx-HQ6G2oIU0BypD9MZ_MfRcx1ubkMgGAfQYIo	2025-04-08 15:28:32.053245+00
8xla40vktd6ha1dlbgesef3cpw1releh	.eJydVGtv2jAU_StRPg_iOEFApGkardpuK9AO-lg1KXIch7gEO7UdHkP977tOKKJI00Q_JbbPOff4Xt-7dWNSmTyuNFMxT93I7bmfDvcSQudM2IP0mYiZbFMpjOJJ20Lau1PdHsqUFYMd9p1ATnQO7C5KQ0Qo6SDk-12GO2nWC3qo74f9kARZEAZdSsI-DQDCsI99xFDCEkr6WRqk1LqiECNeMsUzzhRIbsz19ZVpjeT3s4G8mE-Hl8WA3r7c3N3ejMP1BVqjTou1Hp5xioAt2NoAyYNfQinTOjYS3MLWJU8fzh7WV-HCTPLN5br_OLqvFj9xdc7C7gTwbF1yxXRMQMDvhgEKg04PtX2M_R7-5CqWwWm-1xuMrtHFcD4e3g9fbub5LXn8NXq8eibyic4nDPRm3ORVUqfHjbZuIWfc8uakYMkq4TqXJaBsNXzIVqcbYAT-7e3rCt3F89n5eJDlV_yrvc2SGKLiShVwlhtT6sjzmk3dbkLZSLZuTBio38KrvL3wl-Xn0FpSO5k6AmwcyZV8J9XwQU97R35zsyiOXBxQjsCZLAq5ApVj3_8L5O2ZexUuZh9UAebWkyaHZ2oxr3VttDndVM3a1h_IoNXRkEzF0pOVdjywtRLgaOspVspasEo0Vbw0XIrTDb5jg5pUMyL4H_IxNWBbEWvtdHLNsl21hOd4Or2hbb1S8SWhm9faB2V8Ccn-oOQRHxTNpmS202yHQi_YObbkbBXv9ssqKTi1ReGGxSRd2P7NSKEZ9ClZWMgPG8AZvL13iFwSsbGaAkIpIG4cmTlnXFAuBNQBQAlMgqb7Cknr0sBqnHNps7UgHG4lqqKAVoNxRJKCva0TgETuN4csHFrB8xGm2DjE0aZK4d8hxpnmzPlXZKeslK6gF4ACIzxnhVS_K4z8vna4cM7AemWYciaUM0FZ2-ZnxY3ZdU1z4caIkAamc-M9fme5SVncFD_q7zfqznEjdDASYOwdtHa9onBfAwWyE9jFCOMWwi3sT_1ehHDU6T3ZKpXpO0ynhYKW35kCAOMoDJ7c19e_1tppug:1txcK7:Eo1nZMDd63tgKanWuKmSC6LY5DV5G61dXw61LClPqVM	2025-04-10 01:46:23.017988+00
pf5l03dp38bhcm46xtxv6ovoadv1hh9r	.eJxVjk1vgkAQhv_LnpXAziqsRxG1rVprSbRcyH4Cykdl0RCb_veuiWnaw1zmed9n5gul7NLl6cWoNi0kmiDPQ4O_S87ESdV3Io-szhpHNHXXFty5R5wHNc66kaqcPrL_BDkzuW2PACuqKCXK1eCD1jCSgAUJhBxTjLkOCBHYDlUwph4FrjnjQUAlGxMAsFJhb6RX1Ra6UK1VLtxDqiGEm_9MlrKX290HD9JT1LibeHjaV8PoTbxMJYt2xrZr1XdoUl_KcoCYEMqYtGvsu1YUHupZ2CbHPs7EPDsn59kmXhKcbRf7W7W2XdV_Fq0yKbMGzycYXByA7wCh4Ll0gFqlLc5_hfPXcMezKqlMk-Rl8nRdrFbvp4iRmHebEH3_AGikeYA:1tuVcm:I16F3oqjzSnXl7CGb19tB62dZFn9NSN7Eq_0JdkjiJw	2025-04-01 12:00:48.896482+00
qqbl3q5j3fg0vrogl22f8zvym2m4w1si	.eJydVF2P2jAQ_CtWng_yAfTuIlXVQY-7tlJpVfpyqhQ5jiErjJ06dhBE_PdbJ4AgUlXBk-PNzux41-PaW4LJbZoYteLSi71lrpIPTy8_dvmCTr9OXqd_nx-eh5tAsUAOp0LczwbVz93Ld-_uiLQl115ce0ItwTGsqODpJoUyVwVmQebFYRCEo_tBFNx5UmU8cTHvd7Jafp6NF_krPGEeraihOrFa4L_cmKKMfb8Nlv22lKvElDRcmj5Ta9_6J-JP1cehk6QPNE0FDHToCjhQtXjkK_2O3tysRUfFGaSTvFBCqA2ydHX_r5B_Qp5YQC5vZEFk7SuTc90MY9_MpjTXi2pQdbNgBx1Pic3UPLua6YBDWRuJimpf80I1hDYtmYbCgJLXC7xAI5vSSyphR29jQ7QjcdKuBzcoRPMKr-P18BZW-4WGirLtvtHBOFTY7BspO3hkNNuCO6c5h6IXcEkq4JvkEC9sKoC5oYDhCc3Wzr8LKkqOPqVrl_LNFSDj433HygWVW8cpsZRG4JaoBZmAZCAlzgGTUnwJWvcJxZrR4G6Wg3LdWlPAU0krBFoNNKep4Md9iimx94XQNWEWr480YksoKY3N8JtQQ-Y5J_-qTAqrS4teQMiYspwLpf_YKAgfSwKSTFC6NVyTXwy4ZLzv-rMBYw6uaQ_cCpHKwAJa7cmF5LZlSTv8-PEUaJzjxcHZk4DP3pm1mx3D8xocEDV4ziiIol4Q9aJwHj7EQRSPHt7clIrsImfUCwa9cDTHhCiKh4M3b79_B50RBc4:1tth0x:mxZCOV9er-aCAVnIP6h3gc2wGEw6rCK1fgiyPxNFpCI	2025-03-30 05:58:23.374433+00
8skqsompxwsn6ih34lqxirl541ih7sjk	.eJxVUG1LwzAQ_i-F-UnaZF2TRhgyYZsdbjqVKX4pTXpds5akJKnOif_dFCYodx-O5-554b6CvOhdnfcWTC7L4CrAOLj8C_JCNKCGTXko1F6HQitnJA-Hk_C8teFal9DenG__CdSFrT0bVQwJggvCWRwTLhhOEybKCkiaJpRSTNNxCTiZEEaqBANiIiaIc8oRpiUSXlR4j_wdjKwkGC-Z0pfXwxHME0V20-NnWnV3QvWnbHJAOEsa4PaY7jb1fJl5toKj86SoEEL3ytlIR0NIbeQJomsDttPKQu4-O5gOTheilaCc_8p0u337mK1vNVnSZvVwythscr86uqypH5O9SI2dL9jO7psLA6U0IFzeGzmtnetG8Ww0XvjGYxoiX9gjKULIQ79B_CiKth1eGXz_AILSg-k:1tyQmG:W56SyG6tgXHeEIx4LYXAeO7-XuzKwELWkxCFbEaUVB4	2025-04-12 07:38:48.999286+00
5g68ovgmbhbwfv5mq4q2efzku6to8crv	.eJydVNuO2jAQ_RUrzwu5AO1upKoq9Lbah91uWVVdVYoc4yRTjG05NiiN-PeOE0CAVFXw5Hgy58zxjI_boARbuTyzasllkAZlpTK-zJ-exZuxVY_Ft0-aNeXPyWx8__T55Yd52IyL2e8vz8HNHulqboK0DYQqwTMsqeD5Joe6UhqzYBGkcRTFk7ejJLoJpFrwzMeCl2xZfnycFtVX-IB5dE0tNZkzAv9V1uo6DcM-WA_7Ur4SU9JyaYdMrUIXHojfr9-NvSSzo-kqYOCMTsOOqscjXx2e6a3sSpypOIKcJRdKCLVBlnPd_ysUHpAHFpDllSyIbENlK266YWy72dT2clEdqu0W7KDnqbGZhi8uZtrhUNZGoqI2NFyrjtDlNTOgLSh5ucATNLIpU1IJf-h1bIj2JF7a5eAOhWi-xut4ObyHtaE2sKas2XY6GIc1NvtKyjM8MtpGc-8071D0Ai7ZGvgm28W1ywUwPxSwPKOLlfdvQUXN0ad05VMefAEy3d93rKypbDynxFIGgQ1RBZmBZCAlzgGTcnwJevcJxbrR4O6xAuW7taKAp5JOCLQaGE5zwff7HFPS4J7QFWEOr4-0oiGU1NYt8JtQS-YVJ_-qTLQztUMvIGRKWcWFMr9cEsV3NQFJZijdWW7IdwZcMj70_dmAtTvX9AfuhUhloYBee3YiuW9Z1g8_vTsEOucEaXT0JOCzd2TtbsfwvBYHRC2eM4mSZBAlgySex7dplKST21c_Jb04yZkMotEgnswxIUnS8eg12G7_AqOOBoY:1tth1U:ckaYc6Bv_rSjW-henZyQ_hQ05fOUwC5IPOg8gCCSn2A	2025-03-30 05:58:56.534576+00
mn2uritfscb6wsuhh2mclnmfkx8hf12l	.eJxVUNtKw0AQ_ZdA-yTJ5p4IRVpstcESW6SgL2EzmTTbhN26u7E14r-7gQrKzMNwZs6F-bIK2uum6BXKglXWrZVYN3-xkkKLfFxUR8oPwgbBtWSlPZ7Y162yN6LCbnG9_SfQUNUYNg2DJMEwDFwPQwx9Evl-TGkSQUzi2ishJRASLykjLwao_MALypKkNULk-gQDIwrGo_hAyWqG0kju3c32ZdXGBIahfiozP8vT-pjk66bY5aVa5GcKr4zfd-9Lw-Z40YbkUADRc60c4YwhhWQDOncS1UlwhYX-POFsdJpCx5Br85TZdvt2nm8eRfQQt9nzsE7nQZ5d9LptduEBEqmWq3SvDu1UYsUkgi56yWaN1qeJP594K9OuF9vElGuQhBBioN8gZgTadeMrre8fU9yD9w:1tyQPV:ktc0J2kGkNHlECGJx-kBTCx_Zf9xKfZXucc1l3v2OTY	2025-04-12 07:15:17.528673+00
5qbz8jnbn1j7g94ddfkdyv1in8sqb4mt	.eJydVNuK2zAQ_RXh5836kg3NGkppdqFdChtK01JCwciybA-RJVeXpFmTf-_ITkISKCV5kjWec-ZoRkddUIGtXZ5ZteIySIOqVtkUkpemfn1lqz9v_PfX3FSbPJ6Xqvy0mM6Xcfxc__gZ3B2QznAdpF0gVAWeYUUFzzc5mFq1mAVFkMZRFE_ejZPoLpCq4JmPBd-zVfU8n5X1Z_iIeXRNLdWZ0wL_1da2Jg3DIWjuh1K-ElPScmnvmWpCFx6JP6zfP3hJek_TV8DABV0Le6oBj3wmvNBb20ZcqDiBXCSXSgi1QZZL3f8rFB6RRxaQ1Y0siOxCZWuu-2Hs-tkYe72oHtX1C3bQ8xhspubF1Ux7HMraSFTUhZq3qid0uWEaWgtKXi_wDI1sSldUwhu9jQ3RnsRLux7coxDN13gdr4cPsC5sNawp2-56HYzDGpt9I-UFHhnttuXead6h6AVcsjXwTbaPty4XwPxQwPKMFo33b0mF4ehT2viUL74AmR3uO1Zuqdx6TomlNAK3RJXkCSQDKXEOmJTjSzC4TyjWjwZ38xqU71ZDAU8lnRBoNdCc5oIf9jmmpMELoQ1hDq-PtGJLKDHWFfhNqCWLmpN_VSat08ahFxAyo6zmQulfLoniR0NAkieU7izX5BsDLhm_9_3ZgLV71wwHHoRIZaGEQXt2JnloWTYMP308BnrnBGl08iTgs3di7X7H8LwWB0QtnjOJkmQUJaMkXsTTNErSyXTpp9QWZzmTUTQexZMFJiRJ-jBeBrvdX1FOBtM:1tth1a:Yja-5jwD4yJUPpr6ciEb2g6NIeJb7fkcqqSgbEtI5tg	2025-03-30 05:59:02.077635+00
kgdgic1ob436e7si2hsmkdgh3hjpg6kt	.eJydVO9r2zAQ_VeEPzfxjzS0NYyxdEtXyijdUjbKwMiybB-RJSNLdrOQ_30nOwlJYIzkk6zzvXdPd3paewWY0qaJUUsuvdgrSpX8uvneTstv_LWVP99fcjWZBy8P8_dHKLsvs6fJw_xBZt7VDmkbrr147QlVgGNYUsHTLoWmVDVmQebFYRCE05tJFFx5UmU8cTHvNVkWn59nefkVPmEebamhOrFa4L_SmLqJfX8INuOhlKvElDRcmjFTlW_9PfHH9sO1k6S3NH0FDJzQ1bClGvDI1_gnektTiRMVB5CT5FwJoTpkOdX9v0L-HrlnAVlcyILIta9MyXU_jE0_m8acL6pHrfsFO-h4Gmym5tnZTFscyuokKlr7mteqJ7RpwzTUBpQ8X-ARGtmULqiEP_QyNkQ7EiftfHCPQjRv8TqeDx9ga7_W0FK22vQ6GIcWm30h5QkeGc2q5s5pzqHoBVySFniXbOO1TQUwNxQwPKFZ5fybU9Fw9CmtXMqTK0Bmu_uOlWsqV45TYimNwBVRObkHyUBKnAMmpfgSDO4TivWjwd1zCcp1q6KAp5JWCLQaaE5TwXf7FFNi75HQijCL10casSKUNMZm-E2oIYuSk39VJrXVjUUvIGRGWcmF0r9tFIR3DQFJ7lG6NVyTHwy4ZHzs-tOBMVvXDAcehEhlIIdBe3IkeWhZMgw_vtsHeud4cXDwJOCzd2DtfsfwvAYHRA2eMwqiaBREoyhchLdxEMXT2zc3pTo7ypmOgskonC4wIYri68mbt9n8BfBWBmY:1tth1b:jN92_ZU7mHqjO-g5yJvakuSa03slaBj9Z2Ea7olbbVI	2025-03-30 05:59:03.115082+00
p5sgwo5lwqom8evb21mdxjys7izd53sq	.eJxVjtFugjAUht-l14xQCpR6pzjZLpwgMczdkLacSpWAFjAuy959NTHLdnFuzv9_3zlfqOLT2FTTAKbSNZohjJHzdym4PEF3T-oj7w69K_tuNFq494r7SAd33dfQLh7df4KGD42lQ-IDA8YC8BShRCkS1sSXQSzriPm-UHEQSN8OAxIxzIhQgos4ZjWPAkKIlUp7o7qC0UqDscoJF3mRvemDmJ82c73dZ9vuY9mYZTLx2lwyKIvX4_tTkBXPlu7gNqJZN7Wtg7iUMAzV2Nt3rUiXJlwn3S7fHIsFzlNKr2P5-ZINaVbm0rJwO2sDQ8WtAdPAZz72WOzS2Is8L3SQAWXj5leY7hMBFl6tKL4ydkunlpUJjc6b6bLr0fcPxcx5OA:1tx6T7:4XUH4yoB495tyJKh4hLLdOVNU4SDsxBw6KXlmIdsfGo	2025-04-08 15:45:33.165585+00
ng0lnd6pf2r40gwox5m3i1t63d9txlwm	.eJxVjl1vgjAUhv8L1wZpqYXubkSXTfyIi8N4RdpyCsintDrMsv--mphlu32f933O-XJSfjFFetEwpGXmPDmhM_mbCS4raO8gO_E271zZtWYohXuvuA-q3XWXQR09uv8EBdeFXXtIcSQ5lmKGKcpCgRCjnDJQgLFUXsYEJoSFImQhngWI-VxhCKhPZkR5hFqptDfSKwylKmGwymSf-MsdGJGf20tlar-57fOYNcQsDhGP37PySqNt_rnaartuYTR2NO35rYHW6KnNuJSgdWo6-7Zl0cf2NYf-JM4jet7skpzil0CKJaW1V_e2D2NfDqBTbk0oID7CPgsCF1OCCZ44AyhLi1-fV92uYbxYieP8QIb1ct8Em3m8Gg9Z9FYdne8fBGh7fQ:1txxEp:uT6RLU7Hwx37tTAPRLdRvD_AbDJb-6Tg9fcs37gTjpk	2025-04-11 00:06:19.879334+00
z3b1re8zgwqohb1y1az4esql9i66m46q	.eJxVjl1PwjAUhv9Lr8nC1q5ruRPRRROMGggZN00_TtkAO2zHMjD-d7uEGL04N-_Hc94vJOS5q8U5gBeNQTOUpmjyV1RSH8CNjtlLt2sT3brONyoZI8nNDcmyNXCc37L_ALUMdWznOAMOnBOYWlxga3FucKYJ04byLFOWEaKzeBww5SnHyiqpGONGUoIxjlAdf4gefGMb8OOgt8upU6wPbtHSQ1m4R1rVTJSHh25RNl05Pw2iuXxue8Ni28HQoZk7H48TJLWGEETXxrkjyFY4X_udvU5fhqG4TnW2TddD8MrnH1XswnBqPAQhIyEtSBb3UU6THBdFzifIg41u_cu73xSvadBPLduQyqzgbuUuz8vle0tWe2XR9w8cJXrD:1tx69v:bKrkix2qfXpTR3As5ZhPaK4A7as_3mbmlzx87I7PQuE	2025-04-08 15:25:43.091921+00
z7xjfnx0p0n0lb00dfvuv2mn53h325z5	.eJxVj0tvwjAQhP-LzzQitpPY3Ah9EBRKC6WtuER-rIkLSmgcaNKq_71GQlV72MvOzLezX6gQx7Ysjg6awmo0QmGIBn-XUqgdVGdFv4lqWweqrtrGyuBsCS6qC-a1hn168f4DlMKVPh0RDBw4pzA0JCHGkEgTrChTOuYYS8MoVdgPBxLzkBNppJCMcS1iSgjxUOVvFCdorLHQnKv2s919qM3qKn1cgpj0_IBnG5GzzTRLnpZiLSYqa6IsN86nK-haNKqO-_0ACaXAuaKtfV0Pes3tQvTLbZda1i2m8KBm9V0f8WyMnz-ufRa6g23AFcITwoRiTjAhcUDDYULZADVgvFr-8j43czY-5f7Lzr5TxtxaOidKcnvzsmp36PsH8cl48A:1tx9No:hOLYHv5k3Fix7XJF37d9me_uLe8FMooyl206ERLhiXE	2025-04-08 18:52:16.865076+00
9xzc95nsfh6q8uub0bdkz2cnwd9miae6	.eJxVkM1ugzAQhN_F5wiB7YCdY9I2RBSaporSG_LPupCAiQw0NFXfvY5UVcphLzsz3472G1mYBrSwY9PMUCnGoSrHHlxZa7RAUYTullKoE9iboo_CfnSB6uzgahncLMGf2gd5p6FZ_nnvAJXoK5-eEwwcOKcQGpIQY8hcE6woUzrmGEvDKFXYDwcS84gTaaSQjHEtYkoI8VDlb5Sf4GpTg_PI58t-Y9tTOEVG8hTzenw679JilT5OLI6uDqtkfaxokbTMp4VS0Pfl0PmKPjxsbLrNdMic3H21l6x9uKxofjWQm7XZej9M59pBXwr_qiihmBNMkzBIwhhTjmfIgfFy9Q8slqt8eiesyVvxeuD7tIgPL12W7cZtMryhn1-70Xjb:1tx9R9:nl1nU8T1bWl4duj2348OCIoM1I_PLnvVeH5FKWTL_NE	2025-04-08 18:55:43.291316+00
2rw69ehoevrmecjjboew6camdtvbk26k	.eJxVkMluwjAQht8lZxQ1tkns3ggUhKqwpCxVL5ZjT7ZGMdgJoFR99xoJVeIwl3_5ZjQ_Xgu3znv1VroFb-Rx0Xcl7y0YXiknB8GzmAn5De3dUbVoC-1L3Xamyvx7xH-41k-0giZ-ZJ8ApbCla48xAgaMEXjJcYTzHI8VRpJQqUKGUJZTQiRywwCHLGA4yzORUcqUCAnG2EGl28EvYKq8AuOQOFjPo2iuNtsmmW4Ib2fh9E0nt_2iJpddurP7g7qKLb_yiWsLKcFa3ml3oitfNt0QM7JIo2Gvh7NaJ-nyfacmX_FwWvYuD7dTZcBy4Z4VRAQxjMIo8kNGESXByDOQO7v8B5qV-SzO5fEAzXFc9JrOFum2q2nzUU-Phff7BwabelY:1tx9bv:nPLz72vMFR0TeQ7ELWsoKowIKqOBhNxAfg1FtHokjkc	2025-04-08 19:06:51.719887+00
34mti5p17xhbblotq3jzg2gu5angp9hg	.eJxdUG1vmzAQ_i9IzaeJ2FBsmISmNoKmUzo1zarRfLHAPsBLMJlt6GDaf5-ZOmmb7j7cPXfPcy8_PFYOtmWDAc2k8N57GHvv_garkp9ALRXxtVRN7_NeWS0rf2nx36rGf-gFnG_fev8RaEvTOjaqE8QJLkmVhCGpeILjKOGiBhLHEaUU0zgQgKNrkpA6woASHhJUVbRCmArEnSh3M9gIWtYStJMcOjvT2DTkOE90X0y78BHmx0sw5TJ43d0Wefac5TYe99mDYyv4bh1pXXLeD8qadb9eluy1nGH9QYO59MoAs9MF0mXSip8lKOu-kk73psnkdbf9uPtWvWxO9f1h_CKi17uX4xZ4NoqgOm5qXqw0CKmBWzZombbWXq7Cm6sgd44D6iNn2CExQshBfxZxIS_P5-WVq98n8taloBpI2R3bBlnwidpSHGA8PiGs81O3Z3TzeW5Hg7ub7ikrikY9_0dlHbjbRHoIIuL9_AXrEqNG:1tyRTT:fMPBAelHQE0D6zH_VwvG4mgVuzu1aSWIXWVuyF1oyp4	2025-04-12 08:23:27.727144+00
roz4w0ethj2l35lphn0ln6ta2tej2ypf	e30:1tzyAt:YMPJhvmxnmVGqCQYCNpI17FY913gTEqm9aVnbviAzhw	2025-04-16 13:30:35.05396+00
7y1dxp64yezmstsu8z8ww2h55wgmb8pp	.eJxVjVFLwzAUhf9LnkfJmtgkvrkpDtSxUpTtqdwkN-2iNCNpN4b4381giHu853znu9-khWns2ylhbPeW3JM5JbP_oQbzicOlsR6GLhQmDGPc6-KCFNc2FW_B4tfiyt4Iekh9XjMpS4aOSy1hrqWVWlNQilZOcKooVcLhHbJScGY4WouVEMIqC6zi-WJZCsZgSu0Y8pNs_Ng8NS9pjb42vlwdN75b1_pkTsuz2i6eMx_RRUz936BpvBNC7UIENwaD58fpPR4etq-rujsq8vMLlUZZkw:1u05PD:69R2aZqmwz41TwqFQZRzLamEg1B_R_f3ajGBf9JiqBE	2025-04-16 21:13:51.851753+00
rpza5d186ich60vacc3ip1knii43lslw	.eJxVjttOwkAQht-l16R0Dz2sdwIBoQoVQQg3zR5m24K0pNsK1PjuLgkxejE38_3_N_PlpLxt8rQ1UKeFch4chJze36Xg8gDljag9L7PKlVXZ1IVwbxH3To37Uin4GNyz_wQ5N7lt-wQDA8YoeJqERGviK4IljaQKGMZCR5RKbIcBCRhiRGjBRRQxxQNKCLFSaW-kn1AXuoDaKt-TdkLafNYk51U3xT4SsK2y6vm6GU72y8GRLK7n7TwbjtXatku4NLbUP_HrEcrG9O2OSwnGpE1l37YM6OhQPXlvhxa9viY7QakhcafjeLNUeWjzcDkVNZiUWxMKKWaEET9wWUAihKOeU4O2OP8Vom7goem6E5m3KsRoF_BtMNsUj-N5uIgT5_sHlQZ7Kg:1txBD3:vGdhgC3GM77qAHEzdvYldruci3mu-eosQHwn3DfsTU4	2025-04-08 20:49:17.702046+00
w2vq6wrsrhapoqfz623s1hvidzqo4wpe	.eJxVUFtLwzAU_i-F7cm1SbsmjTBkE3fT4SayB19KmqRr1pLUJHVz4n83hQnKOQ-H75zvwvkKctq5Ku-sMLnkwW0AYXDzFywoq4XqN_xI1UGHTCtnZBH2J-F1a8ON5qKZXW__CVTUVp4NSgIYghQVJElQwQjMUsJ4KVCWpRhjiLOYC5iOEUFlCgUgLEGgKHABIOaAeVHmPfIPYWQphfGSx1MMCCc5USd-vIdstG-zRUKUnr0-Xrbv6xHdoNP8ablcaM9W4uw8KaKM6U45G-moD6mNvIjozgjbamVF7j5bMemdhqyRQjn_lclu93aabpYaLXC93l5WZDp-Xp_dqq5e0gPLjH2Yk7091EMjuDSCubwzclI51w6S6SCe-4YxDoEv6JEMAOCh3yB-ZLRp-lcG3z8GsYNE:1tyQmi:DSAZu6ZeEMLxSHaTw-KnkyXRop4Xo9Br28al_-IpkWU	2025-04-12 07:39:16.851987+00
vcwa8o86lxb3o4o72rapcadahrxsfnyn	.eJxVjctOwzAURP_FaxTZdWzHLIugKm8WCQ2byPa9TgooBjupeIh_x5UqVLYzZ858k87M09DNCWO3BXJKGCMnx6E17gXHfQPPZuxD4cI4xa0t9khxaFNxEwBflwf2n2Awachr6jV1khlpNefSOs0qoR14lFUllFJMVQtAJkqppRcMqXZcUmuVpUwBdVlqnMOUuinkk2xsz1FcwBm3X_3iAeCK1837bn1f1pcx2CbzEX3ENPwNPjbXT7vl56b3TbmS7Rt_bFeG3c5R3dXtmvz8AhDOV5o:1u7kve:8BpRh2p7pY1tq43-rxFOSY8VHor_Q9M31M170SOdWXY	2025-05-08 00:59:02.074054+00
0lun0e5o0nx2w4eq4wo27gjrxca8wfs5	.eJxVjstOwzAQRf_F6yqyM5EdWBZUSqWUh0LpLprY49q0iqmdIlHEv-NIFYLt3HvOnS_W4Wl03SlR7Lxh1wyAzf4ee9R7GqbEvOGwC4UOwxh9X0yV4pKmogmGDvNL95_AYXKZRtQCeAlAvSDgRELaSikjBRmNQhEgiCsFtrbIKyyp5lbXvTGZkFDKLEWtKaVuDHkkG_3r_fPiw7V-g2v_ErbN-VOnRu5Xt_OwnJ6IZCMl9wvctG185wt39zBs0lE9tscqbYMez09OomDfP-KzWeM:1u7enJ:7pSrI41Cd_vmxHNzcX16R1tf3gYrPN0k5g2UvDEzgb4	2025-05-07 18:26:01.300368+00
sog7luwnfbyv3gdu0fhfpvdqmmjxz20n	.eJxdUMFu2zAM_RcDzWl1ZFlxnAHG0BVO4zZF1-aQJhdDouhYrWM7kuw0Kfbvk4cOaAfqQD3yPfLx3ct5Z8u8M6hzJb3v3tT79hkTHF6xHgryhde7xoemtloJf2jxP6rGv28kVj8_er8IlNyUA1sIMhWRDChIBkLMpOAoKCEEGSAElLIgDCLKkIezGfBCMBKwmEtCYh4L6kTBzch71KpQqJ1kyl_W2VG_kdOvLb-fnJ70XrYmmB-mWRU-0i4sgS3Tc6zFo2PX-GYdacwBmq62ZtyMhyUbrc44_qHRtE1tMLenFpNh0ggqhbV1R0lOmdmliu0Xt8uD2Fy_FtmqX8vJ8WazXSCkvaRie13A80ijVBrB5p1WSWltexFeXdC5ewGd-sRF4JDYmXbQv0VcCryqhlOO_lqE0n2x3mGiF33EnvNsXgbr493V5XHVpb05w9PDw-383N6xTdHE0SHtl-Q_ar5H500mKzqJvN9_AKa5pIE:1tyj4c:Vmzfjis6kzOPhWcmXqfJ3NyUCRPG353Rq5YvNz82FXU	2025-04-13 03:10:58.920384+00
oe1pnguydexdknycv51wx1nqviz4hkzv	.eJxVjctqwzAQRf_F62KQbVlyd3k4Ja0NJbShXZnRaPxKkYLkuKSl_14FQkmXc--5Z76jBk5T35w8uWbQ0X0ko7vbTAEeyFwKPYLpbIzWTG5Q8QWJr62Pa6vpY3ll_wl68H1Yo1acCAUwAI4oODCp8xbaQpLCXEhEyYo0AQh3lguuBUvTrGBCt4miJEgBkbxvJhueBKPYPBwy_lpt5_nM5jqh9MV0XyuqNuVxvw68o9aR7_8G1c6UZ_6-_swed2U3LManbbEc32q_su74HP38AtzzWSg:1u8Xkx:DeqIpM4SCGlK1LSVJCvLfJmqUxZUdGYqanM0oOU3-oM	2025-05-10 05:07:15.986631+00
e59u8cw95kbemqnv522b0z7kicmwecvu	e30:1u2iPs:teiVM4J5L6gdXjtCK88koa6tCed4Za5xQiteyUSzT_8	2025-04-24 03:17:24.179698+00
5vmuvz6uagmglh19stnfs1zg038jzitw	.eJxVUG1LwzAQ_i-F7ZO2afqWCkO24eYmo05hgl9Kmt7arCUpSTpnxf9uChOUuw_Hc_e8cF9OTntT570GlfPSuXOIc_MXKyhrQIyL8kRFJV0mhVG8cMcT97rV7k6W0C6ut_8Eaqpry6ZRSAhEUehjiCAKUBwECaUkZglKjrhgKWIRwqSIccJYGYQ4LAqUHoHFfoAgtKLMeuRnUPzIQVlJPNDDYv12qhbZcF6i7LXbP8kKS1qVghx2igYE0_p2mSXasgVcjCV5lDHZC6M96Y0hpeIDePcKdCeFhtx8djAbnaas5SCMfcpsv3__mO8eZbxOmu3zsEnnYba9mE1Tv0QVI0o_rNKDrpqpgpIrYCbvFZ_VxnSTYD7BK9s-Tlxky7cIQQhZ6DeIHRlt2_GVzvcPMdaDsQ:1tyR0m:l-YJaL0SZZ2-5MCBCfYNmFBknt9DyCmfK8-vTjDDMpE	2025-04-12 07:53:48.94691+00
ssf4ppm9yj5fsan0hyo5uktvvd4vrdx3	.eJxdUNtu2zAM_RcDzdPmKLZlywWMIcviLsWSNGlXoHkxZJq-1JmUSUpiZ9i_Vy5aoBvIB_KQ5_Dyx8n40dTZUaPKmsK5dpjz6SOWc2hRDIXimYtKuiCFUU3uDi3uW1W7S1ng_utb7z8CNde1ZXMaMIaUBhMPKVKfhL4fcc5CiEhUejnEBCjxWB56EUDhB16Q5yQuEcKJTzCwomBnZCdUTdmgspKdiAPVPc5Y9_m8S5_UvCgpn67ubsTPim_706w_4SZ-uPyGyrIFdsaSxhxAHoXRYzkelpSqueD4i0J9kEJjZvoDJsOkEewbFMY-Jdlsdufp8rsMb6L29u6yiKfB-rYzi7be0gqY0vM0ftRVO1JYNArBZEfVJLUxhyt_euWl1ide5BJrE4swQoiF3hexIfD9fnjl6PVEqG2KosKk2y37dnZarepQbM_r9Mc3oiuRLoqnWj3H83W7YKUU6UNf6f-o2S-0txXJvUdD5-8L5BSj1g:1tyR1D:jk6osTg7_rDbLjEWDQEVguklTh1sU6C6am9Sz4RkrwE	2025-04-12 07:54:15.490648+00
1vaapfyb8wd66ckm55pu4x9ywjme9jo9	.eJxdUNtu2zAM_RcDzdPiKLJluwOMobek7ZoAqYfl8mJINBWrceVElpPGw_598tABa0E9UIc8h-T55eW8tWXeNmhyVXhfvcT78j8mOOxQ94Xihett7UOtrVHC71v892rjz-oCq-v33g8CJW9Kx-YsTBJkLBxTZMgCEgVBzHkSQUxiSQVcEmCEJiKiMUARhDQUglxKhGgcEAydKLgZ-RGNkgqNk-zi1XoYl6aTP4byMI3L82aySETVtTN6m5mFfJ6wRThUa3ZybI1v1pFGHKButW1G9ahfsjaqw9E3g82-1g3m9rzHtJ80gEqhts6U9PzQbO9U-Hr_-HQQ65udfMiOy4KdpuvNPcLdsaBicyNhNTBYKINg89aotLR2fxFcXdCJe2Ma-8TF2CEJIcRB_xZxKfCq6q0c_D0RSvdFvcX0cTo_wPnp-pTZ3ZGtxNXz_PuMF8tuF3Dp7HrZ3GY6mcPy5-ITNX9Fd1uRZpRF3u8_N8ai5w:1tykKP:EmrUAOXBgWNJP0Fsf6fxijo6j6djb5JUJyHw0vTuQwo	2025-04-13 04:31:21.916118+00
4b9pzp26c64gis24efi2clhn33oipxbs	.eJxVjctuwjAURP_F6yoyfsROl8VFEWqaVQV0E9k3100IjVGcsKn4d4yEqnY7c-bMD2nsMnfNEnFq-pY8E02e_mbOwoDjvWiPdvwKGYRxnnqX3ZHs0casCi2eXh7sP0FnY5fWVgqtUUqxYihRcppzrqzVOSiqPHNQUJCUaZczBdBywYRztPAI-YpTFElqATDGZg7pJBmdqU5nMfDNOZrX5WAO9m2toODDZV2XH4mf0E8Yu9_BpS6CkfPnQP2el6ai8TtuduV772VttuR6A822Vu4:1u4f8l:yxlAkpi1i7GtXBNHxnlX8V9VKCEyjNXpPctz_AJFWJk	2025-04-29 12:11:47.451835+00
thhu2iktdv3y09okz5twou7rpag9dxcl	.eJxdUG1v2jAQ_i-RyqcpOE6chEnR1FIKlLGqQnSQL5F9ORNTcNLYodBp_71O1UnbdPfh7rl7nnv55RW8s1XRGWwLVXpfvdT78jcmODyj7gvlnutd7UOtbauE37f4n1XjL-sSDzefvf8IVNxUjs1ZlKbIWBRQZMhCEodhwnkaQ0ISSQWMCDBCUxHTBKAMIxoJQUYSIQ5CgpETBTejOGGrpMLWSR6Xj-dqlcz44rZ5FD-men33lI_2zUWuFLvN-UO6lRbZOd8Yx9Z4to405AB1p60Z1sN-ybpVbzj81qJpam2wsJcGs37SAA4KtXVPyS5zs5uo6Di7__4ituNnOV-dfpbsdbrNZwiTU0lFPpawGbRYqhbBFl2rssra5iq8vqJ3zgOa-MRZ4JCUEOKgP4u4EPjh0L9y8HEiVC5FvcMsfokucq2a4Ga9t1PcjHP9dP8G69cuDe31ojYzuVguTpP5w_w_anFEd1uZrSiLvd_v6E-jsA:1tykRS:h5YPGSksUALxoth8BQ74SHhOM8i7kmotqA8iyCgjRvs	2025-04-13 04:38:38.365834+00
oeoawbvo0ij04ppaspxp7xoh3m1j9qzy	.eJxdUNtu2zAM_RcDzdPqSL5I9gBjSIteUsy9ZU2HvgiWTFuaXTmV5DbxsH-fPHTAOpAP5CHP4eVnwKrRSTZaMEzVwecA4-DTvyCvRAd6rtQ_Kt0OoRi0M4qHc0v4XrVhOdTQn7z3fhCQlZWejZocCYIrwvM4JlzkOEtzUTdAsiyllGKaRTXgNCE5aVIMKBcxQZxTjjCtkfCiws9gr2BUo8B4Sa6bzPbJ8Tb-dnsv2y2vp810wrrrlye2uXgh6mskH6nq9qvSszXsnSctKyGGUTu7HJbzkoNREyy_GLC7QVtg7rCDYp60EL0C7fxXiru7p7dVeTmQC9pd3U7rfJXcXO3dupP3aSsyY8_O861tu4WBWhkQjo1GFdK53VG8OorOveOIhsgb9kiGEPLQ30V8KKq-n1-5-HOikD4F3UIxTZs9PayHh--n9LV_fBi1TQ_62ZVMtq2MSrhk_fbmuk9Q8h-VPYO_rS42UUqCX78ByR-jmg:1tyQoO:bHlKR_DGHp2MNiEcCe0kWacEBG_PwXSJ82nKdGF-C98	2025-04-12 07:41:00.038418+00
a4chsyfpwrp8mwxki56acpy6x7w2b7nj	.eJxdUO9P2zAQ_V8i0U-QOk5om0nRxFigQQXUlVDaL5Z_XBqnjR1sp8Cm_e9zEEjbdP5wfnfv3b37FRDau5r0FgyRIvgSTIPTvzFG-R7UUBANVTsdcq2ckSwcWsKPqg1vtYDDt4_efwRqauuBzRiasomIMBcJZywVjALDCCFIOPAI4ySKowlOgMZpymnFEhQlMyoQmtEZw16U-xnkCEZWEoyXzPtlu75ncb8tV-6H6OPqRrfuwop19z1SV4973Sz2xrYICs9W8Oo8aUw5171ydqzHw5LayJ8w_mrAdlpZIO6tg2yYNOIHCcr5o2Rvhd3lMmnnN4tntrncV8XquBbnL9eb7Rx4fhSYbS8r_jQyIKQB7khvZFY7153EFyf4yr8IT0PkI_LIzJv20OciPuX0cBhOOXq3yGv_BbWDLC8fmrxY1Yu4nc-XyVmdnt2Wr08blbptXDSqeyTNXUnKyXH5H5W04L2JbIXPJ8HvP0GepNI:1tyj3b:nFh_o6RKOlImwN0HjF7zAQ6JRFZqY1X_SsVvFxx2qBU	2025-04-13 03:09:55.742261+00
02dsap7ifn2dkbyiurfz8yykeakr9u4e	.eJxdUNtu4jAQ_ZdI5WkbbEKcuFJUAVvKpXeqbeHFcuyBuAkx2E5pqfrvdVZdaXc18zBzZs6Zy0fAeOMK1lgwTMngLMA4-PE3mHNRQt1W5AuvNzoUunZG5WHbEn5XbXitJVTD795_BApuC89Ga4oEwZzkNIpILihOYyrkGkiaxkmS4CTtScBxn1CyjjEgKiKC8jzJEU4kEl5U-BnsFYxaKzBekp6-HM3d8jiaXnEyGZmDLt2WL4Vkw3k0f3xsxsjdNEu0R1PPruHNeVKXC6Gb2tmu7rZLaqOO0D03YHe6tsDc-w6ydlJHVApq57-S3d-vDoPriSaXSTm7O07poH87e3PTsniINyI19mJMf9lN2TEglQHhWGNUVji3O4kGJ72xd9xLQuQNeyRFCHnozyI-FLyq2ld2fp8oCp9CvYGMHEZytXreX_AJtj-HzXb-VC4mRM3MPKaDvZXkilWXxi5E_z8q24K_TWaLXkyCzy9SgaJw:1tyR0a:nv3mcu-ZJbpVpUvGhft6nrqa-MKkSYNanvAPfTG0118	2025-04-12 07:53:36.73228+00
6zq72xwgz508kjbirqz69ys6ryqz1x5y	.eJxdUF1v2zAM_C8GmqfNkb-VAcaQtGmXoOmSFjMKvwgyxdiuHSmV5DbpsP8-ueiAbaAeqCOPvONPj_HBNmwwqFkrvC8e9T79jVUcOpRjQTxxWSsflLS6rfyxxf-oGn-jBPaLj95_BjTcNI7Nk5hSTJI4CDHBJCJpFGWc0xQyku3DCmYEEhLSKg0zABHFYVxVZLZHSIOIYOyGgtvBXlC3-xb1qHTzXJc35upqKON-yW8LQWlZlIqdD3fLg8iO4vKF0e4Bz6MniSfrSFMOoAZpzVRNR5FKt284_arRHJU0yOz5iPm4aQJ9i9K6o-S7Xfk633xT6U3Wrbdvq9k8_r4-2VXX3Cc1UG2W17PC1N1Eo2g1gmWDbvPG2uNFNL8Ir90LwswnLgKHUEKIg_4IcSnwvh9POXm3CI37oqwxt7R6Yt3jo1mUp88_qo7e1tHldrEt4rsBdqtg_0zErivWS7n5j8oO6LyJ_CFMUu_XbzH9ol8:1tyRPC:B6kTXtUBbjVQvSA2iZcTPa7HgfH0drPLne1mDLq6JRU	2025-04-12 08:19:02.061028+00
ol0yokdrmb5lwxywmwta3fcr6ecdlk6u	.eJxdUl1v2jAU_S-RylMX7HzYcSU0ZZSvUtYCbaG8RI59QzJCEmyzAtP-e52pm7bJfrDvvefce479w0n40eTJUYNKCuncOBg7138HUy52ULUZ-Y1X29oVdWVUkbptifuR1e6sllB--aj9hyDnOrdolDEkCOYkZb5PUsFwFDIhMyBRFFJKMY08CTgMCCNZiAEx4ROUpjRFmEokLKmwPZLvoIqsAGUpDwiV06b8mi5JGsvNa7Bbxxfymho-3q60qrik0k9mwcNwbtEVnIwFdbkQ9bEyult32yFrVVyg-1mBbupKQ2LODfTaTh1RFlAZ60pvPt-8xbNxTUZ0d_d4mbA4eLg7mckuX4RbESk9GLIXvd11FMhCgTDJURW93Jjmyo-vvKHd2KMusgvbSIQQsqHfg9ij4GXZWtn5JVHk9grVFnre4jBdHBg8jU8rGg6YEl5_ch4PRp-YHi5rEsPyZb1-uyUI_QdN9mC1yd7SC4kVb3uB1omp7ftYE6rp5rYMcD9ejPdP2I_3Zgn8UU9XDRwG7QeAU2OF6IRbyzANfM-PgoC6Eaa-h8NrR0Fm0_kfwvso32g_u2zWeHhe7GH2fD8yuK_2Yfk8MM7Pd2kzydk:1tyR19:hHuqY9idu18vuFOq5ptPYKpKsZyAtnpds8pfq48GIew	2025-04-12 07:54:11.77617+00
c0vlm67zavzh8m0wuioc2xc9bl8ljowy	.eJxdUNtum0AQ_Rek-CnCy8ICjoQi6rg2NbbSuG3qvCCYHcwmeMHLgpNG_fcuVSol1czDzJk5Zy6vVpb3usr6DlUmuHVlhdble6zI4QnlWOCPuTw0NjRSK1HYY4v9Vu3sTcOx_vTW-0GgyrvKsHPmhSEy5jkUGTKX-K4b5HnoQ0CCkhYwI8AIDQufBgDc9ahXFGRWIviOS9AzomBmZAMqUQpURrJd9HfdY3Kqz1vVnvh69y3epOJus5DO2Y3nB9DDd9iGG7JqDFviszakaQ7Q9FJ302Y6Ltko8Qun1wq7tpEdZvqlxWicNIFaoNTmKdFL0h0WwjuuvqSnYj9_KpPdcM_Zebl_WCEsBk6Lh3kJPycKuVAIOuuViCqt2ws3vqCfjTs0sIkxxyAhIcRA_xYxIeR1Pb5y8vdEqEyK8oAR9b7OknAZy-RmGabHmzhd75l3bO5nzwPHJP1R364V5fOtgP-o2RHNbTzaUeZbv_8AuOWidQ:1tykKl:vUhflm3FqmnP2ZzYDeGTp0w8BRjxlUeV6L3ffrG9hy0	2025-04-13 04:31:43.828742+00
rmqhbwtni9gs3djkm5p4telsuqomg0zb	.eJxdUO9v0zAQ_V8irZ9Y6jhxkiFFqBll7aBjaERl_RLZ50vjLHOK7f4a4n_HQUMCdP5wfnfv7r37EdR879p6b9HUSgZvgzx48zcmODyhHguy43o7hDBoZ5QIx5bwtWrD1SCxL197_xnQctt6NmdJniNjSUSRIYtJGscZ53kKGckaKuCKACM0FynNAGSc0EQIctUgpFFMMPFDwe-oD2hUo9CMSl_uO7XcrjZ9NW8ub8hRDBXV89Pnu3JV0a-bddOV9x_N-7vb0ZPGk_OkKQcY9trZ6TAdRQ5GveD0nUG7G7TF2p13WIybJtAr1M4fpTgv7XaukufF7afv4vH6qVk-HNaSHW8eNwuE-UFSsblu4NvEoFQGwdV7o4rWud1FPLugH_yLaBYSH5FHckKIh_4I8Snwvh9POfltEVr_Rb3FYjkrZ4e-Ty-_RKvFicKxqTq2o8czJ1DOrLTV2mQJdqcE_qPWz-i9yeKBsjT4-QvwvaJ4:1tykP7:lt8v8eERKQ3XbioRxGmblUFd0CPUcKDWxLj4a9_qHJQ	2025-04-13 04:36:13.288796+00
aol6xwx0wqogoup29p6ug34zo4r83i23	.eJxdUWtv2jAU_S-RyqcqOE6cRyU0AU15Fcqo2kG_WI5zkxiIQ2OHkkz77zNTN22T_cH3cc695_i7RVmjC9ooqKlIrTsrtG7_ziWMH0BeC-meybyyeSV1LRL72mJ_VpW9rFI4jj57_yEomCoMmhEvDIEQz8FAgLjId92AsdDnAQoynPAIcYJwmPg44Dx1PewlCYoy4L7jIvAMKTcz6BlqkQmoDWWHluVrsbvQLszHs6foxRXR_QTpNgpyFW8QHe27RbSttq8Hg5Zw0QbUZ5xXjdSqX_WvS1a16KD_pQZ1qqQCqtsTDK6TevwoQGpjyqCdqTwWXjmdP74nu_Ehmz2fv6XkY7J7mwKPzylO3sYZ3_ZqSEUNXNOmFoNC69ONO7zBD-Y6OLCROY7JhAghk_q9iHlydjxerez9ksgLE4LMYUBTso5r9rChYfkkm3MbL95nThmtxofVh9gshL5fFfs5Kh53_0FpCUZbOnjGxDfizSxQiurK_I8xYbFCmTdcTqZqudi8dOmWEynjdTJP5_HENf1wORkhijJjmRN4LvYQ9nw7cCMceuGtVUNmysUfQjKctuMTClkx4qqbulrF668iJ6U8t5vY-vETjLHLqg:1tyRU6:nGXpl_j-wvvYC-t_DaTick1nZyeSWH1bgeg4xw3Dnsg	2025-04-12 08:24:06.739284+00
hco6sjcaygsxjldgpc692n9x510e84me	e30:1u08Rc:fMVptL-luutKcpgA9NJvJhIsVqiy3SgY9I6xYFiVTjU	2025-04-17 00:28:32.436747+00
m69emb2e47jbnm2fe2a0ouj0i3vp15lz	e30:1u08Sb:RL5P_qkXfRrjOv3MLuQlGwzICpLYf1ij9jdAAKQpINM	2025-04-17 00:29:33.554174+00
tx9fxf82hdoy0op7yrh82okj8hbfu8h2	.eJydVG1v2jAQ_itRPheSmBBIpGkardZ2L6q6dmpVTYocxyFejZ36BZYi_vvOCUWANE30E-T8PM89vvPd2s-xNXVuNVU5K_3Mn_pn-7ECk2cq3EH5G4u5HBIpjGLF0EGG21M9_C5Lymdb7IFAjXUNbFIkaRqWKUnoKEmnFaoSNIpoOYoKHCZxmRRjUkXVhMRJXCUVJpMExVFakbRAcRoSEMWEUK1zIyEJKMaP7UN6F6_G6St_idrR3a28pWVrr-3l4-sM8IpWiup6R7i4JKtvN3RKJrJ8IWL8-Qo9TOLljz8Pk-cvjjBnprZFZ9vP1j6Xc-Z4z5jTYlUwXcsGUK5KURhG48kIhWe-gJv3lfuZP88vbmZVfcU-ObtLbLDKreJwVhvT6CwI-qAe9qlcJldPKgzUdRHYYCf8cfkhdpbUVqbLAIEjuYZtpXo-6OngyG9tFvzIxR7lCFxJzuUKVI59_y9RsGPuVJiYv1MFmOtAmhqej8Nsut5oc7qpjrXufqCCTkdDMRUtT1ba8sDWSoCjdaBoIztBW2iiWGOYFKcbPGCDmlRzLNgrfp8asHX38Bt5OrljAZsu4TmeTu9p66BRbIlJu-l8EMqWUOx3Sh7xQdG0DXWT5iYUZsHtlyWjq3wbb2zBmVsVmhma43Lh5rfCXFOYU7xwkK8ugTd7e--QucGidZoCUikgtp6svHMmCBMC-gCgAjZBP31ckq418HVTM-mqtcAMbiUs5zBqTFFccPr2XQAk8689vPCIhecjDG897GljS_jvYePd19T7V2avsUpbmAWgwGqtKZfql0VhlGqPCe8crFtDlXdHGBWEDl19VsyY7dT0F-6NCGlYxXrv-YHlvmR533zYa7tINzp-Fu7tBD9De7MNaKgfXNhAh7CBi6IQoUGIBii6j6ZZiLLx9Mm1qSkPMONBGA9Q7DBonI0nT_5m8xeVpUq_:1uAgVt:mlH5iXPBPux5mXAx5LWY1ZiA2ht6jcB3IdQvVWfK0r4	2025-05-16 02:52:33.397757+00
1zx4cnbk9gkpjyj3jo3i7uh48egpx4kk	.eJxdUE1v2zAM_S8GmlPryLL80QFG0abZkiBGDzks6UWQKdpW4sieLHtNi_33yUMLtAN5IB75Hvn45nEx2JoPPRqupPfNS73rz1gh4IR6asij0FXrQ6utUYU_jfjv3d7PW4nNw_vsF4Fa9LVji4ilKUYRCyhGGIUkDsNEiDSGhCQlLeCWQERoWsQ0AZAho6woyG2JEAchQeZEwe3gIxpVKjROUpttyWjXqvUJ9GNyOSQ39yx-WR13_VPXFGok6fiU5uKMuWNrfLGONBcA7aBtP2_n05GtUa84vzPYd63ukdtLh9m0aQaNQm3dU7LLuq-Wip1Xm-2v4rA4levd-FNGv38cnlcIy1HS4nlRwn5mUCqDYPlgVFZb212F91f0u8uAJj5xETgkJYQ46OMQV4JomumVrpz9cwm1Q1BXmO15uV3y6qGvAr4nw1HVm5tVTg0zkm92Jwmvwf6ydcYX-X9UfkZnT2Y7GsXen79OC6Nw:1tykYy:4MJRorXnXAww_K4s70WAbqnz502XTOsQzinLx6c2AEQ	2025-04-13 04:46:24.93916+00
1bkh4fudai0tblcylfcxd8u0a3mpi50f	.eJxVjV1LwzAYhf9LrqUkdkka71Z0KGUKA7XupiRv3jTrtHFJ60fF_24HQ_T2nOc854s0ehx8MyaMzc6SC8IYOfsbGg177I-N7XTfhgxCP8SdyY5IdmpTtg4Wn8sT-0_gdfLzmjpFQTAtjMpzYUCxgiuwDkVRcCklk8W5RcYXQgnHGVIFuaDGSEOZtBRmqQbAlJohzCezcXNPqzjm26s21eVltZjM3Ueanqb6sNku65mP6CIm_zu4ftk_vh5u8L0Khpft6vN22eH6beXhwdUd-f4BPeVY_g:1u7hac:ueQS7q2UE6t6v18Af-zPdEDL7-8idPaH4RVG6oHmkc4	2025-05-07 21:25:06.639041+00
ay6ab3fv0twkx5r34r26fctrpkswx41f	.eJydVGFv2jAQ_StRPhfiOASSSNNUmLqhqqq2ttJWTYocx0lcgh3ZDgwQ_33nhCJAmib6CWK_9-7dne92bkpaU6WtZirluZu4kXtzepYRumDCXuRvRJRySKUwimdDCxkebvXwQeasnh6wZwIV0RWwSTiKIhaGIx-zkIUBGgfBhJBoTCdoUuCMxoiGCEfZGE8ozYMRHmUZigtGx36A2AhECaVM69RICGL9LOffo1v_R3UXx2X4637x8y58-ipfRk_bZzkDvGKFYro6EuRbgEMaK_U6Dx7-oAWfhdPtnOrxjOe3CyCU3FRt1tl2k51by5Jb3oLULFtnXFeyAZStko-QH04CjG5cAZn3lXtJF-WXx2lRfeO31u6KGKLSVtVwVxnT6MTz-kM97EPZSLaeTBio69JrvaPw59Unm3OpDjJdBDi4kGv4Qarng572LvxWZllfuDihXIALWddyDSqXvv8XyDsyjypclB9UAebOk6aC52Mx-6432lxvqmPtuh-ooNXRUEzF8quVDjywtRbgaOcp1shOsM00VbwxXIrrDZ6xQU2qkgi-JR9TA7buHn4jryd3LGCzFTzH6-k9bec1iq8I3ew7H5TxFRT7g5IXfFA0m4bZSbMTCrNg98uKs3V6OG_arObUNoUblpJ8aee3ILVmMKdkaSH3NoAzfX_vELkhYmM1BYRSQNw4snBmXFAuBPQBQBlsgn76akm71sDXY8WlrdaScMhKtHUNo8YVI1nN3r8zgCTu3CFLh7bwfISpNw5xtGlz-O8Q4zxXzPlXZKdplW5hFoACq7VitVS_W4z8WDtcODOw3hqmnCfKmaBsaOuz5sYcpqZPuDcipOEF772nZ5b7kqV985P4eNBNjpugk5XgJvhktGEJQvkgXwMNIgbyxAjjAcID7D_7UYJwEkavtktNfoYJB2g08EOLCSaJH7-6-_1frltIyQ:1u80A6:zcJrPtJmSjxSNZ32P5BAskxWgZrdyhSBCXDChKvl1Vc	2025-05-08 17:14:58.260143+00
gwsf87fwyd2fm349hvioyw0dz8ywmp0x	.eJxVjl1PgzAUhv8L1xMphX54hwmKOubcXOJ205T2dLAtwAojOON_t0sWo3cn78dz3i9PyFNfilMHVlTau_MQ8iZ_xUKqPdQXR-9kvW181dS9rQr_EvGvbufnjYbD_TX7D1DKrnTtwPBAESRJwTEmheKIxVxpA4SxmFKKKAs1oDginJgYQcAVJkFR0CJAVAfKQZX7IQawlanAOmTKhybp23eZH_V0wU5ZNWtFgu1N-krNqjfnZaYXrAzHTeLaNYy9K926UyoFXSf6xq11UvaW8mMfz6ZsXm2f1rvh47PJsnijRpbotcvD2FYWOiEdANEIh5hgHPmc0whFbOJZMM4uf4HR8JjntDWYlSg87yFB9Wz-Ygmsls8PB-_7B3YAd4E:1u7M1H:VcBK9TtHwxEdKTvekgBfLQJEjMmYMbueIleUWbChJOw	2025-05-06 22:23:11.249544+00
gvurqfh2evkyee7ct9dharqujs91zj8y	.eJydVF1v2jAU_StRngf5gJAQaZpG97BqZdVWKlXVpMhxbhK3xs5sB5Qh_vuuE4oAaZroE8Q-59zjc329czPSmjprNaiMFW7qJu6H07Wc0FcQdqN4IaKSYyqFUSwfW8j4sKvHS1kAXxywZwI10TWyaZFHADQmASERpXFEgqSYlaScJ5DTWZxQmgTzSUgIfk9ncVTEwWQynQdxUYY5hChKKAWtMyOxCCp2ovBX80A8_k6apabV091yFW9W4uH70zS6RbyCUoGuj4T58_THTQWVWc5W65f7n7eQ8HbRge7k4uUOCRUzdZv3tt1053JZMct7JRzybc50LRtE2ZQC3w-ieBL6H1yBJx-Se8xeqy_3i7L-yj5buxtiiMpaxXGvNqbRqecNi3o8lLKVbJ4gDOa69lrvKPxp83FqLamDTF8BFy7kGnaQGviop70Lv7VZ8wsXJ5QLcCk5l1tUufT9v0LekXlUYaJ6pwoyd540NV4fi9n3vdHmelM9a9f_YIJWR2OYCoqrlQ48tLUV6GjnKWhkL9jmmirWGCbF9QbP2KgmVUUE-0Pep4Zs3V_8Rl5P7lnIhg1ex-vpA23nNYptCO32vQ8KbINhv1Pygo-KpmvATpqdUJwF-75sGGyzw3rT5pxR2xRmICPF2s5vSbgGnFOytpBvtoCzeLvvWLkhorOaAkspJHaOLJ0bJigTAvuAoBxfgmH6uKR9a_DrvmbSprUmDE8lWs5x1JgCknN4-84Rkrq3Dlk7tMXrIwzvHOJo0xb43yHGWdXg_Kuy07RKtzgLSMGntQYu1a829IO5dphwbtB6a0A5D5SBoDC2-WyZMYepGQ48GBHSsJIN3rMzy0Nk2dB8fNeOK_3ouKl_8ia4aXgy24jG_PDABjtEDB409MNw5IejMFgFSeqHaZQ82zY1xRkmGvnTUTi1mDBKo_jZ3e__AupwS_0:1u9RGo:s2uhffzY-l0TUmD5en-8L0T6fsP_LZDuHbOYnlM9Tpk	2025-05-12 16:23:50.684017+00
oo8lfu2lqyll252vk8zllsut4bvxohbp	.eJxVjV1PwjAYhf9Lr83SsrVv650KJCYQwC-Um6Ufbx0bWXXtQojxv1sSYvT2nOc854vUekxNPUYc6r0j14QxcvU3NNp22J8b1-r-PRQ29GnYm-KMFJc2Fsvg8HB7Yf8JGh2bvKZeUSuYFkaVpTBWMcmVdR6FlBwAGMiJQ8YroYTnDKmypaDGgKEMHLVZqq3FGOsU8kk28qPyn4vxbR3TfKP1Cu5baI-vz9td1XWbzA_oB4zN7yCtHmYVn5_gaTl5cXH3IW-mh16tA328W5zI9w8ld1ei:1u7bOX:Q6XhlbzSenb8e2NSIblBb3M0Q1dj9O1bcMVfjylJwFo	2025-05-07 14:48:13.901674+00
jem8170dk6zqtrtp13xa6lyl0308iyyu	.eJxdUF1vm0AQ_C9I8VOFj4MDHAlVrmUndlxFkSPX5OV0H4s5gw9zHDR21f_eo0qlttp9WM3uzO7sD4-y3pa078BQJb17L_U-_Y1xJirQY0OemD42vmi0NYr744j_0e38r42E-svH7D8CJetKx2YkSlMgJAowECAhisMwYSyNRYKSAnMxQ4IgnPIYJ0LIMMIR52hWgIiDEEHkRIXbQQcwqlBgnOTyvG7Pr6Rqq_c8UNvu8JwfnoM20qyIqGTbJXk6PG3y-e40etLwbh1pyoRoem27aTMdj2yMusH0s4Hu0ugOqL1eIBs3TUStQFv3lOy67o5LFZ0fN9uW54uqWO-Gb5J8f8jfHkEsB4n526IQh4kBqQwIS3ujstLay104v8MrlwFOfOQicEiKEHLQn0NcKVhdj6905eS3S1E6BPQRMhmu-vmQnl7aCx2u-xl6WW06mt9oIY683t-Gul3sV7e2fqj-o9IzOHsy22ESez9_AU65pMk:1tykbi:IVP-wEDLeuzOB3p5t_WSdEOMhhx83sgG8UfQbYAG9P0	2025-04-13 04:49:14.662061+00
\.


--
-- Data for Name: github_token; Type: TABLE DATA; Schema: public; Owner: postgres
--

COPY public.github_token (id, encrypted_token, user_id) FROM stdin;
1214c46b1e274d39	\\x674141414141426f46444649784f4b39676832554859496a5a70434b74416331515161584f5f736d4a676553416d476f4745634773446c76495671564b516d6830366968663338356d526c344633306955754947756d5f6733704c447a67484972334a6f454d36576937425a626a666c4a5732544363454d4442423341386e7470375833616d63736c6a3349	8
\.


--
-- Data for Name: github_webhook; Type: TABLE DATA; Schema: public; Owner: postgres
--

COPY public.github_webhook (id, repository, webhook_id, url, secret, created_at, stack_id, user_id) FROM stdin;
ac505d0ffd8047e8	Deploy-Box/Django	544186299		e642e770007d635c95d0549b537d46b267fe6d1c9e9c809f08337de627b8ac83	2025-05-02 02:47:10.305693+00	fa338b5110934fa7	8
\.


--
-- Data for Name: oauth2_provider_accesstoken; Type: TABLE DATA; Schema: public; Owner: postgres
--

COPY public.oauth2_provider_accesstoken (id, token, expires, scope, application_id, user_id, created, updated, source_refresh_token_id, id_token_id, token_checksum) FROM stdin;
218	IamETcHF0UvrMxIJtwpz0xLntIEL8L	2025-03-30 07:12:33.234202+00	read write	4	8	2025-03-30 06:12:33.234512+00	2025-03-30 06:12:33.234514+00	\N	\N	ca1a611a76ce077e7f2c80caf86c0bdd0933d593cf04851165bd89d15bf19aed
2	K0hUoxPKFgWZVFDuemK3RDcS3UjNGg	2025-03-11 21:18:37.636191+00	read write	2	8	2025-03-11 20:18:37.636812+00	2025-03-11 20:18:37.63682+00	\N	\N	fd0421bc72500711cea3024adf0c2085e25353c9881f8f98f1a6e78f4cd77d4c
3	0nVtQVhM8erb3N3IrxR23DKl5O4rev	2025-03-11 22:28:42.665954+00	read write	2	8	2025-03-11 21:28:42.66734+00	2025-03-11 21:28:42.667354+00	\N	\N	4adcdc1dbaa7ec32fdbbcb6c5a7b2a750d7a052f49d878265f8545e0f609ab75
236	5hvtUidxeRf0mkBKZn4eJ8qjbarRUK	2025-03-30 08:09:09.411285+00	read write	4	8	2025-03-30 07:09:09.411592+00	2025-03-30 07:09:09.411595+00	\N	\N	4ad73c2392de6b594a21d168f1052778c8b16006709c9644b111a3c86c7a4edf
242	yHM6v6PEvdvEgnvzsa2K1gogvbxq4u	2025-03-31 04:08:16.149904+00	read write	4	8	2025-03-31 03:08:16.150122+00	2025-03-31 03:08:16.150125+00	\N	\N	9595f3375e0449bc6a87303962818bbf7b7416468ee164063ad6ef9b2e671fac
6	WkPtmG6Umw2DdoDRCe8MKhY24mKAe3	2025-03-12 00:59:04.629551+00	read write	2	9	2025-03-11 23:59:04.630552+00	2025-03-11 23:59:04.630552+00	\N	\N	4d57a4f479cb6fd2c706674ee2a29a3eee3fb9a605c13eece3cc1c9ae6c42470
244	1RlcOZA2pjFE6iv5KkflM5UPfHz0xa	2025-04-01 01:31:37.768866+00	read write	4	11	2025-04-01 00:31:37.769866+00	2025-04-01 00:31:37.769866+00	\N	\N	1abea1c3d18fb52cf51d6aa0d4e9670513243913040b05a1ae42a8785255ad8e
251	8Yq5qBWHlobOhVW9wM0vR6tjdxQ6Eq	2025-04-02 22:25:24.805378+00	read write	4	8	2025-04-02 21:25:24.805646+00	2025-04-02 21:25:24.805649+00	\N	\N	5fd43caa9cb21afce7cf5e8dec0ee8ceeb940c42b4112ad76359d212348d69b4
233	sZKGv28KyYN80yTdvuzmojK3IVJSMf	2025-03-30 07:57:11.414389+00	read write	4	8	2025-03-30 06:57:11.414637+00	2025-03-30 06:57:11.41464+00	\N	\N	79eb25180258614ee7b83d81f9bd3ff9af92f800cbdc4b0faf6c9bc69619a271
257	7PcgINtlyB5C9vgvky2SWjtrhG34oU	2025-04-04 11:50:28.846793+00	read write	3	\N	2025-04-04 01:50:28.84737+00	2025-04-04 01:50:28.847378+00	\N	\N	27838457350f7ef270bf3c5f54ed9efe434f2d84e7da61a076e07a65c3061163
11	sJWGTRAi0PTZxbHg9HChadTfdPE8oy	2025-03-12 01:10:39.918105+00	read write	2	9	2025-03-12 00:10:39.918105+00	2025-03-12 00:10:39.918105+00	\N	\N	b3d008135772866fbee1b42771814f0587d990f1f24739564f0b55fa1990b1ad
258	VviP1Zm6JM4GVxtcS2SrF9k7LiTx7H	2025-04-05 11:48:46.873793+00	read write	3	\N	2025-04-05 01:48:46.965831+00	2025-04-05 01:48:46.965843+00	\N	\N	c688c37f4c0ee6375d3269f2d2024fb5982498a5a8b83a964ecd92b6a947de8d
261	kxhBcXwu0jqAQRHqpJb1fxRHsraVNj	2025-04-07 11:54:29.444051+00	read write	3	\N	2025-04-07 01:54:29.444688+00	2025-04-07 01:54:29.444698+00	\N	\N	68040e48d1d08654305ca3f7dddec9ee66555aa736b61e51135812f7e2237ad8
14	8NGxpOzRRL4QhAyrsIjK3BFRyIbHnF	2025-03-12 01:14:11.619181+00	read write	2	9	2025-03-12 00:14:11.619181+00	2025-03-12 00:14:11.619181+00	\N	\N	0d7e7e42444e42a2ffece551fcc97a9d73d00956d9c067755bc76e97e171bc9c
268	2qbPvfMkWQZLdxUAFfmVPfj3Mm04fu	2025-04-08 11:51:28.029297+00	read write	3	\N	2025-04-08 01:51:28.029758+00	2025-04-08 01:51:28.029764+00	\N	\N	257cd9203f5fe625eeb17eee0ddbde36ef263fd20017b8cd6a0475571b287831
279	1C9lMc9uzhRudJfpH9CFAJSXGsv6qv	2025-04-09 00:26:16.316611+00	read write	4	11	2025-04-08 23:26:16.660994+00	2025-04-08 23:26:16.660994+00	218	\N	4fd692ed84d4330983ef5065c104a2e4619f20aecca2582a6707f445b2a85288
280	V8eiToWBEkwXWGokwvmcpkWmjUfK0m	2025-04-09 00:26:21.837145+00	read write	4	11	2025-04-08 23:26:21.837145+00	2025-04-08 23:26:21.837145+00	\N	\N	97f631f223016ffbaccd830dd82c7e6834b845deb90c792bc855ccbe0803943a
286	LvWSS4wfhENsOsRnv6tKa4M4Jj2qxD	2025-04-09 07:21:32.791078+00	read write	4	11	2025-04-09 06:21:32.791078+00	2025-04-09 06:21:32.791078+00	\N	\N	6426081113f23a2d3ecbf58d18c44780c832ec17926174d902a8c53f31cb9a66
296	NNwLRO83zPg7qgV28Ie1ZcvKn9YyqD	2025-04-10 02:22:24.060928+00	read write	4	8	2025-04-10 01:22:24.384195+00	2025-04-10 01:22:24.384201+00	239	\N	abb106c12c08779482164b8e02b4a67ebcb04538a1c5c5aa2510dbaf21f41ce2
22	kO6zT9fh68dKfuMuNRAy4qkpXsmWSm	2025-03-12 02:56:42.013261+00	read write	2	6	2025-03-12 01:56:42.166425+00	2025-03-12 01:56:42.166436+00	18	\N	421c4062acc70a47ee0d9b4a6fa41b2a1d89f5190b26d75cf8d60e25ba1d2b25
23	8pKajxFNk1BSkPEIGPZL5wW9tjOQRm	2025-03-12 03:08:44.484587+00	read write	2	8	2025-03-12 02:08:44.600921+00	2025-03-12 02:08:44.600931+00	21	\N	3d678e42e18d8166349807d2c618cedd71ff0e16ecba471b63fee928bd565860
302	ySMdxCUwI7M7xdaikmfWUdttQHUZN6	2025-04-10 04:00:41.715613+00	read write	3	\N	2025-04-10 03:00:41.715964+00	2025-04-10 03:00:41.715972+00	\N	\N	37a121363ffacfa565166b23735a50907f537d94c11cee94c65aa22529a7dfa7
25	mruVkM05zOVG3A9biwNAWpqpA3FX6t	2025-03-12 04:53:53.372394+00	read write	2	8	2025-03-12 03:53:53.74286+00	2025-03-12 03:53:53.742875+00	10	\N	c5258d0469a329095e837153a809106bbd7f9ac921f6d1ef5d1717e919ef58a3
320	FKUxOAVUve86AP3A8QwOmQnLXRV36u	2025-04-10 04:32:43.464374+00	read write	3	\N	2025-04-10 03:32:43.464746+00	2025-04-10 03:32:43.464754+00	\N	\N	605dbf4b5757e6b341d4fc005743c405780df6d28b64bf85104f55bde8c5d3a1
323	jfaxhMCHVSVGcEBa6gz0Fi2djCIaMz	2025-04-10 15:05:11.787582+00	read write	4	11	2025-04-10 14:05:11.787582+00	2025-04-10 14:05:11.787582+00	\N	\N	f2670c4fd355b2c24812b4e7196a3e7c97e39b1acb8fb59efeba06581f5cf902
29	W7Ny4n7ZyIAXbzfC8RjwYU8x4UVX7Z	2025-03-12 08:10:35.772753+00	read write	2	8	2025-03-12 07:10:36.108447+00	2025-03-12 07:10:36.108453+00	28	\N	26e9b8a14551aa980c1e6ed9cbf08f6c8f4ad7cf52735fdcfee6c2a7c40213cc
30	DGW1tfxaNFelAXT2JKS2NCwhQiOAb2	2025-03-12 14:38:01.672982+00	read write	2	8	2025-03-12 13:38:01.672982+00	2025-03-12 13:38:01.672982+00	\N	\N	3afe08c599dd5687bd418f35c873027f8939b8aa9c8f6d966be576b66f6badd2
326	IuzP1SUiVRE6CNJrVRsOCNfluwLpHw	2025-04-10 21:10:01.370579+00	read write	4	8	2025-04-10 20:10:01.371577+00	2025-04-10 20:10:01.371577+00	\N	\N	edc177f4063f1ca814f66a3d4a3d8098f9789104be3bd7a8f0bddf0cb4ec3f6c
331	VrzYRAmwTQmkK3XqiCWZAxTGU1xUOo	2025-04-11 07:06:33.102245+00	read write	4	8	2025-04-11 06:06:33.102245+00	2025-04-11 06:06:33.102245+00	\N	\N	7899907291ded22144c3ba3bc5cfb8c309756fd5cea69df3d2c1027c3488c111
336	6Ti5QOR3uHI362qOm9CAP2tR7UdMJi	2025-04-11 18:40:45.365041+00	read write	4	8	2025-04-11 17:40:45.945458+00	2025-04-11 17:40:45.945466+00	241	\N	a7bc7116e51413cd3b347e9f6da3e2f04d9f5ca05e633d32696d6d899874dc21
34	Y5B1SyV3X9VuzBcClBRxRaCa3mCh1E	2025-03-12 17:48:33.009615+00	read write	2	8	2025-03-12 16:48:33.331842+00	2025-03-12 16:48:33.331842+00	32	\N	9ece5ba583ca6babab763141db376e54c98e798f3391ab2b182a537af603f7fa
341	hRYFhN8RxI0gFIvsBhfHaknSIiaicm	2025-04-15 09:19:56.184048+00	read write	4	8	2025-04-15 08:19:56.184048+00	2025-04-15 08:19:56.184048+00	\N	\N	04ba3eadd9c9bf35a960cb41e6c3cf85deb856bf09a819d2bb54a6b9906f9a31
346	DGJ2tgbf7jQlK9rWmWvrG4BB6OoqOC	2025-04-15 14:48:30.791705+00	read write	4	11	2025-04-15 13:48:30.791705+00	2025-04-15 13:48:30.791705+00	\N	\N	9760a1ce70ee76f937c0faa27af877ac9f09dc25c446798baad26d82bced26cb
351	7X8Z3W70b1Szaqs3aDnflRAdrWgGrI	2025-04-15 16:48:42.372007+00	read write	4	11	2025-04-15 15:48:42.372007+00	2025-04-15 15:48:42.372007+00	\N	\N	22ecc938eb2c2af3cc21f4d58855ad67db5a763fa32c3b7410be0d6dbc88cbb7
39	xSGvyA5tNQiDpwVceMyslCuyDGhH25	2025-03-12 19:38:50.23636+00	read write	2	8	2025-03-12 18:38:50.236834+00	2025-03-12 18:38:50.236844+00	\N	\N	7b81c1965e4c301f6467b977679c7412f15da673377c954a556fde03e3c8e5d5
41	JtXQCAx47mintreMacNPkDnoaL7WR1	2025-03-12 20:10:07.131562+00	read write	2	8	2025-03-12 19:10:07.131845+00	2025-03-12 19:10:07.13185+00	\N	\N	420bdf3058d0c21c1bbd6afca2b0e06df3b4e4df800030d5863b757b1e6de159
42	Pp3vrXsZkQNvtEQmxVgQ6kstYFb9kZ	2025-03-12 20:11:59.437696+00	read write	2	8	2025-03-12 19:11:59.437946+00	2025-03-12 19:11:59.437951+00	\N	\N	f00b0b35ecce4bd5fb53452cf114515c608c39f54ad1c8f40c0433130fafb5ec
43	JjhuBx5PgL58wUEmsEXJVqj5DjNP7L	2025-03-12 20:41:51.242232+00	read write	2	8	2025-03-12 19:41:51.242733+00	2025-03-12 19:41:51.242743+00	\N	\N	f30c7fce530d492aa6b4d1fe729980bb0f6685f174d53fba853d02561ccf0f0d
237	guUUZQ2pl85Taf1t79xaxvEMtb98cF	2025-03-30 08:11:50.69684+00	read write	4	8	2025-03-30 07:11:50.697128+00	2025-03-30 07:11:50.697134+00	\N	\N	cfe14e9f15ef5c058fd371824ca4e9bfbd059018b70ea13fa592ab9ced38044a
243	jXWpxvm8yfnLFgMEH3bk4mstYsW54A	2025-03-31 04:09:18.539539+00	read write	4	8	2025-03-31 03:09:18.539836+00	2025-03-31 03:09:18.539839+00	\N	\N	857885d70192a23dbb3f679e4cdb8dbccff4d1aed43503bcca842623bef96a45
245	aD9vFr5lbtcPbphAWYUueFZxXVmrcY	2025-04-01 01:36:18.283779+00	read write	4	11	2025-04-01 00:36:18.284782+00	2025-04-01 00:36:18.284782+00	\N	\N	b5627de1ed1e7801c648cc49a9f3a91ca6c317a6ff9ecd43e841e8ee99bde3e9
252	7dQMJsnatiA8XeG9AVc4ThZerrpdq0	2025-04-03 01:29:47.3459+00	read write	4	8	2025-04-03 00:29:47.346895+00	2025-04-03 00:29:47.346895+00	\N	\N	017f08c81718faa1ea0e49c507270132afd789b9f224a6f378da90eff7fbf327
259	hMm3jFE5xPyMhERdWKJCCHyfrukurn	2025-04-06 11:56:34.622994+00	read write	3	\N	2025-04-06 01:56:34.623602+00	2025-04-06 01:56:34.623612+00	\N	\N	25e45518c8ca9c57e6dc6abf93ef780ffbf8f110d45bca962e3b2424e7eae922
262	Iw9uNJndDm5j7SpJXE6XbQo8O2oOHp	2025-04-07 20:06:04.529454+00	read write	4	11	2025-04-07 19:06:04.529454+00	2025-04-07 19:06:04.529454+00	\N	\N	0122525b8b0cdc9e63d5e99ad8ad0bb4ceff0ada86855d9f0de7dafda14f1a74
269	8Yq4FWeTNsoNgfqafEu5Cy3N7sR47q	2025-04-08 05:14:32.043524+00	read write	4	11	2025-04-08 04:14:32.044565+00	2025-04-08 04:14:32.044565+00	\N	\N	e3345b2ee651add56ddd28c30fe110a13c2151644bea81de8381cb8716b80090
234	uB971S7c3OS3merPxJkhWzIs4iJJSy	2025-03-30 07:58:38.543519+00	read write	4	8	2025-03-30 06:58:38.543818+00	2025-03-30 06:58:38.543821+00	\N	\N	a3623130c3c24a1911afa503a08b54da256186940064757ebec044b43c3c0a6b
273	yI8qi34e8AwM843ydSAAdY6LlD7ta5	2025-04-08 20:46:40.430819+00	read write	4	11	2025-04-08 19:46:40.431828+00	2025-04-08 19:46:40.431828+00	\N	\N	47adcbd6e727f33bb67094268efea542827a1b71a9e88660d715c932a3d01f05
281	ObuGS27tElTaYT0UIlOCUUTDp8tyeV	2025-04-09 10:32:29.522619+00	read write	3	\N	2025-04-09 00:32:29.523094+00	2025-04-09 00:32:29.523101+00	\N	\N	0241f4737e620d991f195853f482affddcd49d1e641b2335ccf2a6d5f904ead8
290	gs6JZEusH4G5mjtQ5QsGSTHwSqnJJK	2025-04-09 23:15:04.75815+00	read write	4	11	2025-04-09 22:15:05.077521+00	2025-04-09 22:15:05.077521+00	233	\N	773c900dcc47b001a3ae2fd1bdd8a39eb6b032f495166e923a2fe0b00acab53f
291	jnrwlYCZ4TCwdmP7A9LLRphK28NvZW	2025-04-09 23:15:11.554842+00	read write	4	11	2025-04-09 22:15:11.555405+00	2025-04-09 22:15:11.555405+00	\N	\N	0955f8e8e556315dd2a19f78632b57a0bbcfe1b3cea61c219cbb1dc32ceb7081
303	TkX3LeY36O6RWPToxO4GCZuWFmALK0	2025-04-10 04:03:24.805267+00	read write	4	8	2025-04-10 03:03:24.805532+00	2025-04-10 03:03:24.805535+00	\N	\N	9b886324f9a33b2374c32fbfe1bcc77fca3c3ec48b66a1332fa3f2123386f415
321	Yh3BYAwjZNhro3ckWJOWhDVztAxlex	2025-04-10 04:36:29.067235+00	read write	3	\N	2025-04-10 03:36:29.067545+00	2025-04-10 03:36:29.067549+00	\N	\N	2cfde77f9b7f3f70a5270568f3956cd68e09c5597a44fef1b57135fbb7c146ad
325	XdkNt0saQjl0SV5iX5cI8n7uhcO8Ap	2025-04-10 16:30:30.644785+00	read write	4	8	2025-04-10 15:30:30.646246+00	2025-04-10 15:30:30.646246+00	\N	\N	d3c43d436ea8895fbab49322951f370519d7cead7d410baaa901a8692805a2b6
327	hRDRIKM5r2C6BsBQIvVDKiYD21NXrk	2025-04-10 22:13:18.154077+00	read write	4	8	2025-04-10 21:13:18.154077+00	2025-04-10 21:13:18.154077+00	\N	\N	fee34a8b3d3e81a37e30930af1e9e17c6b0f3e5df2caef9f6d3c1bace7044167
63	Fox6CcWORX7zW3smciJqfsBf7H4Tga	2025-03-12 22:04:50.229498+00	read write	2	8	2025-03-12 21:04:50.529623+00	2025-03-12 21:04:50.52963+00	44	\N	dd797eea27c4598d26fe39d182607d3768a7e728aa9604a30a24ad84c1a8c980
332	RNI6OBS3AdAC7qLJucWz259v1s8xN5	2025-04-11 08:45:42.473146+00	read write	4	8	2025-04-11 07:45:42.474154+00	2025-04-11 07:45:42.474154+00	\N	\N	5fe3bc9951da711b66f604f7cd7d0cd2cc5435b778ccc918ba18384f3d0be262
65	MfEyvZEJCp6b9znOUoSXM9nZoypjfk	2025-03-12 22:34:40.483704+00	read write	2	6	2025-03-12 21:34:40.598771+00	2025-03-12 21:34:40.598779+00	45	\N	ccea2fe745a765d11bf09490156a5ac19fea1b7e8dcabc3e76e4f688fecba5f8
66	a4vfNIytfGPuqSje3R17GPtLxkgoxV	2025-03-12 22:42:17.308113+00	read write	2	8	2025-03-12 21:42:17.450333+00	2025-03-12 21:42:17.450361+00	37	\N	062782f0f68b0aa62a5476f0190d6f2e92d366850a09ecb193ba4557ab4e5485
337	lFfoQenn6VLMXZJbuJ51CIP1SALlU3	2025-04-11 18:46:40.841049+00	read write	4	8	2025-04-11 17:46:40.841305+00	2025-04-11 17:46:40.841307+00	\N	\N	fd40e39e311dadcb6d1bc83b25195938983906037dc6922c1217c423383658d6
68	uCmchkM5cHLxKEbR9lZ5lQ1qbUmwtl	2025-03-13 00:02:09.685232+00	read write	2	8	2025-03-12 23:02:09.685554+00	2025-03-12 23:02:09.685559+00	\N	\N	532ebdc7f98c0737d4400a3a810bd21cd7d4ceeb448639a0dcf85eaa0a53dd1d
69	qTU56VMPWLTU4VofdKeqXQ1P9RfzD0	2025-03-13 00:04:15.909244+00	read write	2	8	2025-03-12 23:04:15.909678+00	2025-03-12 23:04:15.909686+00	\N	\N	2552aaacb9a42ddbb5c1125beb477e79b0d6decacf335781f495e3d35984780a
70	LO7f0pxKhCuDCQOzurgzlpkXxqTPrn	2025-03-13 00:23:27.666776+00	read write	2	10	2025-03-12 23:23:27.853731+00	2025-03-12 23:23:27.853739+00	62	\N	4d4c21a793546071d7558fd1e922d3bc6a2ee2409818524e9cad5225eadb2dfc
71	WCQtJqSr03GQBkgUopjJyMZ51G3HHy	2025-03-13 02:27:54.921791+00	read write	2	8	2025-03-13 01:27:54.922292+00	2025-03-13 01:27:54.922299+00	\N	\N	d9a3b59b0656266e384e2ccc5a4e0a8d3873bd1de4788708352ba86df3123e53
342	N9g0nZaSJN30XwCTUwPp9Qvh67COZn	2025-04-15 10:21:28.946789+00	read write	4	8	2025-04-15 09:21:28.947797+00	2025-04-15 09:21:28.947797+00	\N	\N	f6a97209cda3f211c469f89af7b09610d3ad839708d04b75a34fc68a9fba12ec
347	ZYyJ51hLp1dJ8DaYQSEC8qhcckbHUO	2025-04-15 14:49:29.903415+00	read write	4	8	2025-04-15 13:49:29.903415+00	2025-04-15 13:49:29.903415+00	\N	\N	3f1edcf1f7b64ad384402f87fe7181ba1e0d669cf6dba267ff964823350718a5
74	3kKE2edqQPYdkKjU6pfK6Q168rXzhK	2025-03-13 03:15:15.820423+00	read write	2	8	2025-03-13 02:15:15.820748+00	2025-03-13 02:15:15.820755+00	\N	\N	9edd99107390b52990629a79fa608cb7432cad163a24c45edcf491b799030229
75	JHWYeM8O0eczLltS9CXKZb3qtMxfNB	2025-03-13 03:16:37.982741+00	read write	2	8	2025-03-13 02:16:37.983108+00	2025-03-13 02:16:37.983117+00	\N	\N	3864a786886eeab4b12a72891618dd531c15ff653cb96fc15dfbf2d75f372adb
352	PejIGFcJNBBo3z0bAXFR6eRrjUbPni	2025-04-15 17:01:27.785085+00	read write	4	11	2025-04-15 16:01:27.78618+00	2025-04-15 16:01:27.78618+00	\N	\N	aeacc654dd120600969add0a4f48ddff2a9aaf4b044e802ed30672753e06cda7
356	kgGoglVGpefI17TXlXdAAAMnSqRyLm	2025-04-15 20:16:38.637344+00	read write	4	8	2025-04-15 19:16:38.638353+00	2025-04-15 19:16:38.638353+00	\N	\N	58808245375adbbf923d863a2bc5dba36d91d6e825b3f59871f56174e455a2a2
360	jVtJpvFEGBcPGXGtag8lKrrERNFEf2	2025-04-16 22:10:08.932668+00	read write	4	11	2025-04-16 21:10:08.933205+00	2025-04-16 21:10:08.933205+00	\N	\N	38385232742cf1ab9357da98feaff1245b91c3016c380201af59142e1a689423
364	SLmwWJ845qKTKRt5wAs1carjTbhrew	2025-04-17 02:11:31.796595+00	read write	4	8	2025-04-17 01:11:31.796825+00	2025-04-17 01:11:31.796827+00	\N	\N	0400b2e28f621d614de2a325d34d153a8c45ba0b15904a08e9449ea471b10f76
371	gMhu6G7Ay7SVJk6bXZuuqhtYkcj6dy	2025-04-19 21:59:04.974116+00	read write	4	11	2025-04-19 20:59:04.975426+00	2025-04-19 20:59:04.975426+00	\N	\N	93653c60bb3f1daee20bd15bfd091592c2734015eb8bbdcbda729734af4598b8
375	faoETzjtBaq2UxvskzvXatzEe798er	2025-04-21 07:58:06.261239+00	read write	4	11	2025-04-21 06:58:06.261239+00	2025-04-21 06:58:06.261239+00	\N	\N	6082592746d9b54fb0e4b0bf2c991d63fa03aa49d85c92dc4674e9899ffbb761
379	Zxpj9EUR7HcIeHGOVJ7tfLyRDYSkQh	2025-04-22 20:30:34.004073+00	read write	4	11	2025-04-22 19:30:34.004578+00	2025-04-22 19:30:34.004578+00	\N	\N	24f15c7326ab98dfcfaf935b33a3e175ec447a879fe67b0cf7d4783ec7893ad2
387	nZFhin2OGg7WntkQRbmHttt7ynwEwg	2025-04-23 16:38:11.176144+00	read write	4	29	2025-04-23 15:38:11.176144+00	2025-04-23 15:38:11.176144+00	\N	\N	8619793e9b00369e04af6079da36140c7e073a68a2c51388c311d6e8074c11c2
391	JfdT3f2hd7KdpWOGqsUrAURmvoJgAK	2025-04-23 19:19:30.729093+00	read write	4	11	2025-04-23 18:19:30.730092+00	2025-04-23 18:19:30.730092+00	\N	\N	171cf209a6f5d18dc6bd340e65c7ddcb0b1e944fdd358a419c8c9da4e527c0f4
238	ysxtUNjFqe0CpKgP3aSHwxoZnDBlh7	2025-03-31 02:30:36.606159+00	read write	4	8	2025-03-31 01:30:36.606445+00	2025-03-31 01:30:36.606448+00	\N	\N	827df8feb9008722d6657548a84e03d9b70235909af1ceaa1d39879fb2172aec
246	Ro2TqyLTwquzeJwy9DMsReY7NrHc2I	2025-04-01 12:02:43.430603+00	read write	3	\N	2025-04-01 02:02:43.431169+00	2025-04-01 02:02:43.431179+00	\N	\N	3a288fbbeeb9788e796de107e3ae565c34db0bc102c9bc7e6b4991b2ec012745
253	C5udfvhTw48uBIZdA64plIVMrOMCK2	2025-04-03 01:57:53.787694+00	read write	4	14	2025-04-03 00:57:53.787694+00	2025-04-03 00:57:53.787694+00	\N	\N	2e2c89033029a6d2dd50b02d31244a9a1b4a7e2bef1480ee8b92d95590682adb
260	dGEJqGhAL4kKZ4yWAMtsONQxNbvGXA	2025-04-06 20:49:08.664193+00	read write	4	11	2025-04-06 19:49:08.664193+00	2025-04-06 19:49:08.664193+00	\N	\N	b642cdaa97c73f40da62c8bfa62df0235665a7dc4573cc5c4e359d103a5849a3
263	6p7JXv1Qq6QcxSAsDK9xMV3UpklXy7	2025-04-07 20:16:02.244893+00	read write	4	11	2025-04-07 19:16:02.245895+00	2025-04-07 19:16:02.245895+00	\N	\N	3ce361b4f73e2df4e5c53562f6b1391cff14138b2c1e60ea43cccd826853c54d
270	wJO98yOMpmB0dZXJkyWu1INY5rv2Fi	2025-04-08 05:31:14.426839+00	read write	4	11	2025-04-08 04:31:14.428068+00	2025-04-08 04:31:14.428068+00	\N	\N	b48ada7a9b54a13e1725cc8916bd876c7b9ec7ebafa20a262a757c9b0e5a2c9a
274	biXUpxa4K0SHAZkG54hwyYM5dEuUwH	2025-04-08 21:03:26.976797+00	read write	4	11	2025-04-08 20:03:26.977307+00	2025-04-08 20:03:26.977307+00	\N	\N	6f1788a231fafac84266ff4cdb287a11242e36ebca610f0617ffa08514525f5c
275	Ij3tk5eItWDKHX00LD6qQpF8oLAlRz	2025-04-08 21:03:40.556658+00	read write	4	11	2025-04-08 20:03:40.55766+00	2025-04-08 20:03:40.55766+00	\N	\N	37afd9cb43e9ce8d7ac59d597f73c28d62a7b14de68af9ce0877b6e8cc26dc96
282	Tq3zKPlU9E92bI0fQc2IA0dpv85AKl	2025-04-09 01:35:12.549731+00	read write	4	8	2025-04-09 00:35:12.549986+00	2025-04-09 00:35:12.549989+00	\N	\N	868b5e56d2558d26f6939f9bf1b01c0f58bc7840f751638bd6f2f177c1febc53
288	YIO7orQCyAN3DONP5O7fVNP3xKxlml	2025-04-09 08:03:13.419976+00	read write	4	11	2025-04-09 07:03:13.420982+00	2025-04-09 07:03:13.420982+00	\N	\N	f96ee80d672c86ebcaca9dbe2126ec07a5cdee3f68c7b4388a0ec923a0aab732
292	c3IVB1o834dfmUcR4wFJoIoZbh8JHg	2025-04-09 23:20:25.448245+00	read write	4	11	2025-04-09 22:20:25.748433+00	2025-04-09 22:20:25.748433+00	231	\N	76199d759bf49abbe3a5e4bb767b92bfa39df06837e352fdbb8803d16de15af3
298	rTEKDRK8peBRjJUdvSOBsKKOGv6ND8	2025-04-10 11:51:34.786479+00	read write	3	\N	2025-04-10 01:51:34.877797+00	2025-04-10 01:51:34.877808+00	\N	\N	a3b2d2a37aee67159cb40445c878276b7a6182a7f709b396aad55a22c2416752
98	mVKt9GXSF4LKxzuB0wLqLyQB7pVw7m	2025-03-18 15:22:58.389812+00	read write	2	6	2025-03-18 14:22:58.878525+00	2025-03-18 14:22:58.878536+00	67	\N	f76d0cc3d5e2b091b111a1ef6d929ada2f086da3d30ee641d71d9719c8f6ce37
304	1mpNM9wm6VcJX8qCyY7ezB2OJiv7u2	2025-04-10 04:15:43.769667+00	read write	3	\N	2025-04-10 03:15:43.770074+00	2025-04-10 03:15:43.770079+00	\N	\N	e78c717be16b7f4139037322aa44fb91b0d96c3faa0fb71ba5853cc61143f939
322	8QQDOZjhjhHoaSbT4QOSNNU33dDU1L	2025-04-10 04:38:07.237191+00	read write	3	\N	2025-04-10 03:38:07.237624+00	2025-04-10 03:38:07.237631+00	\N	\N	a13429dc7f3c128291fcc197e164d1d5ce4624f969eaca7aa1d6d55fd99e33cf
328	mjzRTBb97FwRO9jpfwBpX2RhF7bBBu	2025-04-11 02:52:19.099719+00	read write	3	\N	2025-04-11 01:52:19.100123+00	2025-04-11 01:52:19.100128+00	\N	\N	0fb53e8f69d40b26b08d84043a07e197da76e7f1fb8719c9e87fc2074e00b598
333	xWzkXn6NW8h6OcjELjGDEIQp0AFUiI	2025-04-11 17:46:33.053001+00	read write	4	8	2025-04-11 16:46:33.053535+00	2025-04-11 16:46:33.053535+00	\N	\N	ff913a95ffcd028bea740cd3ee6be4bf292a950c761b5492ecb0093e77673b9f
228	Cffj0iovHTVJcWXyGDZsLaj8z7K6bI	2025-03-30 07:47:42.019641+00	read write	4	8	2025-03-30 06:47:42.367814+00	2025-03-30 06:47:42.367837+00	184	\N	892f3bae3d2df70e7d17dc2af8a214cd42bc95d6c04963c39e2beefe9c269fb8
235	aJDfxD9oQIW9jeAID7RkmciWJUw4Y5	2025-03-30 08:00:27.439682+00	read write	4	8	2025-03-30 07:00:27.439956+00	2025-03-30 07:00:27.439959+00	\N	\N	f7729511843cc656d5f2f7f54753f793ec7a881540b3aeee6bb5b28d7975ae41
338	g4gddMwvbkFBKUvWEOAOoImXtE6cSO	2025-04-11 21:14:44.58391+00	read write	4	20	2025-04-11 20:14:44.584187+00	2025-04-11 20:14:44.58419+00	\N	\N	631d8679a20102025aac93f77e39291909f1eea29cbe010d95cc8aa0e6e227d6
343	T9pzc1VqzyaTRpkZ9dd2gIt9iKIA0p	2025-04-15 11:10:05.395865+00	read write	4	8	2025-04-15 10:10:05.396875+00	2025-04-15 10:10:05.396875+00	\N	\N	8fd0a6912985ba7035b15486a9dac775596d7970556b4519563167f4b550f9df
357	iLnpTRBVxaDWcc8O7snCobJmHOQLrV	2025-04-15 20:22:14.545635+00	read write	4	8	2025-04-15 19:22:14.546635+00	2025-04-15 19:22:14.546635+00	\N	\N	75e2d31a36b0e9100d9b5956a087e82135996d993de1e5be49e53afd4d0796eb
361	ZQFtKpNAsGbp5vgc7iP9kyX2jMy3tS	2025-04-17 00:03:10.191276+00	read write	4	11	2025-04-16 23:03:10.199276+00	2025-04-16 23:03:10.199276+00	\N	\N	7a361e2b262d34002cc91e1c730cddeda92541b5c6bfe5af9df7e132270501f0
365	g55c6tI26WSHS7i6QXLfRfdfo18hNh	2025-04-17 02:14:28.699348+00	read write	4	8	2025-04-17 01:14:28.699648+00	2025-04-17 01:14:28.699651+00	\N	\N	54f54193e0e5705672512ed79e40f0aa85aeb79488aedb6abf157d86b2705635
372	6yXMuSsszAraFC770EbUoeU6y942w1	2025-04-20 01:58:03.322858+00	read write	4	11	2025-04-20 00:58:03.323858+00	2025-04-20 00:58:03.323858+00	\N	\N	a40ab548b817d748dd7a091cd8998d9dd9f19ea1219d05bc4d5d2603267bb10c
376	eMvZJN2Jt5rOswkiWFWjExXhFuEGiq	2025-04-21 20:13:55.456639+00	read write	4	11	2025-04-21 19:13:55.456639+00	2025-04-21 19:13:55.456639+00	\N	\N	06b224d246c95b55dfef7961937139f51e7bfa4fb38a7a2a4f4e78c681a856ca
380	SIVHAV8H1RuXaWdfcKt92oGPZFYGG7	2025-04-22 21:00:32.006169+00	read write	4	8	2025-04-22 20:00:32.006466+00	2025-04-22 20:00:32.006469+00	\N	\N	2abb37ea2e1f99f90ef9290d179ce23c494046a113bb469b6a7dc6e80858cd11
384	ri2c3FDTpBPPtjMJb4HZ1dqUzCVweI	2025-04-23 01:02:55.973842+00	read write	4	11	2025-04-23 00:02:55.973842+00	2025-04-23 00:02:55.973842+00	\N	\N	07b165f830a427820c0afe9837822bb8c36868adf34b58355a699f72cd445004
388	iWIRFvhTiVaNiUoXMzycsM6kJDBoHd	2025-04-23 17:14:44.383226+00	read write	4	33	2025-04-23 16:14:44.384224+00	2025-04-23 16:14:44.384224+00	\N	\N	aee78f296c7c96776fd040eda972523c9cb716aa605e2dc118bea14336b3bb55
392	CeyOlPcipmjdnK73miZz4nTSJ7izkK	2025-04-23 19:26:06.937213+00	read write	4	8	2025-04-23 18:26:06.937213+00	2025-04-23 18:26:06.937213+00	\N	\N	4451cbf604119a2b813c3bbf1811954c6778899db63d2738d58726a8d927ad45
401	fGXgafpdIBxbxgi6uOmdvaU9SMTSwo	2025-04-23 22:25:10.300333+00	read write	4	11	2025-04-23 21:25:10.300333+00	2025-04-23 21:25:10.300333+00	\N	\N	660816b245e52cc0a211554745447050e0643b331171f06a3946b84179542ae5
403	yCuDM7B4uDT0QraEI5RRPvkTEECeYu	2025-04-23 22:35:02.898486+00	read write	4	35	2025-04-23 21:35:02.899486+00	2025-04-23 21:35:02.899486+00	\N	\N	dadf8b986a75e883d00683f54d4650e8f1793b73943c07ccd1fbecb38c9c7454
405	jzyMjUD2XpojHp3I6NIeuscXelHFc3	2025-04-23 22:47:22.470026+00	read write	4	36	2025-04-23 21:47:22.47153+00	2025-04-23 21:47:22.47153+00	\N	\N	d054e2c4de8a6ecbd3ba14b1ccf0db890ac5cfad55fa442ee3d7e19d768897fb
407	R1w6CAsabr1TyUhXs1uGUs1b11UVkC	2025-04-23 23:10:00.857165+00	read write	4	11	2025-04-23 22:10:01.040642+00	2025-04-23 22:10:01.040642+00	319	\N	ec0f8c116742798002cc99a7fc627ce34ad40addf23bfd1d60efe4e97e2eda03
409	T5UaZwy0qYMMw49q6sXT0AnWH1JoNG	2025-04-23 23:15:11.916919+00	read write	4	38	2025-04-23 22:15:11.917469+00	2025-04-23 22:15:11.917469+00	\N	\N	ac3a405ff7394449a9651a2eacfe5fc44d4e711665fc3668af5fe8d701e49aa2
411	YEe5FdC3bzg2QddK3UVqvIP4UJrobV	2025-04-24 01:49:30.378848+00	read write	4	11	2025-04-24 00:49:30.378848+00	2025-04-24 00:49:30.378848+00	\N	\N	84e9e6428b0c0e2fda7d4b18b59fbf767dc169d61e58af4a09e709b97c5bd36f
413	dmIQ8A1RhF99g5YKkXF5SGoU4SzToC	2025-04-24 17:47:33.243756+00	read write	4	8	2025-04-24 16:47:33.244029+00	2025-04-24 16:47:33.244031+00	\N	\N	e7e0b90d1a9679c0fbb97d4331b2a0bdaedea2d0eed24bc48c7a5066f26a6da6
415	AAoFP0k7T4l0jrwY3kdIRb2CjwYeQU	2025-04-26 03:37:12.869225+00	read write	4	8	2025-04-26 02:37:12.869445+00	2025-04-26 02:37:12.869447+00	\N	\N	cc51d4623b3540b7f366da5248e1e9b3d18c6a5d3e99470dafd4d62b4f4c4986
417	Zj6vtZelxaN6b3nNL2idKy0CyHsuco	2025-04-26 04:50:34.673844+00	read write	4	8	2025-04-26 03:50:34.674073+00	2025-04-26 03:50:34.674076+00	\N	\N	95eb49632871b614412c8ee91ded17ba62d7d5eaf4f40aea856f25d570d46cb9
419	A8wlFJl7MpqeZqe5IvroieuWnTiCa6	2025-04-26 06:09:28.074095+00	read write	4	8	2025-04-26 05:09:28.074359+00	2025-04-26 05:09:28.074361+00	\N	\N	d9b4c32b2c7ac8599e544440e8079db2ea20dbdf6081d6bed02449f492a5d62b
239	e8yFf7dwlCePjYTJqln0eFKZ9M8SAq	2025-03-31 11:43:15.786959+00	read write	3	\N	2025-03-31 01:43:15.787698+00	2025-03-31 01:43:15.787707+00	\N	\N	a7781e3c0a9e18d83f2c8fe0bb569f95c35f63232add9fe05ebc2c3518d32303
247	6O4kgqnkf19buD1IpCZmDVtFQhWIja	2025-04-02 11:51:59.752571+00	read write	3	\N	2025-04-02 01:51:59.753036+00	2025-04-02 01:51:59.753042+00	\N	\N	ea6647641021919712dfbb64fa1171efbc95e9571cfbf4f4e5dd9d2aefb8deb8
254	l5gZedDKcvQT2nzq1qyZ7753yzINNV	2025-04-03 11:50:24.776778+00	read write	3	\N	2025-04-03 01:50:24.777244+00	2025-04-03 01:50:24.77725+00	\N	\N	1d605fb58b54da2e56c61732e17fb30e074e3c8334f26f65ca9f4a73ce363c8c
264	RDDiSU46S44A75Wwn3xErGFrhWdXWs	2025-04-07 21:11:03.794135+00	read write	4	11	2025-04-07 20:11:03.796684+00	2025-04-07 20:11:03.796684+00	\N	\N	223bd6bc4a8f81364718adffa30726ca25775072543877fd9d7c7b48ec93f84f
271	Rg81ghvQhSs0gozIIO98V8MrUYUDXL	2025-04-08 07:11:35.680298+00	read write	4	11	2025-04-08 06:11:35.681296+00	2025-04-08 06:11:35.681296+00	\N	\N	2136de347f9bc3fb065b0cadf79fa5f92100db7b57ba67ef20fa65bb78334461
276	k84gSxtXKedQxwQW2glF3qj8jVzNBo	2025-04-08 21:22:42.249189+00	read write	4	11	2025-04-08 20:22:42.249938+00	2025-04-08 20:22:42.249938+00	\N	\N	4c2d9fe99710e6e35129165e712721c04ea76a5c42820c8e73bcbead42fde729
283	KwRFoBQ6iXC1iXPwq8msIdjObWNxnQ	2025-04-09 02:25:44.962356+00	read write	4	11	2025-04-09 01:25:44.964921+00	2025-04-09 01:25:44.964921+00	\N	\N	105329c3aaac8834e5697478698bfbdd9336ddd194daff1a6cdbf5d3d1cdbef7
293	6fRh7Co231RWx7UdxIWvraiVJerucy	2025-04-09 23:50:54.729001+00	read write	4	8	2025-04-09 22:50:54.729392+00	2025-04-09 22:50:54.729395+00	\N	\N	804439f9241b97ed51116bf264ad7d7a3da44d618f801cf03230562977f2b5d5
299	lswivNS5r1U2zq7wE6BKzaIzI0pDYI	2025-04-10 03:28:27.129936+00	read write	3	\N	2025-04-10 02:28:27.130425+00	2025-04-10 02:28:27.130428+00	\N	\N	fc36d438e078b0e07b82ee9b2e3ca426f85948ab214b303614b5fe8b612d2f25
305	OiePewpYDHwryyGvQJh0kNFknJO0Pw	2025-04-10 04:17:18.76806+00	read write	3	\N	2025-04-10 03:17:18.768404+00	2025-04-10 03:17:18.76841+00	\N	\N	00bbcd544c0b71bc619791e546809fa86c4ace33a471af3a2123515dde8a1b15
306	Ja1xTfV5QLVSaSVqn7RwyJQkSKNfAk	2025-04-10 04:17:37.374305+00	read write	3	\N	2025-04-10 03:17:37.374718+00	2025-04-10 03:17:37.374725+00	\N	\N	cc888d95741153fec6caf3e804e734ccd252859790268ebfe12d630467b5628c
307	RgSaNl3lxHjO7U6JpZhOQYaBIjSPL5	2025-04-10 04:18:11.47424+00	read write	3	\N	2025-04-10 03:18:11.474627+00	2025-04-10 03:18:11.474634+00	\N	\N	92477af54a9351ded971a562273628623ceeaa400a467b2043a193805c3aa857
329	KHCv8YfJTdnFHvpobtF6Z5QU7JVLS9	2025-04-11 04:47:42.072962+00	read write	4	8	2025-04-11 03:47:42.073962+00	2025-04-11 03:47:42.073962+00	\N	\N	534a69228401fad01348410bf2cc0438d9b5daf4cb454a1a62257164be2440e7
334	nPPQZPkVUj6naZgqpw8ouC24gAZmYx	2025-04-11 17:55:33.095186+00	read write	4	8	2025-04-11 16:55:33.095411+00	2025-04-11 16:55:33.095414+00	\N	\N	656ec9e0053c6a52e1f2966fda85b78412e4360abae3b1f5330ca7b81e3cf28d
339	t5QFN2AN5lHZ0dTdTWqW5ctfextSqh	2025-04-11 21:21:34.724428+00	read write	4	21	2025-04-11 20:21:34.724765+00	2025-04-11 20:21:34.724767+00	\N	\N	418fa2ba27d004b381a115be7b8ac97e9983698ef1bd2a6075d1d74ea1fd68d3
229	CXvNfgzJUxuNTJ0RAKAGX2eNig02Bd	2025-03-30 07:50:44.748917+00	read write	3	\N	2025-03-30 06:50:44.749334+00	2025-03-30 06:50:44.749336+00	\N	\N	5d411f437fcc75a57febdce2952611ba85aeff3248e9f1e6d0fb710c35bf620c
230	uRFX3N7t4rJrvk6XrlTmshu4j5vD7m	2025-03-30 07:51:26.170743+00	read write	4	8	2025-03-30 06:51:26.171134+00	2025-03-30 06:51:26.171137+00	\N	\N	6051d48423e513ac71fb265c0b7af17844ded09244c4c2aba91d159b4307c3a8
344	bDMlp4k3FpsDEuYDYaLC7c93kvCOHU	2025-04-15 11:34:01.290025+00	read write	4	8	2025-04-15 10:34:01.290025+00	2025-04-15 10:34:01.290025+00	\N	\N	12e22bea43203ddb67331ec2a6b5d6047423559567bcc376331fecfbc077110c
349	SOF5V9C793QbAFC0YBNg3Jh13ENExc	2025-04-15 15:59:32.182077+00	read write	4	25	2025-04-15 14:59:32.183078+00	2025-04-15 14:59:32.183078+00	\N	\N	72b8cf354decda68cdc2447e8612bcdc8f64c1aa6bf7af72222820220d079cc2
354	ogrKnkeRtSiBX7w2SVr0IHaOIrR0Qm	2025-04-15 19:04:11.746553+00	read write	4	11	2025-04-15 18:04:11.747559+00	2025-04-15 18:04:11.747559+00	\N	\N	6e1771d8468be6442fad7583e36e6550ed56974bf321bc89873eff92ab571ec4
358	v3d6Ish4f8dmodcECQBhAsEeBoQlOK	2025-04-15 21:06:16.627165+00	read write	4	11	2025-04-15 20:06:16.628165+00	2025-04-15 20:06:16.628165+00	\N	\N	613b7579c31386c40f405455782c79a2189862cf713e233e487f27e4e2294f1c
362	AVcC8CgkNavOWjnl5li4Nq9MlhgCVD	2025-04-17 00:29:56.220908+00	read write	4	11	2025-04-16 23:29:56.220908+00	2025-04-16 23:29:56.220908+00	\N	\N	b07a22b520890fb1660ba700a7c8d833dcf7615d3c67c1348fe2a4be8c80386a
367	k6dgAuSSpRusGMNDwVSyMnKkuAdzQu	2025-04-17 02:22:42.077419+00	read write	4	8	2025-04-17 01:22:42.390424+00	2025-04-17 01:22:42.39045+00	285	\N	934ec05b3b89afb25f13334d67ece16d30b4c2c9e3fd0f23041a160e1b360645
369	VXxtHF0SajT5921ra9rXndgw7J3266	2025-04-19 19:21:38.758274+00	read write	4	11	2025-04-19 18:21:38.758274+00	2025-04-19 18:21:38.758274+00	\N	\N	7415f7554173222f27b8a9fc8d26fa34a3c3e2bd39cb4cc3db03d76ba106b963
373	7enmBJPAg2szeFyhwmhnXv3B5e5NsL	2025-04-20 05:59:56.29978+00	read write	4	11	2025-04-20 04:59:56.300786+00	2025-04-20 04:59:56.300786+00	\N	\N	80291126c8c0c9ae7100f102e3b92b113bcd70cb4ab5d9a7a9b3b227309ef326
377	sZKelDk54tSnHib04h6QlC7IYGoJJj	2025-04-22 02:31:36.731488+00	read write	4	11	2025-04-22 01:31:36.731488+00	2025-04-22 01:31:36.731488+00	\N	\N	9b42995c4c405a945b57c64a60c82254a8bc7a876c62a9cd00cd8267a9269ee9
381	G9jrfs39sS3w4Qekm9gBTHGyyVtAVU	2025-04-22 22:08:20.336226+00	read write	4	11	2025-04-22 21:08:20.336226+00	2025-04-22 21:08:20.336226+00	\N	\N	c730f858d94d10a40e96c2892ee04e4cd211122f2c4decb440a005ff892148a7
385	5w9fqLuYPstFQaaO7Ij7jwXUWZ4kkQ	2025-04-23 02:04:22.361883+00	read write	4	11	2025-04-23 01:04:22.362884+00	2025-04-23 01:04:22.362884+00	\N	\N	23e9f88395e451b55002e8814e4def2642f595a370120f487e59e285eb942948
155	nKQGVWMunws2DUNnFOfMt1FBnC2A3q	2025-03-29 08:26:16.764218+00	read write	2	8	2025-03-29 07:26:16.764518+00	2025-03-29 07:26:16.764521+00	\N	\N	ae20bae6d8d225b206df8c16646538e379366006f767599a633adb7324a6964a
156	HbpRxjMD46H2JHTrn5Wk6DWzF8GeZP	2025-03-29 08:46:11.831312+00	read write	2	8	2025-03-29 07:46:11.831728+00	2025-03-29 07:46:11.831733+00	\N	\N	d612d2fa2e80c40ad2c5c1df4bfc103d0a1fc5906623802dcd1aa3b4c5e9d0ff
157	wkYr1eHnSvRpa1hTsmr76G1Kg2emXh	2025-03-29 08:53:39.467845+00	read write	2	8	2025-03-29 07:53:39.468266+00	2025-03-29 07:53:39.468271+00	\N	\N	9686befd3387e14bd943b8c37624660f113181e16c5d5e479c5513552b703a10
158	8xpQ1A8yeapkqYUPf0f2C67TCNBOLR	2025-03-29 08:53:49.593902+00	read write	2	8	2025-03-29 07:53:49.59418+00	2025-03-29 07:53:49.594185+00	\N	\N	0f22d86b7cb872015fe5e3733658593cd777cfc010e206ced0bee1f14d6043e2
159	9E5YxL7yquJuzeQg80ig7m4sYdKNs3	2025-03-29 08:54:32.979374+00	read write	2	8	2025-03-29 07:54:32.979691+00	2025-03-29 07:54:32.979696+00	\N	\N	903fc8760792c3893f5fde8f524d155e0c4bc633d8b500d402d48de6a91d77ec
160	8Ob4vFGNSX9mCRpxKFuAewMT2qs3tx	2025-03-29 08:53:37.941664+00	read write	2	11	2025-03-29 07:53:37.941664+00	2025-03-29 07:53:37.941664+00	\N	\N	a08080e7d30f1667bf8b73abfd3d0f886bb564f71b33fb2401a213a39da48361
389	RU0Kru3ZEgsXBDK4zbOxszYzXqRZAX	2025-04-23 17:17:36.296302+00	read write	4	11	2025-04-23 16:17:36.296302+00	2025-04-23 16:17:36.296302+00	\N	\N	655e4070b07a21476250ac15e8d9e57c1dc77eaf1e3473c7e6012a0f6001807e
162	3HsbBpXnZOLNtxR1Wygse4kA52wFxm	2025-03-29 08:54:12.936467+00	read write	2	11	2025-03-29 07:54:12.936467+00	2025-03-29 07:54:12.936467+00	\N	\N	c2c77f2e78932d3c47126a5df221e8cbc19b6a07e95024f3b22f9052d39c4a61
163	blhxnZcJPCYkztAe4hqWGDw79RvsTx	2025-03-29 09:06:15.710331+00	read write	3	\N	2025-03-29 08:06:15.71054+00	2025-03-29 08:06:15.710542+00	\N	\N	80faa248e67f2eacb35ca1a4f99cf2eda8eb9cbfbcc2bc72544f686563c83b41
393	iPHgoIfS0OvTT2J8liz8ESSYvtsg4U	2025-04-23 20:29:30.028627+00	read write	4	8	2025-04-23 19:29:30.028627+00	2025-04-23 19:29:30.028627+00	\N	\N	ae3398b4e1fc61461369d4c0238b44ba118ad4a1b2936592fb62d55c244d4b13
165	gZEIg7T071D1WWVoQOJTON62NOd9k8	2025-03-29 09:16:53.749171+00	read write	3	\N	2025-03-29 08:16:53.749504+00	2025-03-29 08:16:53.749507+00	\N	\N	f4f4df907fc890a24a4763f9e8b7e75b8243bc1a1d241abc569fb0057863ed2c
396	xkWm3NAfgQYRpJz6duLX5mVdEG7Nts	2025-04-23 21:40:38.70827+00	read write	4	8	2025-04-23 20:40:38.708548+00	2025-04-23 20:40:38.708551+00	\N	\N	c44df979b736935311310134a512a6bd3e48e710d1d2f38b6da8d782b414ae06
240	ybb3PFvE7xdxKXRQMAmADDwZTRXPTQ	2025-03-31 11:55:06.092765+00	read write	3	\N	2025-03-31 01:55:06.093143+00	2025-03-31 01:55:06.093149+00	\N	\N	ff4b437124cd1b4e897a7cdb7ce4e2de1566a15ba01cd6c4a3d973407b55291a
248	VPESKsNejQcj2HvPjgNQbwcwCy9XBG	2025-04-02 22:11:27.272868+00	read write	4	10	2025-04-02 21:11:27.273109+00	2025-04-02 21:11:27.273111+00	\N	\N	babad9d94e5ba0d9f20e76f02c6c3f78c66bfe5a64d3c9dbbdf15e16e25d1f92
255	vH6LggxeIkWPsd1aE0Q6idHEfwmXyt	2025-04-03 03:23:06.83744+00	read write	4	8	2025-04-03 02:23:06.83744+00	2025-04-03 02:23:06.83744+00	\N	\N	89bfdc98ca0d6d5580797c647e9a716b08e0d83697354d7d7bc96018bf39fe1d
169	qOHQD3YSi5GNYuS9H117hQAV97MCKD	2025-03-29 09:24:59.810207+00	read write	3	\N	2025-03-29 08:24:59.811203+00	2025-03-29 08:24:59.811203+00	\N	\N	0997e08c51af822ad30e74ba70f622a34d9f2793c8b7fae9266b5a8e692a19af
170	AutHqS1nYmSO3JR00dqnrZlknNcnox	2025-03-29 09:25:12.172847+00	read write	3	\N	2025-03-29 08:25:12.173857+00	2025-03-29 08:25:12.173857+00	\N	\N	02e71e505baf5f9801f688731bd0e57ef631388125af643d068777c868378bc8
171	jJx4GyFHWET4LzG6Dkxn0j98kB5f5e	2025-03-29 09:25:56.602555+00	read write	3	\N	2025-03-29 08:25:56.602555+00	2025-03-29 08:25:56.602555+00	\N	\N	5c3e209b0dcd52bd5f74a4a5a06f5e9701d886e46709244227b8ca29988d4bd5
172	eIyfndEvSxqG21GGMWVHblgepbl2sg	2025-03-29 09:26:06.553317+00	read write	3	\N	2025-03-29 08:26:06.554317+00	2025-03-29 08:26:06.554317+00	\N	\N	75a94a0adf141e7868dd03c49e840b79b8fa1f0ef21b97bad18e8eb740869daf
173	gRB2Aqbolc0aTaoFXHYF17uggVzgfx	2025-03-29 09:31:40.584937+00	read write	3	\N	2025-03-29 08:31:40.585253+00	2025-03-29 08:31:40.585257+00	\N	\N	cc074b81a4caaa61019e9fa18c366aa67bfc68ba3ee14c679bcfec0899df83e9
174	YVVolr13Z6RMWSdwMj10rrs9LwmKHM	2025-03-29 18:38:38.64726+00	read write	3	\N	2025-03-29 08:38:38.647773+00	2025-03-29 08:38:38.647776+00	\N	\N	ed98e4cfc34a508d8fce13aa88e8d5122a5ddeb9e9cdcdcccb16ed346893e027
231	KuZrpabaFkrl9Gnb9mruME83QwUJLp	2025-03-30 07:54:30.801874+00	read write	4	8	2025-03-30 06:54:30.802216+00	2025-03-30 06:54:30.80222+00	\N	\N	4e9016dfd6656bb3dc3fd29b2621d011d96a3f1d9d6837501e5e5c60d63c13ce
176	QC9Q282kqoWL2gKXrkDfCHmwK4dG9q	2025-03-29 18:44:01.582752+00	read write	3	\N	2025-03-29 08:44:01.583285+00	2025-03-29 08:44:01.583289+00	\N	\N	4d2e331f33adc19ef750d59fe6d94b3677d022a62cd3104b77d149d8a7ae4001
177	GcAY6ywn9eDgPNpk3yPnveDy7lAUo6	2025-03-29 18:57:21.628234+00	read write	3	\N	2025-03-29 08:57:21.628475+00	2025-03-29 08:57:21.628478+00	\N	\N	f67fb82e39a90644fd05ae9d75f022bb1dedc0bc5829d9c91309e9c6f054ef16
265	cob5uw0MS2dv70YGanpkMUjIW5S9Ga	2025-04-07 22:15:16.730599+00	read write	4	11	2025-04-07 21:15:16.730599+00	2025-04-07 21:15:16.730599+00	\N	\N	328ded497ece3b8911ad6474eec8b2eadcf0312bbd105756083a560656893928
179	CPftzu5EXhMAbiLngtgR2QeL9RFE9S	2025-03-29 19:36:33.835172+00	read write	3	\N	2025-03-29 09:36:33.836123+00	2025-03-29 09:36:33.836123+00	\N	\N	a705e87a53bd9abd795ae61a69bf88bf3ef28fe59e7d7b177fad26adb4783c6f
180	rqmyDePgJp0OGb8AYzXDwpdNbsxksS	2025-03-29 19:39:31.32936+00	read write	3	\N	2025-03-29 09:39:31.329572+00	2025-03-29 09:39:31.329576+00	\N	\N	68b2b143b20497c7c0c0c775e282ff95af631e779896076e3edbd42456542e57
181	gB5fMZoYVfF5DelsvuOHXVPCEkZo3A	2025-03-29 19:39:09.109417+00	read write	3	\N	2025-03-29 09:39:09.109417+00	2025-03-29 09:39:09.109417+00	\N	\N	eedac9c416b321f6d6996d8e259cdc2a6dc4c6cefa1b8be56617c5cce9463f62
182	Xb2BAq1hrNz2KxNvL0krHEAAX3cJZc	2025-03-29 19:39:55.480333+00	read write	3	\N	2025-03-29 09:39:55.480333+00	2025-03-29 09:39:55.480333+00	\N	\N	3aace63a6fde19c007268dcb1d69c8a1e3045ba2d91444de1d9d1fc45dfc1c82
183	Jnt5dOVHpnEsmQQEW4iZkWg2ngZM6L	2025-03-29 11:05:27.938519+00	read write	3	\N	2025-03-29 10:05:27.93893+00	2025-03-29 10:05:27.938934+00	\N	\N	1473dd2badb3ddb3c71ee76e069ffe808774061bce1b7f6538026ea2d894513c
184	maQkIAPmZBindjCXDiBhVqA2A2OXKk	2025-03-29 11:07:35.472462+00	read write	3	\N	2025-03-29 10:07:35.472765+00	2025-03-29 10:07:35.472769+00	\N	\N	72f97ca312cc4b2a7110ae9c1411c45039f2bd4c239b1579e8d2315a7ef92486
185	k9Q86XHomNSWYnQtoQyifCw3VYZYrb	2025-03-29 11:12:57.857935+00	read write	3	\N	2025-03-29 10:12:57.858214+00	2025-03-29 10:12:57.858218+00	\N	\N	65156679f65a6bb91cb1f237ea19b2cab1e129725693e81583af9ec46c7c3997
186	2TA9bVwKiZEXKo9aX4dg4T9tvJjA0E	2025-03-29 11:16:15.302333+00	read write	3	\N	2025-03-29 10:16:15.302749+00	2025-03-29 10:16:15.302751+00	\N	\N	cb869f3b5422b3edac1e65a9456a0902f3f1e8c07186a7b8023c5f051121d1e7
187	5bXdt4sB2NvTkzDsUyvcevHd9hEsky	2025-03-29 11:16:18.302693+00	read write	3	\N	2025-03-29 10:16:18.30291+00	2025-03-29 10:16:18.302913+00	\N	\N	fd832371f6e65c4313cdf8049df35ee69e21a1cca565b0677808fa0999d68120
188	1gbsECEEckEtUawFeyK77qWD94X7u3	2025-03-29 20:20:09.560343+00	read write	3	\N	2025-03-29 10:20:09.560906+00	2025-03-29 10:20:09.560914+00	\N	\N	44ea96b737d65bc9815c6b445e1575d71dbbbf808ed467b5066f280c06295b50
189	kWOBDNCSPicbKasxMmoKchn5pAIbdu	2025-03-29 11:20:15.356301+00	read write	3	\N	2025-03-29 10:20:15.356681+00	2025-03-29 10:20:15.356687+00	\N	\N	331621f319ae9151a1eb2d8a520318a08dd75543b798748e8c7b48a53f422f70
190	n88vB3SR7PknKhoEq00QgycqG84hcM	2025-03-29 20:21:25.0662+00	read write	3	\N	2025-03-29 10:21:25.066562+00	2025-03-29 10:21:25.066568+00	\N	\N	074a058bbd2a44108d986ad34e53b2d134a612ff88e06e156b16d8747555335c
191	fEUqDj5WWpl0wwLyE7vrF4XwBxFwb9	2025-03-30 11:44:46.949826+00	read write	3	\N	2025-03-30 01:44:46.950318+00	2025-03-30 01:44:46.950324+00	\N	\N	436f4a79590d726927c33f532d01a4030a60406f57cbe2b7bcdf0b1af6efacce
192	BggDGb79WNXSbs8SkeN8H3iPaBxDBU	2025-03-30 11:56:44.151463+00	read write	3	\N	2025-03-30 01:56:44.151886+00	2025-03-30 01:56:44.151896+00	\N	\N	a634ac91bf7c92e8ed332f8a0eaa4792a2a9bca857705146c940fff004fba05f
277	He5qlieoKZfOf5aedSIV4LWVvXMrhF	2025-04-09 00:13:32.893077+00	read write	4	11	2025-04-08 23:13:32.893077+00	2025-04-08 23:13:32.893077+00	\N	\N	d15e200088410b779cf835756734b8fd688c72af0bc45ee45b8cea17b29ff0a3
284	0R7DGO1cg25bT3oDZ5h99yTLzgAwPx	2025-04-09 11:51:17.325466+00	read write	3	\N	2025-04-09 01:51:17.325915+00	2025-04-09 01:51:17.325921+00	\N	\N	08cc841f571071bb0b1b852594369305d2b935fce50026cceced6a305b43cbd3
294	DIKQmVMITs7Khjrcc0IvlVQhH1PNVf	2025-04-10 00:09:35.074139+00	read write	4	8	2025-04-09 23:09:35.074531+00	2025-04-09 23:09:35.074535+00	\N	\N	8ec1e50b9091efb867236cca04450b50da47bcd5b02ee75adec3f69920e2b598
196	EmQsqCdotnTtMFToEKCuokAOSTBIsq	2025-03-30 13:02:48.993224+00	read write	3	\N	2025-03-30 03:02:48.994233+00	2025-03-30 03:02:48.994233+00	\N	\N	da2089c51113d1d63437891ff916ef5b51647bbdcfb983d91556a6da76d747d4
300	xO9LADRyzMyoxo4ZX9S95ieb65vKKt	2025-04-10 03:28:48.145429+00	read write	3	\N	2025-04-10 02:28:48.145797+00	2025-04-10 02:28:48.145799+00	\N	\N	1487271cbc47cf04c4548ec9a34ffb5c32852cf9124727be3e2c90687e6369f7
308	lEet4SJ7lCgWeX8mqw88qArpAzxX3v	2025-04-10 04:20:08.963317+00	read write	3	\N	2025-04-10 03:20:08.9639+00	2025-04-10 03:20:08.96391+00	\N	\N	4ef1e302dd7f2d5b83e815ae9d2d81b882c36a3cd2fd9f51508963333816b4df
309	96ZW0sO0L5aohgIU17VthT6ac4EFdq	2025-04-10 04:20:36.26969+00	read write	3	\N	2025-04-10 03:20:36.26998+00	2025-04-10 03:20:36.269985+00	\N	\N	64dd2ce36fbfdb5e0fe38f5c5ea189ce5eda63872256dda93d9829c7aaf591fc
310	oYZE4OKPbPqp6FlXpOMjCwoRur4ySd	2025-04-10 04:20:51.667031+00	read write	3	\N	2025-04-10 03:20:51.66745+00	2025-04-10 03:20:51.667455+00	\N	\N	615402c136e41ab281c747008e81165719fa5e8080fdff74f7c253d323d8ee59
311	yGKJtgY0YeSKyG1Y7p6GQdVsuTJX7b	2025-04-10 04:21:24.467874+00	read write	3	\N	2025-04-10 03:21:24.468214+00	2025-04-10 03:21:24.468219+00	\N	\N	3db384d0d0052467ca7f94f25054709343e3496d31fe7947fa057936f5f4a9c0
312	RET0y54g2s879Pp9WQ8wGnedO2DrQc	2025-04-10 04:21:40.270487+00	read write	3	\N	2025-04-10 03:21:40.270861+00	2025-04-10 03:21:40.270868+00	\N	\N	e1097ec40ef3570faffacff9951a14ffd6c8eb338a7c19a39b345c273139b842
313	jOi86e4UDOrJ62LqRdZOiquG5CLWq4	2025-04-10 04:22:05.962494+00	read write	3	\N	2025-04-10 03:22:05.962901+00	2025-04-10 03:22:05.962908+00	\N	\N	eb6930490176f609a5e30261f8a81fd3b40bd794a232d9d58f634cc55d8f5623
314	EKnGJBDVXgk11qdsyABDHuMYm7acgH	2025-04-10 04:22:53.066136+00	read write	3	\N	2025-04-10 03:22:53.066444+00	2025-04-10 03:22:53.066449+00	\N	\N	6c3c5532804cde65456f7482bbccbfeeec76aab19b55573f09f710d10aea4ae0
315	Zd0XpPiOhVyJiPegz1AuaMTzs4rOYM	2025-04-10 04:23:36.474055+00	read write	3	\N	2025-04-10 03:23:36.474449+00	2025-04-10 03:23:36.474455+00	\N	\N	fa4a8cb2dc03ea4b757fcdc6e1a5b5335b4b2d954d81d670c536a85475b6340b
316	ln2ucUVe7KLX6X8bplWEJNBp3RMlsL	2025-04-10 04:24:25.763994+00	read write	3	\N	2025-04-10 03:24:25.76441+00	2025-04-10 03:24:25.764417+00	\N	\N	748d441a6bcaaf4ee2ab2221af52dd1b0993a1d3170ee3e03fb365bc6dc92d64
241	CO0HgpDnGqyfTSvx1osju2ODjoGTfu	2025-03-31 04:07:56.208274+00	read write	4	8	2025-03-31 03:07:56.208583+00	2025-03-31 03:07:56.208586+00	\N	\N	b2ee1e9a240bbb26088616e338ace4b79aef6e099a414e54f3693e80e83e0113
249	7cXBeEpltyrCznFkO8lIKAer2chCzf	2025-04-02 22:16:22.641333+00	read write	4	8	2025-04-02 21:16:22.64163+00	2025-04-02 21:16:22.641634+00	\N	\N	3cc52ef38ffabd99f5feb86034189b046c8506b257bd9fb6f2b6e5ddc24c14af
250	wNhtFhwOt78CY5jKpD3l5RDERY3kHZ	2025-04-02 22:17:10.773044+00	read write	4	8	2025-04-02 21:17:10.773474+00	2025-04-02 21:17:10.773477+00	\N	\N	960cadc25c0da01b6d44a202073a612d37a622c3e97315236a84f4f17700161b
256	ShCEOSbCIyoPzDpWeKqmLHS1NhXHI9	2025-04-03 04:15:17.794122+00	read write	4	14	2025-04-03 03:15:17.794122+00	2025-04-03 03:15:17.794122+00	\N	\N	dea25a1661d92529550c4121e0866dec01fe0fd63c4d94b056be37c133842f33
232	WIFfcxoLoaztP1bQ6dBfChFbZ2zKbp	2025-03-30 07:55:29.556504+00	read write	4	8	2025-03-30 06:55:29.556716+00	2025-03-30 06:55:29.556718+00	\N	\N	7e451b6cf735db5c3d59a1308db344dd95f80740db0bdb157a095d520222e259
266	OBV29rMGbGOL713nFZ0dKRRAx7zWbt	2025-04-07 22:33:48.09353+00	read write	4	11	2025-04-07 21:33:48.094536+00	2025-04-07 21:33:48.094536+00	\N	\N	e0c3b50ef6ac57b4645e9d86beca1f4ff490267a242092394a5f9281351c41b6
267	Px02lwFsFOhrD3qlg0mh6IaXfcR4BJ	2025-04-07 22:33:51.704631+00	read write	4	11	2025-04-07 21:33:51.704631+00	2025-04-07 21:33:51.704631+00	\N	\N	73c082266c595d90d68d2312467cadafa60dbfa179ad4981a3ef48ac27885d09
278	zXmxy1bJMRLlbUXPdckbOxLzscxUtT	2025-04-09 00:14:24.634382+00	read write	4	12	2025-04-08 23:14:24.634382+00	2025-04-08 23:14:24.634382+00	\N	\N	d2f2f71617406615b690aebf3cdec535aeaad4f65c181259938ff5e23125fb33
285	Qlemdzev3kYNwYs8DmkdyxSX9WLBK5	2025-04-09 03:07:08.536801+00	read write	4	11	2025-04-09 02:07:08.536801+00	2025-04-09 02:07:08.536801+00	\N	\N	558ec64ff487f37f812626ba9735f1c6c27a35a1473db729c27f6203efa4e15b
301	LC8fApEWRvR7smjGvBlVV6jonaleln	2025-04-10 03:53:06.916866+00	read write	3	\N	2025-04-10 02:53:06.917483+00	2025-04-10 02:53:06.917493+00	\N	\N	e5309728f46dc8287c7560b05e3dcb6cea413bd26d4d85812dba4063072f13df
317	ngV78UabKmhopJWzg55gcT3JEb4LRt	2025-04-10 04:28:21.371028+00	read write	3	\N	2025-04-10 03:28:21.371358+00	2025-04-10 03:28:21.371362+00	\N	\N	90915c55b0978a2e00ab530fb67bc8526542a8ad94353cee2782a22cd25920da
318	Bhf5YqzbSRAK1SfbygVs0mWxka6qVW	2025-04-10 04:28:29.266958+00	read write	3	\N	2025-04-10 03:28:29.267403+00	2025-04-10 03:28:29.26741+00	\N	\N	eb867eda7ad5a7bb31f264a38f13ff53e80748ba83e97eb790902cde1d3fcc2f
319	lDYDiRhSvRnRom5imkzQ9j4JEBqv6u	2025-04-10 04:29:23.573863+00	read write	3	\N	2025-04-10 03:29:23.574229+00	2025-04-10 03:29:23.574234+00	\N	\N	4e2126110cebbbba7aaeafee73f58bf8049ca0e20ab3e2e73d93e624f9ce3dbb
330	v40PT0yFWlHKsHibjWfwXqxoCGKnG1	2025-04-11 06:03:20.60564+00	read write	4	8	2025-04-11 05:03:20.60564+00	2025-04-11 05:03:20.60564+00	\N	\N	1f7b83182ac28337bc1fd892b0ab009a58c55996f89748cebb39850669a297e1
335	aIJgaykR9g9zEEU4tfbDq0Z2b8eSl0	2025-04-11 17:59:12.1497+00	read write	4	11	2025-04-11 16:59:12.150708+00	2025-04-11 16:59:12.150708+00	\N	\N	658b66f640554b9806d0a1c7c79c9400d5b9bf8f6e97f25c3f7ce387bf7f4b8f
340	zNzKyonW2qpbrIxK8FZ7Sa0YxlKCIL	2025-04-12 06:38:43.487906+00	read write	4	8	2025-04-12 05:38:43.487906+00	2025-04-12 05:38:43.487906+00	\N	\N	44568b2dce59d8cbaef61104a1b4dfa8c2b0fae23cc7d9f4ea59f4c6cb362178
345	naNxcqd2xlMHal4X82VBs6ajSS58Ej	2025-04-15 12:41:04.919348+00	read write	4	8	2025-04-15 11:41:04.920352+00	2025-04-15 11:41:04.920352+00	\N	\N	78cc52376fd3e1cdc84aa2dd2a34178c0be4d664bee9b3ad9936c44346372a75
355	AsrMLLKDD1ZvcMcOhMDzuHmGEfyuk1	2025-04-15 20:06:13.153925+00	read write	4	11	2025-04-15 19:06:13.154923+00	2025-04-15 19:06:13.154923+00	\N	\N	43f227c322fbfdf67b3866667b28a0f9886cb26629652ac9f7b946396204d24f
359	9YuHa6mGHdgyYzAW9zwW6tY9ss5M71	2025-04-15 21:11:34.479642+00	read write	4	11	2025-04-15 20:11:34.480651+00	2025-04-15 20:11:34.480651+00	\N	\N	536a5d322f5c4faa109572f701d820ac7cacc2abc19d4130de73d5d638ed1481
363	O5DE99CKn6tFPS7LVuwiruhiT1SXNW	2025-04-17 01:55:22.818768+00	read write	4	11	2025-04-17 00:55:22.818768+00	2025-04-17 00:55:22.818768+00	\N	\N	e14a5384031bb101e414b7b1596a687a943585a2ef456bb75f7d4908890f2f22
368	oyCMUxNOvikCvovCVUsdw4i1ZWUAMF	2025-04-17 04:03:02.276733+00	read write	4	8	2025-04-17 03:03:02.27696+00	2025-04-17 03:03:02.276963+00	\N	\N	1807d33021dabd2881f3f07cbea185b54b3f036b089e4f2f61931835abf8034a
370	k4cvcfwhga1HKhb8uLa9DUamM5bvtd	2025-04-19 20:33:03.562056+00	read write	4	11	2025-04-19 19:33:03.562056+00	2025-04-19 19:33:03.562056+00	\N	\N	1f6695b4ff206e7951819e952dbd90c28b2fe8d49a88892c8b4c563d0891b07c
374	NOCmEkGwueGH2aaJJDOabIU3GiGuZ2	2025-04-20 07:47:54.162099+00	read write	4	11	2025-04-20 06:47:54.163577+00	2025-04-20 06:47:54.163577+00	\N	\N	2f8422a5d6f3396532cf4c8af0d2e9923922af811dc474da63e20f6d9d000260
378	QCIGZtJ9vX8vAyXrrtxyGd2q4VXq9O	2025-04-22 19:30:29.546691+00	read write	4	11	2025-04-22 18:30:29.54771+00	2025-04-22 18:30:29.54771+00	\N	\N	bfb584b796aaff49dc3b60fbd160cedd6d3bce73139bda5d1de3e68c9b05d2b1
382	WSd3hg22Vk5eNeKVOGU17MFttiplNO	2025-04-22 22:24:03.936773+00	read write	4	8	2025-04-22 21:24:03.936995+00	2025-04-22 21:24:03.936997+00	\N	\N	e36a7de5b60f4bc8ab72fea873de75b9f95cf96284f8781d47b8459c001c4dbb
386	GKuKBQoROf83EoYrODDv9JvuCVvMnN	2025-04-23 16:37:34.792779+00	read write	4	12	2025-04-23 15:37:34.793778+00	2025-04-23 15:37:34.793778+00	\N	\N	b5a989829a569ee489b373209b5b00499119e0e9e911403fbdb89cdd740d1b41
390	9oCPZXMuLhfYCItl3RkW4oD3kVXUMV	2025-04-23 18:18:59.779586+00	read write	4	11	2025-04-23 17:18:59.779586+00	2025-04-23 17:18:59.779586+00	\N	\N	d904c1f373bfc7b1d4b5cc39d7f865f8d28240bac4f8764bd547a49aedabba08
394	3YH0XoLUikPlEz2v6Lt1cVSiFvi1RT	2025-04-23 20:39:19.434705+00	read write	4	8	2025-04-23 19:39:19.434705+00	2025-04-23 19:39:19.434705+00	\N	\N	a93d3c6c0f03836a45985cf53aeb93af066c7bfdbbfe26f181fd74965fad29c6
397	T5RfS53DTpi9NgklnsYS8Akdvjzudo	2025-04-23 21:41:29.402763+00	read write	4	11	2025-04-23 20:41:29.402763+00	2025-04-23 20:41:29.402763+00	\N	\N	3ea4c59624d712b114638b640ad5f94f4b14df347e388a59b04292cdf8c1b5ff
399	JJrh0rIlfnEDxBEuGc1o688XwqEk08	2025-04-23 21:45:50.739612+00	read write	4	8	2025-04-23 20:45:51.004418+00	2025-04-23 20:45:51.004418+00	317	\N	e701d8ffdeca0fc252f6b08a25a54312befbc29d51fb386bd61f8dd6f685ca82
402	cF39cwZsAKAXdLhNzn9IUoNOkKboOO	2025-04-23 22:32:23.438356+00	read write	4	35	2025-04-23 21:32:23.438356+00	2025-04-23 21:32:23.438356+00	\N	\N	3b56ffd0087622e5839fd317de48854e580adc16375036cec95dcca343029ec8
404	lUn6hR8Mzt5e3Pd8hNsFJ3k0yIgXcX	2025-04-23 22:45:52.026137+00	read write	4	11	2025-04-23 21:45:52.026137+00	2025-04-23 21:45:52.026137+00	\N	\N	ba553a50f5aa10b500ad60ec20fe44de78cfff819110a6dafb071a0ec81f727e
406	Ymvp27asjjSpmdiAu9Py7EvHEYlUYs	2025-04-23 22:54:35.932281+00	read write	4	8	2025-04-23 21:54:35.932541+00	2025-04-23 21:54:35.932544+00	\N	\N	b02b7b56d434322d653bd2a3b7c4bbae58a7775e52697558e73d08220be0a548
408	JKainFcGWE7XX2CeRoQsOJJ7mzoz0D	2025-04-23 23:11:39.049742+00	read write	4	37	2025-04-23 22:11:39.050748+00	2025-04-23 22:11:39.050748+00	\N	\N	317e1c2c3e0e43c1f36f4be0fb7e48837904cd6a84b1abb67258b73971381888
410	jMxAuM6flmXqQhrou0tMMzO37yLIPX	2025-04-23 23:21:59.765299+00	read write	4	11	2025-04-23 22:21:59.766299+00	2025-04-23 22:21:59.766299+00	\N	\N	7c68276748c0db32c0c2be4a2f429706e0513b7ae8ed3e434b4d07fd2e11b270
412	EYfc5AD3yO84teuEZIm6oIK16tKWms	2025-04-24 01:59:27.032603+00	read write	4	8	2025-04-24 00:59:27.032875+00	2025-04-24 00:59:27.032877+00	\N	\N	39798ca88bc7120b8b22d61aca60941e07929d1e0e1cd30f4d01f02f0964a8a8
414	dGzOROxHVAG9168oHmW9uUC4IERFuE	2025-04-24 20:08:22.252142+00	read write	4	8	2025-04-24 19:08:22.252376+00	2025-04-24 19:08:22.252379+00	\N	\N	afb69e725cad4b8c567739db037fb6f9819e82ff43d904c598498eae92c50df2
416	TLAk5WwqBdoR9erhTz4DWYHMfxarXf	2025-04-26 03:49:42.35726+00	read write	4	8	2025-04-26 02:49:42.35752+00	2025-04-26 02:49:42.357523+00	\N	\N	3f74109958f79830f2fe6ef27f9712f852ab470a1ee579808fe2437dd80d7d80
418	7FGk45ULIvvy1vM2e3TngzCeLFEpVD	2025-04-26 06:05:19.993931+00	read write	4	8	2025-04-26 05:05:19.994156+00	2025-04-26 05:05:19.994159+00	\N	\N	fafb36dab387ee43305556a37eecb6199d67caa5e5150f9249ebc1224381c12c
420	ynd0T91nUq8pMscgXLMT7vTnSNX45I	2025-04-28 16:48:13.169683+00	read write	4	8	2025-04-28 15:48:13.17+00	2025-04-28 15:48:13.170003+00	\N	\N	0b37389db7cbbdd21bf12fec18c7124606b17a64a1ce79d712687a1e691e4653
421	4XyW9S4w59zlq1y3SQoQedyuIuGXzB	2025-05-02 02:59:58.185778+00	read write	4	8	2025-05-02 01:59:58.186774+00	2025-05-02 01:59:58.186774+00	\N	\N	e270586e5efc48ad35c9557e45694aad1885a748a59291924969a71a98c48c31
\.


--
-- Data for Name: oauth2_provider_application; Type: TABLE DATA; Schema: public; Owner: postgres
--

COPY public.oauth2_provider_application (id, client_id, redirect_uris, client_type, authorization_grant_type, client_secret, name, user_id, skip_authorization, created, updated, algorithm, post_logout_redirect_uris, hash_client_secret, allowed_origins) FROM stdin;
4	F1i388Cx3YHorRjzDKMtGehgpFxJemOCRoAvCtuM		public	password	pbkdf2_sha256$870000$LhDyfSovVbiCWrecdTLTKh$D6Ll7FqZFoJjes+l7eycLfVBJlZz0YWRLJfsOWnQ3Ro=	Password	\N	f	2025-03-30 06:12:27.563394+00	2025-03-30 06:12:27.56341+00			t	
2	QQZwAMHo6G7kJPzI9A4OJxtIkhR5gc8rsEF9Vsgk	http://127.0.0.1:8080/callback http://127.0.0.1:8000/accounts/callback	public	authorization-code	pbkdf2_sha256$870000$rxbohewNxx3gsFWxE9wIuH$d/CcJpsdNTFapUTO4qJ+rEm6VDYOGQafrwxFegarXh0=	CLI Login	\N	f	2025-03-11 20:17:44.63451+00	2025-03-29 07:14:53.876506+00			t	
3	0JQVLzPdjnL8TaTAWQQUCk68wqXU8jg1zICrUW1q		public	client-credentials	pbkdf2_sha256$870000$lAO2QSZ1glki3mp6P94lL4$NvGoRrul6ZdhydOFbWkCSw2AxVvPDlyPdoIp6hKPz40=	Client Credentials	\N	f	2025-03-29 08:06:12.172195+00	2025-03-29 08:19:20.449261+00			t	
\.


--
-- Data for Name: oauth2_provider_grant; Type: TABLE DATA; Schema: public; Owner: postgres
--

COPY public.oauth2_provider_grant (id, code, expires, redirect_uri, scope, application_id, user_id, created, updated, code_challenge, code_challenge_method, nonce, claims) FROM stdin;
20	zC1OWpAQ0USsf9XdXAFIbi1Ec13xKp	2025-03-12 00:52:14.487848+00	http://127.0.0.1:8080/callback	read write	2	9	2025-03-12 00:51:14.490848+00	2025-03-12 00:51:14.490848+00	7wBEGFafCqrV4GEqbWxINJGQTpzgTbu-H40lXtUbJic	S256		{}
166	PKJ5QshxF8CNvHALvsltnZzgfghOts	2025-03-29 07:54:22.064581+00	http://127.0.0.1:8000/accounts/callback	read write	2	8	2025-03-29 07:53:22.066247+00	2025-03-29 07:53:22.066266+00	xMmNiQ7hfyMl4TwNAei-Tye20nHFSkCMdxrGJpBkVoA	S256		{}
\.


--
-- Data for Name: oauth2_provider_idtoken; Type: TABLE DATA; Schema: public; Owner: postgres
--

COPY public.oauth2_provider_idtoken (id, jti, expires, scope, created, updated, application_id, user_id) FROM stdin;
\.


--
-- Data for Name: oauth2_provider_refreshtoken; Type: TABLE DATA; Schema: public; Owner: postgres
--

COPY public.oauth2_provider_refreshtoken (id, token, access_token_id, application_id, user_id, created, updated, revoked, token_family) FROM stdin;
183	Yqx6neJGA0MaOLFMmwOJhwXxABvsMr	218	4	8	2025-03-30 06:12:33.30486+00	2025-03-30 06:12:33.304871+00	\N	8b31ecd5-c62a-4c4f-9a2d-aeea43786234
2	rLoJZIMZNuDrV8yqRgPfG4tsLfyhvb	2	2	8	2025-03-11 20:18:37.698826+00	2025-03-11 20:18:37.698867+00	\N	5d3f55d0-4723-4028-8adf-979310179d73
3	4ZEsgFJ7H3HANEQHjn7bGqLdOLvNbt	3	2	8	2025-03-11 21:28:42.73184+00	2025-03-11 21:28:42.731893+00	\N	733f2fa9-cd03-4eb3-b6f4-8e1ba98c1b13
188	ly3F0diVCZq8620IvrOscAmXFKbido	232	4	8	2025-03-30 06:55:29.636346+00	2025-03-30 06:55:29.636353+00	\N	ab19d17c-99d1-4564-abc6-cd1459e94cb8
192	9O0TKlf2AyvHMBohNftCDtDz4TuwpA	236	4	8	2025-03-30 07:09:09.478941+00	2025-03-30 07:09:09.478954+00	\N	1ae5be96-e054-458e-beeb-37f60164a580
6	n97XhDpkr6gOjLB7dPnREun3Kqz1vU	6	2	9	2025-03-11 23:59:04.693613+00	2025-03-11 23:59:04.693613+00	\N	c2a7e2e9-3f41-4c66-9a8d-407e9c5d86e1
196	ixaUDihPBOPzXEML6kQI0ZEaJ5EtIP	242	4	8	2025-03-31 03:08:16.226774+00	2025-03-31 03:08:16.226791+00	\N	fe349997-d52b-4c63-9f46-971f9c607505
198	HN7FSHDrJoGS15PpHqq634Ygb1tfZK	244	4	11	2025-04-01 00:31:37.8344+00	2025-04-01 00:31:37.8344+00	\N	ad6d6eb1-6ce0-401c-8f1f-967bc27aadbf
203	2w2DmEkth6bAzRPLhmkglXr8SXe2c0	251	4	8	2025-04-02 21:25:24.86421+00	2025-04-02 21:25:24.864215+00	\N	cc2ad500-80e7-4cd4-90cc-e612c280d120
207	dRbC7FpbJCWNvdQuvp7DjpA11wYpeD	256	4	14	2025-04-03 03:15:17.915723+00	2025-04-03 03:15:17.915723+00	\N	139db549-fa09-4f98-8c43-d754d2286672
11	88JeR2QQY8ihbldsUDCPztrvaqYBSi	11	2	9	2025-03-12 00:10:40.021282+00	2025-03-12 00:10:40.021282+00	\N	341b3a75-055a-42b6-a7cd-887413e8cff2
208	RRN2goLjUdp69StIA10rfAtxLLTUTA	260	4	11	2025-04-06 19:49:08.70333+00	2025-04-06 19:49:08.70333+00	\N	c3f77220-cb47-4ea6-8cc9-47cbe71a889f
209	6lw1qHmBPRYJY94HbU54TtON5IvFvK	262	4	11	2025-04-07 19:06:04.588576+00	2025-04-07 19:06:04.588576+00	\N	48a76746-cac6-4745-a7ed-30246f33d06e
14	Stelttnp8WXW40iDH9UcHVd7ViEbZg	14	2	9	2025-03-12 00:14:11.754707+00	2025-03-12 00:14:11.754707+00	\N	e3362013-2acc-4563-827c-61574000d895
213	z7Rv1UWFeCxSbyrm39u1jThC8KYtOK	266	4	11	2025-04-07 21:33:48.14025+00	2025-04-07 21:33:48.14025+00	\N	8c647927-a370-431c-8060-a85592c07853
214	97uZZmwjMNuZ9Yw241EzEiCKvpnRAQ	267	4	11	2025-04-07 21:33:51.746811+00	2025-04-07 21:33:51.746811+00	\N	12acdeaa-177b-40c6-a556-1ad2c732201f
223	S7Xvy9ddhqkz7KU3IGeg2znb3sE2Vz	277	4	11	2025-04-08 23:13:32.929805+00	2025-04-08 23:13:32.929805+00	\N	3fa61346-f634-4a7d-ab91-3512bcad2c29
218	NfixUylXU1mdqFvBwBct1LExVrF1b9	\N	4	11	2025-04-08 19:32:03.51518+00	2025-04-08 23:26:16.60667+00	2025-04-08 23:26:16.60667+00	2155ffe6-0de9-42ac-b4a3-290974075b23
228	dYBbIbKnnl8rQiOtJGF63C8sjKUmAy	283	4	11	2025-04-09 01:25:45.000825+00	2025-04-09 01:25:45.000825+00	\N	1eb4730b-1afd-4310-b9a5-73725272d7d4
232	C4yTSpJXiZ6RNS4v69FCOuDkxR12T1	288	4	11	2025-04-09 07:03:13.466038+00	2025-04-09 07:03:13.466038+00	\N	5a38b69b-ed38-42ac-bf4b-0731a6297f70
18	xanJrj09U4lIS9Goy8G6sPFszx1kiv	\N	2	6	2025-03-12 00:55:34.174548+00	2025-03-12 01:56:42.135856+00	2025-03-12 01:56:42.135734+00	e07b931f-51b6-4895-8651-fff7603fc2f2
22	z6UWBxuFY8mqi1BW5c78BzJOj4dgIj	22	2	6	2025-03-12 01:56:42.181855+00	2025-03-12 01:56:42.18189+00	\N	e07b931f-51b6-4895-8651-fff7603fc2f2
21	lbR5dRaR44JgTsb6qFEmIiLxzG4sCk	\N	2	8	2025-03-12 01:07:02.562083+00	2025-03-12 02:08:44.578477+00	2025-03-12 02:08:44.578342+00	a6e8a7b8-5064-42c7-9970-95e5d6123e3c
23	4VJcjRhVfIreeGyTP2vw11RvZ1qwAH	23	2	8	2025-03-12 02:08:44.612294+00	2025-03-12 02:08:44.612308+00	\N	a6e8a7b8-5064-42c7-9970-95e5d6123e3c
233	5ANraje5ZKGX32kqon11q1fZ0lhlJN	\N	4	11	2025-04-09 21:06:53.406948+00	2025-04-09 22:15:05.01288+00	2025-04-09 22:15:05.01288+00	701e81c6-e4c9-4779-b8bc-cb3b7ecd6354
10	qwYUAjzK7dKW6rSoJeantdzrc1HpiU	\N	2	8	2025-03-12 00:06:58.320077+00	2025-03-12 03:53:53.665494+00	2025-03-12 03:53:53.665386+00	7ab85a9b-cc9d-4080-9fd1-a44474c6fe1d
25	tZhOTlVYDiKDD2J6lUfvY1SwSWhNbs	25	2	8	2025-03-12 03:53:53.779662+00	2025-03-12 03:53:53.779691+00	\N	7ab85a9b-cc9d-4080-9fd1-a44474c6fe1d
238	rgtTxoKxgoXR4VsFtG3nQpZNTlQGvy	294	4	8	2025-04-09 23:09:35.14951+00	2025-04-09 23:09:35.149521+00	\N	0066f563-1865-4774-9328-d6607edf12a6
242	XSW5qlqiGhZBTqZonjRgw3871I3mmP	303	4	8	2025-04-10 03:03:24.863822+00	2025-04-10 03:03:24.86383+00	\N	d46b674a-7ddf-439b-b8dd-8ada1976195f
243	VTHf4kQLZ0PppwqhndDG4SzWhE0T5w	323	4	11	2025-04-10 14:05:11.897796+00	2025-04-10 14:05:11.897796+00	\N	f66951bb-2fc1-4df3-b9ae-c56e3c3903fb
28	REwcd5WaeGd83v89sN6R7HTMqQOBUV	\N	2	8	2025-03-12 05:52:43.282091+00	2025-03-12 07:10:36.041489+00	2025-03-12 07:10:36.041407+00	dbfb48df-2a1f-48d2-8592-1317cc560c95
29	5XY2HcNaX0cfbmPYAmVdPLYYV477P8	29	2	8	2025-03-12 07:10:36.14211+00	2025-03-12 07:10:36.142121+00	\N	dbfb48df-2a1f-48d2-8592-1317cc560c95
30	C1naF1IjnkTKzoACLh3yLsRmiUKfJR	30	2	8	2025-03-12 13:38:01.73919+00	2025-03-12 13:38:01.73919+00	\N	89480661-86ed-4dcf-9813-0d6494391953
246	g7kuRTRtBsksnrZuwDFgcibGn9LXGZ	326	4	8	2025-04-10 20:10:01.417568+00	2025-04-10 20:10:01.417568+00	\N	c861339b-095d-4beb-ab73-0627f1999775
250	oCOzmWncR9HlwCtE0GB9Nk7sZx07QA	331	4	8	2025-04-11 06:06:33.162753+00	2025-04-11 06:06:33.162753+00	\N	550a842b-f62d-411a-bf08-c24de6f910ab
254	zqcU7Qd83zIYYgq4CScYFFNiPbhyHY	335	4	11	2025-04-11 16:59:12.208401+00	2025-04-11 16:59:12.208401+00	\N	9c6d915a-e911-4ad6-a0c9-8a1b497a4dce
258	9YI6tqeWTOON6uAgrZntXHR1dSXZgk	339	4	21	2025-04-11 20:21:34.811122+00	2025-04-11 20:21:34.811131+00	\N	9bcfba75-5dc3-442b-b842-11cefabe537b
32	81zUng2XIPVHW16z73Oa5c8jKXK6PQ	\N	2	8	2025-03-12 15:47:25.645499+00	2025-03-12 16:48:33.268933+00	2025-03-12 16:48:33.268933+00	80fe5275-a83f-426f-8b9f-23904c36030a
34	afljCP0mSpiliPLYB7lKnetUPAFn4m	34	2	8	2025-03-12 16:48:33.363762+00	2025-03-12 16:48:33.363762+00	\N	80fe5275-a83f-426f-8b9f-23904c36030a
260	0wt6MCnZ1mvChG13aKZuA1oYV1T0Xg	341	4	8	2025-04-15 08:19:56.270407+00	2025-04-15 08:19:56.270407+00	\N	dcc96e8b-3107-4263-ae70-420dda6331f3
264	5LUcVE3cNOzvaXDWdC9HIyX8UM8mn6	345	4	8	2025-04-15 11:41:04.990474+00	2025-04-15 11:41:04.990474+00	\N	461629f3-0d5c-4dc4-b913-225bd74a3058
268	VXmtquzKWwKz9p4TxkIoNtS1yTLQ6J	349	4	25	2025-04-15 14:59:32.219931+00	2025-04-15 14:59:32.219931+00	\N	a315e4be-eb9d-460e-b639-c733d2e891e5
39	9wTWkhfGqsmGGXJZ0abasf93iGJSTZ	39	2	8	2025-03-12 18:38:50.294388+00	2025-03-12 18:38:50.294413+00	\N	f86dff46-cfea-4646-97a3-3274f304f548
276	LDKrXKIuEkt5YlKGI1z9DiRbLbFvJa	357	4	8	2025-04-15 19:22:14.607048+00	2025-04-15 19:22:14.607048+00	\N	f19c306e-56e9-4842-83a8-151c088156bc
41	eDIt7tjkbg3VW0K9N2S2uaB3DAOYaK	41	2	8	2025-03-12 19:10:07.156886+00	2025-03-12 19:10:07.156903+00	\N	de9a36a9-7ac8-45b6-b01c-01219b08724b
42	yzW0c10Jf19d4Sm8jABtrjWkIKO8BU	42	2	8	2025-03-12 19:11:59.468578+00	2025-03-12 19:11:59.468589+00	\N	e96885c7-7458-4066-8a50-3c890b162d0c
43	v9ufh28egu1k1azc7BVHs80Ld4Tqu6	43	2	8	2025-03-12 19:41:51.342758+00	2025-03-12 19:41:51.342776+00	\N	2637ef93-99f6-45d6-8580-9bfd7de674be
280	ZuxfUQMZjiUmC3gduKwvCUTBoOdXoY	361	4	11	2025-04-16 23:03:10.248313+00	2025-04-16 23:03:10.248313+00	\N	fed43368-5386-482d-99a9-beeb65169476
284	2q9VzDXxbNcEpcWvNMEkcjhixxBMtm	365	4	8	2025-04-17 01:14:28.762921+00	2025-04-17 01:14:28.762933+00	\N	ee4b020c-d906-461d-abb3-42a0c621765a
272	ToxtTH2QBbBAZwGCrn99CfoJ0h9Eif	\N	4	8	2025-04-15 16:18:43.325187+00	2025-04-17 01:22:32.434445+00	2025-04-17 01:22:32.434138+00	24560152-7971-4b30-a00a-e3716f5bb505
288	Ad53AqJ0poLMSDAXyJ8WjOykzYmsLP	369	4	11	2025-04-19 18:21:38.801866+00	2025-04-19 18:21:38.801866+00	\N	9c6b0ca9-6ba4-42ee-8587-dd9c14d57a4e
292	elmf95rJaShZ4EAS2rU1fgwUeU2zuR	373	4	11	2025-04-20 04:59:56.344848+00	2025-04-20 04:59:56.344848+00	\N	6aa03c90-1444-4954-a3e1-2f3eda4a60b0
296	pO0SLNXoNiHrN1fbVYO8DIX1MEKeFn	377	4	11	2025-04-22 01:31:36.773533+00	2025-04-22 01:31:36.773533+00	\N	a9ec68c5-c8c0-41ca-8fc3-35a3df942d82
300	E2V6aLrScvyYjXi5vbtC1a97hq2j0I	381	4	11	2025-04-22 21:08:20.388365+00	2025-04-22 21:08:20.388365+00	\N	c547945f-213c-490c-b845-d39101e106b8
244	oxR2LFwxB1BMqO8ELUB5BvGepOihgn	\N	4	8	2025-04-10 15:18:57.445495+00	2025-04-22 21:26:09.264127+00	2025-04-22 21:26:09.263123+00	22b96bab-31ef-4848-9fb6-7cd081964c0e
44	5gy66wk9zHGOHARR8IgLsbSwkSedMh	\N	2	8	2025-03-12 19:47:37.504333+00	2025-03-12 21:04:50.507667+00	2025-03-12 21:04:50.507546+00	a35d834f-df77-4619-8fe6-3005dd107922
304	tORE45Fy7TM2VdsZp8ADln9Po0SCLy	385	4	11	2025-04-23 01:04:22.436423+00	2025-04-23 01:04:22.436423+00	\N	21fcf16e-6a4b-4a83-b43e-d178367b4a89
45	FyWxbGg3fTYBS3OWv7JooNzFhZyMeX	\N	2	6	2025-03-12 19:51:19.706731+00	2025-03-12 21:34:40.576726+00	2025-03-12 21:34:40.576606+00	1e78b87d-0f84-44ad-831a-0ea648741c76
308	HmkWpqIewKob5BgFyNAjeMvFhcVfXj	389	4	11	2025-04-23 16:17:36.331944+00	2025-04-23 16:17:36.331944+00	\N	525a219f-6421-4d5f-8a19-0db7a560dc8b
37	CJxXA9YyuuvEFfq12UGLNXrpervCUv	\N	2	8	2025-03-12 18:01:14.760862+00	2025-03-12 21:42:17.421948+00	2025-03-12 21:42:17.421838+00	214fcba3-b4e8-4042-ad6f-450d8ec27c49
312	lyaPn75GQNSd3AmnX15iAbRoaKnnDh	393	4	8	2025-04-23 19:29:30.067158+00	2025-04-23 19:29:30.067158+00	\N	ef86c5e2-b44d-4ab6-b21a-1b643eff57b0
193	yr3lX28e5mpfYh1wgeLigGKaHkABjy	237	4	8	2025-03-30 07:11:50.779627+00	2025-03-30 07:11:50.779633+00	\N	e057e27d-ffd5-4850-b1b8-df0bb342abc9
197	qeQR00vI28H2KrvQWbXee6ndledmD4	243	4	8	2025-03-31 03:09:18.623896+00	2025-03-31 03:09:18.623906+00	\N	0ff5b6c5-8e55-4164-9ce7-2fc7360fdc93
184	ILgVPkhZ7nU0BUhdfzyJBdk0mDC50M	\N	4	8	2025-03-30 06:47:26.229797+00	2025-03-30 06:47:42.299118+00	2025-03-30 06:47:42.298827+00	9902437c-0f5b-4c6c-9836-43a260c827b6
199	fBv76lQEYtwGCwwhOYcPU0RFZLXuit	245	4	11	2025-04-01 00:36:18.336623+00	2025-04-01 00:36:18.336623+00	\N	f7713857-53b1-416a-9efd-196b05f0b0a9
185	vLH3yDO1pc2fAYbQ69TVWyzNI9lL5S	228	4	8	2025-03-30 06:47:42.402256+00	2025-03-30 06:47:42.402296+00	\N	9902437c-0f5b-4c6c-9836-43a260c827b6
204	bwruaWOhWW2ElCnIOG9hibS48DRSeQ	252	4	8	2025-04-03 00:29:47.423156+00	2025-04-03 00:29:47.423156+00	\N	0978a23c-0684-4127-962e-87a3f28d3ef7
210	FaKwem6ZrzGsjj7sOKG7wV9eOKwEZ7	263	4	11	2025-04-07 19:16:02.302716+00	2025-04-07 19:16:02.302716+00	\N	04523891-52be-4c95-bb14-d0047f745321
215	ZjeHMdpU5PndglQi8LF0Q7ZdCy4JTL	269	4	11	2025-04-08 04:14:32.083573+00	2025-04-08 04:14:32.083573+00	\N	da9332f8-dacf-4ddf-a997-e5899c8f526f
219	XEnGM1EXxtmwT4VOhz3LZcU3r2hfmn	273	4	11	2025-04-08 19:46:40.473554+00	2025-04-08 19:46:40.473554+00	\N	862be7d7-3508-4849-bdf5-b94865f37c82
189	MtXYA5GmVDYld9wtNIWhT8C9vFXx1t	233	4	8	2025-03-30 06:57:11.489299+00	2025-03-30 06:57:11.489306+00	\N	493efbf2-6577-4fbc-ae20-0ba388c059cc
63	6koyfsqqTxmRRSBzwd3knyy6pBdUqQ	63	2	8	2025-03-12 21:04:50.540584+00	2025-03-12 21:04:50.540596+00	\N	a35d834f-df77-4619-8fe6-3005dd107922
224	UuilwbwFIx8UnF9cMk0Jw0F14WVqxe	278	4	12	2025-04-08 23:14:24.670178+00	2025-04-08 23:14:24.670178+00	\N	fa01f97f-c4a4-4601-9ad9-3bc82afb4c5d
65	eFwhPYxSkor3VBKrMx0yyDhCtQquR2	65	2	6	2025-03-12 21:34:40.609978+00	2025-03-12 21:34:40.609993+00	\N	1e78b87d-0f84-44ad-831a-0ea648741c76
66	XxVMa4mpdlkeSF2agvwJjCqiK8dENq	66	2	8	2025-03-12 21:42:17.466923+00	2025-03-12 21:42:17.466937+00	\N	214fcba3-b4e8-4042-ad6f-450d8ec27c49
229	xEOzLBDrBpTZEo6492KEQcujDdMiA3	285	4	11	2025-04-09 02:07:08.573791+00	2025-04-09 02:07:08.573791+00	\N	a733d5cf-6e49-4d10-9222-d2e316383c01
68	fMqv58SWYwxOiovQJkne93E18ck4Ms	68	2	8	2025-03-12 23:02:09.707813+00	2025-03-12 23:02:09.707831+00	\N	5a4965f6-ecbf-4688-871e-093d0522eaab
69	GKEiAVyT0FW6n0nXRa19d1uMSWZmZw	69	2	8	2025-03-12 23:04:15.939103+00	2025-03-12 23:04:15.939122+00	\N	cab47055-ed43-4df2-ba8a-c4cf86ce6e3b
234	vxhcRnWLshKWqHvHzlgkPlqDLvlMRX	290	4	11	2025-04-09 22:15:05.109079+00	2025-04-09 22:15:05.109079+00	\N	701e81c6-e4c9-4779-b8bc-cb3b7ecd6354
62	rg86v4rBKmj4hYXv8nbVEjaxQ974Nd	\N	2	10	2025-03-12 20:56:19.39908+00	2025-03-12 23:23:27.832354+00	2025-03-12 23:23:27.832249+00	e625afe5-a1b1-41c8-b159-2e929eb475fd
70	gxCwSrBS2ShFNFmIMCYH2d8w0L502e	70	2	10	2025-03-12 23:23:27.864809+00	2025-03-12 23:23:27.86482+00	\N	e625afe5-a1b1-41c8-b159-2e929eb475fd
71	Bo2CFddUyOXkuYQQU5EIt45GGbZ4bM	71	2	8	2025-03-13 01:27:54.948748+00	2025-03-13 01:27:54.948763+00	\N	5227b91f-b157-4ca5-b8a1-185c52354c41
235	85BS6k5wE44MYZskRYxKm7gk1h613G	291	4	11	2025-04-09 22:15:11.620697+00	2025-04-09 22:15:11.620697+00	\N	12f29bc0-5410-47dc-aa58-28184778baa5
74	kW15LgnQGooL4HdoDtoSaX1kxp1GZj	74	2	8	2025-03-13 02:15:15.842895+00	2025-03-13 02:15:15.842907+00	\N	716236de-7a4e-4197-98cb-7dcdb1872ef1
75	WX78n1w362XLbU9yRP3G0K7QMngTz6	75	2	8	2025-03-13 02:16:38.0056+00	2025-03-13 02:16:38.005614+00	\N	ad44e24d-2cfb-4491-bdf6-25e0ca33862e
239	htGypT4mBgGpnsUExZV2JHdV9J7NIe	\N	4	8	2025-04-09 23:55:51.740019+00	2025-04-10 01:22:24.320975+00	2025-04-10 01:22:24.320899+00	58f2eb18-3e0b-4c8d-89da-6aec5a51655b
245	cGMHXA7UcrWM3P0Rn4o29nNyLNkFm2	325	4	8	2025-04-10 15:30:30.683722+00	2025-04-10 15:30:30.683722+00	\N	3f624f3b-780c-45f9-b62c-c7fe22c496cc
247	rgKnKXq48jTwGd4ylfNxQLRQjV177m	327	4	8	2025-04-10 21:13:18.196377+00	2025-04-10 21:13:18.196377+00	\N	728baeb9-cec8-4bf8-bac3-8fc2f28d0abf
251	UlBi8dAknU94zBBAPS1MRghhsihOiN	332	4	8	2025-04-11 07:45:42.533258+00	2025-04-11 07:45:42.533258+00	\N	10753def-0a46-4b56-a508-6b0583fe2a23
255	QqMZZSqHchMYb8wEYzTOrPOESZhuU3	336	4	8	2025-04-11 17:40:46.005948+00	2025-04-11 17:40:46.005962+00	\N	b0c31b19-1292-4640-abb4-7a10e85add90
259	adPiUI4IjoMZfpUkZedeJiwjaAHczs	340	4	8	2025-04-12 05:38:43.524845+00	2025-04-12 05:38:43.524845+00	\N	6b80d169-cebb-4313-8a13-a0f86c668e2e
261	6Cxh5ZxbfmXXlGu8REkvlluNdTLLvJ	342	4	8	2025-04-15 09:21:29.032774+00	2025-04-15 09:21:29.032774+00	\N	c7798b45-0720-4f15-98db-6cb7de57fee0
265	kV4yMRmqIXPgVzYkoUPQkDysi5ztrv	346	4	11	2025-04-15 13:48:30.847367+00	2025-04-15 13:48:30.847367+00	\N	ad900c38-f2f6-4145-850c-6449a40ff4f1
269	euLSL2P0nDM2UjP4MTHRBvJUDqk7Ls	\N	4	8	2025-04-15 15:14:06.221674+00	2025-04-15 16:18:43.269458+00	2025-04-15 16:18:43.269458+00	24560152-7971-4b30-a00a-e3716f5bb505
273	EODHPATkoMV64KCegPb6mLjmVns9SN	354	4	11	2025-04-15 18:04:11.80257+00	2025-04-15 18:04:11.80257+00	\N	c3cadb93-2c5d-4c30-abe2-38bd0d0d419d
277	GKt5nJVHuFrMjvArVlyt7CPcX3XX64	358	4	11	2025-04-15 20:06:16.664323+00	2025-04-15 20:06:16.664323+00	\N	ba9a9264-f750-43d5-a519-19c1e857524b
281	8bIimGfAozdUyZPU63l3JBQfLXRexg	362	4	11	2025-04-16 23:29:56.276883+00	2025-04-16 23:29:56.276883+00	\N	bef9e59e-5d4c-4140-8337-551c2ff2966c
285	crP65vRPrvpVFKxvDaVY11Oo9JsxTv	\N	4	8	2025-04-17 01:22:32.529048+00	2025-04-17 01:22:42.326145+00	2025-04-17 01:22:42.325881+00	24560152-7971-4b30-a00a-e3716f5bb505
289	QyIcIJ609dqa4wVBA13FFU0Sr2BuGQ	370	4	11	2025-04-19 19:33:03.60418+00	2025-04-19 19:33:03.60418+00	\N	00dea456-484d-46dc-b517-2e25cd8305e4
293	G09nhlAXEJB1Iu96LbZrsJPDlbVcPl	374	4	11	2025-04-20 06:47:54.20419+00	2025-04-20 06:47:54.20419+00	\N	d6d855ec-d3d9-4675-85a2-cb9e9e59f054
297	cQpX2OIpLyfPtKyUvtfABUwmyIIBdR	378	4	11	2025-04-22 18:30:29.604323+00	2025-04-22 18:30:29.604323+00	\N	3f7f5d9c-4826-4805-a6d5-483efe756532
301	OSTn5yYHARNOYyjUC33JyzSXZpGnkV	382	4	8	2025-04-22 21:24:04.003337+00	2025-04-22 21:24:04.003342+00	\N	7d0da4f4-1134-4bc4-94bb-68b3e1b238e2
305	vLtZofztETHkANOys3dv8tDjjJkEsI	386	4	12	2025-04-23 15:37:34.83137+00	2025-04-23 15:37:34.83137+00	\N	324b69bc-a45f-4f29-be4f-9b2d55f93c76
67	8n7VJrYu95xOAG2uFlIMNJrvqEKADy	\N	2	6	2025-03-12 22:48:40.01112+00	2025-03-18 14:22:58.778116+00	2025-03-18 14:22:58.777964+00	23d74c80-dba6-4df3-8a1b-de37a07f6784
98	yJJexfr9JQXowViQneAmFuO2nkCQqi	98	2	6	2025-03-18 14:22:58.890476+00	2025-03-18 14:22:58.89049+00	\N	23d74c80-dba6-4df3-8a1b-de37a07f6784
309	tucPpLDpCSKqIxdNNSk3Icp8vfJB68	390	4	11	2025-04-23 17:18:59.827497+00	2025-04-23 17:18:59.827497+00	\N	decb6afa-deae-4a67-a0a8-172d0c254739
313	wxXdKR9GVP23WK6KRBxNP31OzfcacD	394	4	8	2025-04-23 19:39:19.488829+00	2025-04-23 19:39:19.488829+00	\N	ba8e3671-f5fc-424c-ab6b-658a37366f4b
316	dAyp2VyVnfoC2FYUyZqSW4qR08zDDt	397	4	11	2025-04-23 20:41:29.439624+00	2025-04-23 20:41:29.439624+00	\N	85d81737-823f-4d19-aaf6-492d2bf8e231
320	lwnH4Dx8W3z8LDbyxaLaenG3F0LLgM	401	4	11	2025-04-23 21:25:10.337606+00	2025-04-23 21:25:10.337606+00	\N	17100e08-b9a6-42b0-8207-847ff86eb20a
323	aORGb1sL7TKjJYlsQFZvZJTBgbcZye	404	4	11	2025-04-23 21:45:52.08345+00	2025-04-23 21:45:52.08345+00	\N	32532889-6cb5-4185-8b33-9975034069a4
326	XOsy9dIqzD2SfDb33oVHGqoZeT9sxU	407	4	11	2025-04-23 22:10:01.059711+00	2025-04-23 22:10:01.059711+00	\N	7aed1a61-68eb-4aa2-81a3-2014f9cc8c94
329	b4ZUawX7CEOAGxer7aIDssuxw5QLV2	410	4	11	2025-04-23 22:21:59.822555+00	2025-04-23 22:21:59.822555+00	\N	57b1c5a6-2a2b-4e30-a5a5-b2bb749c7e9c
334	B38Opo07wxeSp3SXiM5lkU2sNAu7ev	415	4	8	2025-04-26 02:37:12.959076+00	2025-04-26 02:37:12.959084+00	\N	4a08ecc2-f135-4c5c-b22f-fcc70e620a72
337	LRnEy5YDw4JREgiAjKI9BjXMsCorpP	418	4	8	2025-04-26 05:05:20.080685+00	2025-04-26 05:05:20.080692+00	\N	281f2738-9b69-46b0-983e-096645ba2eed
194	14ijfYJAz7rvt1jogjOoLiBGKCiLbb	238	4	8	2025-03-31 01:30:36.671507+00	2025-03-31 01:30:36.671516+00	\N	566ecf12-34d5-496a-8af7-df84f591248f
200	SSjf779YoraftoceyDuUrpAXLHQgv9	248	4	10	2025-04-02 21:11:27.334586+00	2025-04-02 21:11:27.334591+00	\N	a902926a-91a0-444f-96e5-86758848ad76
186	ZN2ppuYatEbc67Ajrnlj2z9U0nIkUF	230	4	8	2025-03-30 06:51:26.248026+00	2025-03-30 06:51:26.248034+00	\N	8753c414-4a72-42a1-ad7e-4843fd17542c
205	HARBR5zeDUBkI63fMTShKv509rs6R9	253	4	14	2025-04-03 00:57:53.850574+00	2025-04-03 00:57:53.850574+00	\N	7adffaf8-7178-45df-8266-321f9d66da7d
211	DNqH9xEriTthXT1JUhSsKBV8nrQCgV	264	4	11	2025-04-07 20:11:03.850724+00	2025-04-07 20:11:03.850724+00	\N	ac2683e7-f2fe-4abf-9450-f7a343d9410c
216	pgxVMNxMt1R3ZJzc7qZcFLFU5QbiUR	270	4	11	2025-04-08 04:31:14.491254+00	2025-04-08 04:31:14.491254+00	\N	63645fa5-2542-4622-b8b9-1c0a43b37040
220	aZSKoZlyDWuLDVgcU62O0FKWlzrB5s	274	4	11	2025-04-08 20:03:27.017604+00	2025-04-08 20:03:27.017604+00	\N	d27802d8-1003-4cbe-95b8-baf1587c13b6
221	CEITTYFOceWaj0yRMwE4cUz5oIX4ag	275	4	11	2025-04-08 20:03:40.592135+00	2025-04-08 20:03:40.592135+00	\N	83a7f137-91bd-40d0-a4e9-a44ee5a9acf0
225	0Qp2AAWD71Bco3Bt8a6A9kjsIl9Sw1	279	4	11	2025-04-08 23:26:16.689243+00	2025-04-08 23:26:16.689243+00	\N	2155ffe6-0de9-42ac-b4a3-290974075b23
226	5B48PtC7aL0UWubkiM6NDra4h8OjVb	280	4	11	2025-04-08 23:26:21.89254+00	2025-04-08 23:26:21.89254+00	\N	73936785-b224-4168-ba81-9f082a654fa7
230	CWCudMczlplL5zL0iUY52po2VQoMQ5	286	4	11	2025-04-09 06:21:32.851714+00	2025-04-09 06:21:32.851714+00	\N	ad7d1278-5ca7-4bfd-8ab2-6e30dcaeff32
236	6FFEXYna0fqJald3TvSAvC7wMuzE6s	292	4	11	2025-04-09 22:20:25.778456+00	2025-04-09 22:20:25.778456+00	\N	5e6dac53-7c69-4900-86a9-7e2a4d89c42c
240	0HBvy1Ufx1JdFBrlqJNlARtkrxJ1KZ	296	4	8	2025-04-10 01:22:24.416891+00	2025-04-10 01:22:24.416898+00	\N	58f2eb18-3e0b-4c8d-89da-6aec5a51655b
248	94yKauvRPvLzFlvaZAtJehgMxy9sVB	329	4	8	2025-04-11 03:47:42.1114+00	2025-04-11 03:47:42.1114+00	\N	2252ab57-f1bd-460c-9825-9f5f81ccbdac
252	nmm5WE1yXpeBBKVjDCGdsPj0bS6IU7	333	4	8	2025-04-11 16:46:33.110741+00	2025-04-11 16:46:33.110741+00	\N	6c627567-90b3-406f-ad1d-d6547cc574f0
256	eOA30ebF6c0uOBirSY6rNIzLaRgD3e	337	4	8	2025-04-11 17:46:40.935308+00	2025-04-11 17:46:40.935321+00	\N	3d65b654-5c0b-44a4-a5f1-2b89b662a3c7
262	Kp1nOURuy4NhQqglCKlYHwkKc3X5s5	343	4	8	2025-04-15 10:10:05.462564+00	2025-04-15 10:10:05.462564+00	\N	47a165bf-a07f-4bf8-b601-1fb412858cce
266	1JXT6MMNgNTLYPgsb4T68pK4FYOeFM	347	4	8	2025-04-15 13:49:29.940382+00	2025-04-15 13:49:29.940382+00	\N	18abf5af-f864-457d-af04-0b93586ca0a3
270	L6aMzsVxcMNskcikaQKiGKzoX4PEDi	351	4	11	2025-04-15 15:48:42.417418+00	2025-04-15 15:48:42.417418+00	\N	3047c880-c617-4221-ace4-5e707fb9457d
274	kQegIyKGgVrsDwXZa8jAjNFaQlJg8O	355	4	11	2025-04-15 19:06:13.214661+00	2025-04-15 19:06:13.214661+00	\N	44501697-c589-4677-9ad3-1597a9f14bee
278	dk8QssFPscJxGjcAdoil4zP1tXMQxZ	359	4	11	2025-04-15 20:11:34.515206+00	2025-04-15 20:11:34.515206+00	\N	79c3d365-7799-4863-8632-c3c6a12062c7
282	SvUahKKaHq7WgzJvG4iUsrNqFb2mn7	363	4	11	2025-04-17 00:55:22.888295+00	2025-04-17 00:55:22.888295+00	\N	ebe83d60-8f3d-486f-b953-47fe522889e6
286	tJiKqwSJUK1M91f7nhFHQdA7c9reef	367	4	8	2025-04-17 01:22:42.42219+00	2025-04-17 01:22:42.422239+00	\N	24560152-7971-4b30-a00a-e3716f5bb505
290	XeLLrzUUDjQE7IXKEYwuWVfVdzIYdh	371	4	11	2025-04-19 20:59:05.030374+00	2025-04-19 20:59:05.030374+00	\N	0b5f01d9-a462-4ad5-b492-9d65af3e8b78
294	kAxZVpvMBEpM9MUQdtd8ztsRMbDVms	375	4	11	2025-04-21 06:58:06.309028+00	2025-04-21 06:58:06.309028+00	\N	4bf82034-96db-4d66-964b-6555114919a6
298	hWcBW7OPgKm62iztRW8bDIpgM5oV4U	379	4	11	2025-04-22 19:30:34.065139+00	2025-04-22 19:30:34.065139+00	\N	c5a98e71-7566-43b1-81d9-b5afc4588e1e
190	C09eKq8G6E9gccqBLCxaraGxqjgvHt	234	4	8	2025-03-30 06:58:38.622365+00	2025-03-30 06:58:38.622375+00	\N	4e1b401d-ead5-46dd-b2a3-d1291733729c
306	onkhA8pqOi8cG0qxWe5BHjObYsOLy1	387	4	29	2025-04-23 15:38:11.277621+00	2025-04-23 15:38:11.277621+00	\N	c9f7aa6e-82a5-495a-a0b3-41946bd6aa7e
310	4gvZCwh5KEYp17vNPnhI9Sy2gUvcTy	391	4	11	2025-04-23 18:19:30.78477+00	2025-04-23 18:19:30.78477+00	\N	32d30495-a827-4d31-ac38-d12d716367c3
302	pgUxVPZ0LmVpFd9zUATMEz4nTMviFy	\N	4	8	2025-04-22 21:26:09.354112+00	2025-04-23 20:35:16.239548+00	2025-04-23 20:35:16.239548+00	22b96bab-31ef-4848-9fb6-7cd081964c0e
314	39iJsvMKWEX610961fnGY89FVkSvx0	\N	4	8	2025-04-23 20:35:16.29599+00	2025-04-23 20:43:35.805448+00	2025-04-23 20:43:35.805448+00	22b96bab-31ef-4848-9fb6-7cd081964c0e
317	GIrVmTUWdVBDJ5jdbMXkRhi5zpHgqx	\N	4	8	2025-04-23 20:43:35.86031+00	2025-04-23 20:45:50.951761+00	2025-04-23 20:45:50.951761+00	22b96bab-31ef-4848-9fb6-7cd081964c0e
321	3t9klazXYLtom1xj9cyDJkGX6XRepY	402	4	35	2025-04-23 21:32:23.478635+00	2025-04-23 21:32:23.478635+00	\N	06f6aa18-d993-4fce-a124-39212cda0177
324	kuL13h6JHHFYKWgTaMczDypWZve5H4	405	4	36	2025-04-23 21:47:22.54189+00	2025-04-23 21:47:22.54189+00	\N	53b37e03-033e-4932-add9-29dbcab5bb1f
327	0DCaeZK7pUblLXltud2u0DdnF7w6Fl	408	4	37	2025-04-23 22:11:39.099126+00	2025-04-23 22:11:39.099126+00	\N	9a86acc2-8898-4a56-a822-b87a0e5478f5
330	xXLZvByXgfV4G6Yp3WYGa1Nur7OUYI	411	4	11	2025-04-24 00:49:30.434236+00	2025-04-24 00:49:30.434236+00	\N	11357904-99b0-4e10-a2b2-ca3d42114059
332	oj325c9rrZI3Mx0kiC5BzIcs6CidAk	413	4	8	2025-04-24 16:47:33.309642+00	2025-04-24 16:47:33.309653+00	\N	c472d7d9-5e80-4168-b80b-9389d138e449
335	RxCRbgTrjowuHicSEzKoRAlFKymBM1	416	4	8	2025-04-26 02:49:42.45951+00	2025-04-26 02:49:42.459521+00	\N	b6de5159-9456-4dbb-8329-bfc216787dbf
155	DS6f9DW1ltIGSFDhUyM6vsrJ2LOTHJ	155	2	8	2025-03-29 07:26:16.812309+00	2025-03-29 07:26:16.812321+00	\N	10968744-a6b1-46c5-a4ee-ff183c979887
156	TqIW0JQM6gY9fQHaLLHGQC3IDf6ukV	156	2	8	2025-03-29 07:46:11.874606+00	2025-03-29 07:46:11.874616+00	\N	81e0b28d-e2ad-42c7-b631-11402f4fb3b4
157	FjBxGk0YaeKlgEvknuKXVNIMbXRQ4W	157	2	8	2025-03-29 07:53:39.509904+00	2025-03-29 07:53:39.509919+00	\N	c4f14417-f3ed-441a-b5ee-ab148a8307ec
158	DwANfmt5FCUktmahNfKVW0AwOV0B46	158	2	8	2025-03-29 07:53:49.637818+00	2025-03-29 07:53:49.637828+00	\N	709e2d07-0421-44bb-8584-90118804800d
159	5kKGbOH06LsWNxchzFNhGj5xkBOcKr	159	2	8	2025-03-29 07:54:33.021535+00	2025-03-29 07:54:33.021551+00	\N	17560d58-86ef-49c3-a83c-ed7206145b5f
160	kMnwl6dZLaWlZcL8TFROhNirPScb6W	160	2	11	2025-03-29 07:53:37.97767+00	2025-03-29 07:53:37.97767+00	\N	c8d79a1c-eec5-4717-93e7-c6cbbc71d5ed
338	e8ayAbLRnOhsdPgwuhrr1IWAbGVjV3	419	4	8	2025-04-26 05:09:28.156579+00	2025-04-26 05:09:28.156587+00	\N	eecf4bc7-562a-487e-8f7e-fd2c6f36f6c1
162	GOM91HQctqbLqQOypsgDLIKrSP8JZt	162	2	11	2025-03-29 07:54:12.971218+00	2025-03-29 07:54:12.972233+00	\N	b89dcb9e-0958-4abd-a74f-c29ff7b99ac4
339	9Z4QCgegtM6TmjORIe8luByesyoBjL	420	4	8	2025-04-28 15:48:13.21431+00	2025-04-28 15:48:13.214317+00	\N	bf47a7a0-85db-4d7c-a927-de3968d2671c
340	DGcwLOe8c7odqcn5FH2W74vRxW7kJB	421	4	8	2025-05-02 01:59:58.285828+00	2025-05-02 01:59:58.285828+00	\N	cd57919a-bf89-4a58-9431-417d57d13409
187	sMXvVm3SJXg2TgnUduk7qtPxILfomG	231	4	8	2025-03-30 06:54:30.892383+00	2025-03-30 06:54:30.892389+00	\N	8f152428-677d-4336-9196-a9fe5194356c
191	5BRF8MOWZz3nlrXA137howBHvWtLv0	235	4	8	2025-03-30 07:00:27.533331+00	2025-03-30 07:00:27.53334+00	\N	502c7623-fcbe-42ca-9824-58b8a79e62e7
195	5dsuAbt9NlUCd4eTRvWh0FWrPXdwOf	241	4	8	2025-03-31 03:07:56.279452+00	2025-03-31 03:07:56.27946+00	\N	471bc29e-6bb6-4b3b-a269-8124f3fd11c6
201	vhkUPKa8MwP4xBXdt937i1x07N9AjV	249	4	8	2025-04-02 21:16:22.712185+00	2025-04-02 21:16:22.712191+00	\N	31c38ab1-8130-4c6e-86dd-a9a4e756d036
202	NAuEBjskYMbEWl4E9IrqegDozFURPy	250	4	8	2025-04-02 21:17:10.832503+00	2025-04-02 21:17:10.832512+00	\N	37f13994-6b9d-4440-bde0-ae9616f35b38
206	ehn5QdN0PvKdoseanUD5Y4sNtjm1TJ	255	4	8	2025-04-03 02:23:06.915372+00	2025-04-03 02:23:06.915372+00	\N	a9998cf3-f40d-4adc-88c4-e55a96aaf078
212	dEkOqQGh3ucEc7skGkfDooz73Vc5HL	265	4	11	2025-04-07 21:15:16.820175+00	2025-04-07 21:15:16.820175+00	\N	bebfe706-4b1c-4ea7-aa7b-eac3351361a7
217	zOhzSKSFSno9yyg3V4p35Uxx6OcyJT	271	4	11	2025-04-08 06:11:35.72154+00	2025-04-08 06:11:35.72154+00	\N	eff00759-ac73-4769-9657-cc1eac873c86
222	j7iskFVfFZHhW9C6kbBTcub7hKQIhi	276	4	11	2025-04-08 20:22:42.300919+00	2025-04-08 20:22:42.300919+00	\N	d5fa8146-bb68-46f7-9ca5-b369a20a3696
227	LyFi0GIFcUd6x21svFGjFCBpPcqCtx	282	4	8	2025-04-09 00:35:12.606837+00	2025-04-09 00:35:12.606847+00	\N	36c7a91b-cf72-4749-8886-6eff873caa42
231	HcXAZVVsf0WfjXrtjirgYakaIuysw8	\N	4	11	2025-04-09 06:44:26.23828+00	2025-04-09 22:20:25.689434+00	2025-04-09 22:20:25.689434+00	5e6dac53-7c69-4900-86a9-7e2a4d89c42c
237	3oKuNZf3cyARjhCWMeS2nVGQXgXHN6	293	4	8	2025-04-09 22:50:54.818793+00	2025-04-09 22:50:54.818799+00	\N	b9fa9859-84a2-4c3e-b7ff-9210328c2b1e
249	IekzgZEfWD2iWzHIdZ3iBg1zkoZ95s	330	4	8	2025-04-11 05:03:20.660717+00	2025-04-11 05:03:20.660717+00	\N	af0b3fce-d232-472b-b3b5-29dd3e6c46ef
253	0ApR9Z51ukneLWSMxFAle9WEZNN07d	334	4	8	2025-04-11 16:55:33.178606+00	2025-04-11 16:55:33.178616+00	\N	de71a5d3-906d-4080-a445-a3ef98e68b37
241	ICNxaH1ZH27qfJ2Lm2hbhIlj76nmmL	\N	4	8	2025-04-10 01:31:22.590778+00	2025-04-11 17:40:45.814343+00	2025-04-11 17:40:45.814252+00	b0c31b19-1292-4640-abb4-7a10e85add90
257	OsGKuf9uKjBrod6iap5zB1dtXMZCDO	338	4	20	2025-04-11 20:14:44.727546+00	2025-04-11 20:14:44.727559+00	\N	10ef4389-b2d6-40f6-b207-cc638883df17
263	vO9oD5tZk0fX3HDM0smsFWHNif5ODJ	344	4	8	2025-04-15 10:34:01.355212+00	2025-04-15 10:34:01.355212+00	\N	a839a681-fa1e-4476-8ec9-cb3c166ead06
267	h1hfA6vxr8u1KleC3OOXOa5sKCmbGZ	\N	4	8	2025-04-15 13:55:57.321035+00	2025-04-15 15:14:06.139462+00	2025-04-15 15:14:06.139462+00	24560152-7971-4b30-a00a-e3716f5bb505
271	rhb3lerCvaOSlJQ54X41TwO9uIwLew	352	4	11	2025-04-15 16:01:27.823932+00	2025-04-15 16:01:27.823932+00	\N	3ab156a9-893c-483e-bf9f-02a544ae9ce5
275	N3ygPlSauDVOHojYMLKLk5Q7eUic1o	356	4	8	2025-04-15 19:16:38.704174+00	2025-04-15 19:16:38.704174+00	\N	94b1190b-17cc-47ef-b0de-cd09b23e78e5
279	2kqgthRtJxDuSqzLi957Sjyzwul3v8	360	4	11	2025-04-16 21:10:08.989143+00	2025-04-16 21:10:08.989143+00	\N	7760821a-1fee-4fae-b65b-59d297b63b46
283	2mLxxUwqorSzXUtcOksFE2rlv2seaz	364	4	8	2025-04-17 01:11:31.865679+00	2025-04-17 01:11:31.865686+00	\N	662ad617-b37d-44c5-8f6e-1833c61cd38f
287	pjpSSQfGTqtg4IqSGbDpRh7R1D1PCu	368	4	8	2025-04-17 03:03:02.341821+00	2025-04-17 03:03:02.341827+00	\N	3f068a05-3748-42ba-8c07-8bbce9b181c3
291	pmpBpuoEQgiRSfmW4AvNk1Fe8t05P9	372	4	11	2025-04-20 00:58:03.361858+00	2025-04-20 00:58:03.361858+00	\N	eb252309-7d8e-4bec-890f-058651a21b66
295	GuLLPC689Ps426u50Da00rKMbCpTLC	376	4	11	2025-04-21 19:13:55.491761+00	2025-04-21 19:13:55.491761+00	\N	b52d38a4-5e28-4f70-bc9f-87b4c8429fd7
299	FCfSxPyfS2wJvNfKQmLa19ml08gGAq	380	4	8	2025-04-22 20:00:32.082579+00	2025-04-22 20:00:32.082584+00	\N	6093e985-22a7-4577-a903-f5cb4716b822
303	OiJ47HRwJkGndWFFCWu6ciMTT7mD54	384	4	11	2025-04-23 00:02:56.050017+00	2025-04-23 00:02:56.050017+00	\N	0b95b5ea-6997-48b3-9867-e8534c573190
307	CTTrp0FhGOnVsq7PTq4sXoctzQh6a1	388	4	33	2025-04-23 16:14:44.445038+00	2025-04-23 16:14:44.445038+00	\N	bfa9156b-bb70-4d66-847e-ba5ef9657be0
311	cFobph621fcYqhNyGh13uRCNeXM9o4	392	4	8	2025-04-23 18:26:06.996583+00	2025-04-23 18:26:06.996583+00	\N	b319f347-e5b6-4cfd-9fc8-c01196d93628
315	ewxff1tZIfdHKqvcWRHuJwHwzqlEEk	396	4	8	2025-04-23 20:40:38.770952+00	2025-04-23 20:40:38.770958+00	\N	8d525264-a7d0-48c3-84cb-add933ce50a7
318	YjvVdfXtqrVwVWGNFy4R80tbxmdSnY	399	4	8	2025-04-23 20:45:51.030426+00	2025-04-23 20:45:51.030426+00	\N	22b96bab-31ef-4848-9fb6-7cd081964c0e
322	MzmIkQ2Pd71pBgOOtvAT8V6V2QUaB4	403	4	35	2025-04-23 21:35:02.956869+00	2025-04-23 21:35:02.956869+00	\N	958c0f91-1231-4c81-a0e8-201439da88fb
325	rRAoPvMG3e0KNKIU6JzpYs2tC5ocwS	406	4	8	2025-04-23 21:54:35.974484+00	2025-04-23 21:54:35.97449+00	\N	9eb482d9-3acc-4133-8cc5-e26d2a05a424
319	eFmGmMOlX5JRzK1K9WhiqfnLSv3u80	\N	4	11	2025-04-23 20:46:00.81459+00	2025-04-23 22:10:01.003614+00	2025-04-23 22:10:01.003614+00	7aed1a61-68eb-4aa2-81a3-2014f9cc8c94
328	iVRopZU11vK4MS6EC1HWZHYaQy1MHG	409	4	38	2025-04-23 22:15:11.955618+00	2025-04-23 22:15:11.955618+00	\N	af248233-450c-442b-b6f6-bf0dff70c0a0
331	5SW1CLGjkSzi6Yl84wgOxu1ZTfDRWP	412	4	8	2025-04-24 00:59:27.077658+00	2025-04-24 00:59:27.077664+00	\N	65ece518-c323-400a-9fb1-bd66ee791aff
333	7peBVodJdj1omCSgfsJIQnuQsbd5fT	414	4	8	2025-04-24 19:08:22.316792+00	2025-04-24 19:08:22.316805+00	\N	7e237fe4-d7f3-449a-a933-61308835e147
336	7i7GaVuukFjOljZBIcIpa71wjMjujQ	417	4	8	2025-04-26 03:50:34.755794+00	2025-04-26 03:50:34.755803+00	\N	196184d2-5806-48f3-af09-e6c3eec2eaba
\.


--
-- Data for Name: organizations_organization; Type: TABLE DATA; Schema: public; Owner: postgres
--

COPY public.organizations_organization (id, name, email, stripe_customer_id, created_at, updated_at) FROM stdin;
3ab2b322a9974f02	ggggg's Organization			2025-04-15 14:59:23.477655+00	2025-04-15 14:59:23.478655+00
b1fa6911037f48a3				2025-04-15 14:59:23.575532+00	2025-04-15 14:59:23.575532+00
7adf15451eea4f5a	test name again	testemailorg@test.com	cus_S8RtFerj2HuDxw	2025-04-15 14:59:24.255114+00	2025-04-15 14:59:24.255114+00
ccc4d03404324cba	~~~~~~~~	~~~~~~@gmail.com	cus_S8SCMNEJdBb2KV	2025-04-15 15:19:13.317915+00	2025-04-15 15:19:13.317915+00
307261fb0abb4c36	--------------	----------@gmail.com	cus_S8SJ4RDKTtAM69	2025-04-15 15:25:34.638584+00	2025-04-15 15:25:34.638584+00
531f78e1413c41da	org_test10	org_email7@gmail.com	cus_S8XNzknKeum2Nc	2025-04-15 20:40:18.153188+00	2025-04-22 21:46:18.326849+00
3a5589fb5e5144f2	Market Lion	yayayyayayaya@gmail.com	cus_SBSInydzfB8EqF	2025-04-23 15:36:31.136704+00	2025-04-23 15:36:31.136704+00
c324452fd92b4e52	My Org	kalebwbishop+9@gmail.com	cus_SBSefSMBE2CVzy	2025-04-23 15:59:07.265317+00	2025-04-23 15:59:07.265317+00
a592c13fcdff4c37	My Org	kalebwbishop+9@gmail.com	cus_SBSfMFvrUnvOLU	2025-04-23 15:59:29.602618+00	2025-04-23 15:59:29.602618+00
2c9341c435444b10	My Org	kalebwbishop+9@gmail.com	cus_SBSgVPRXNktr2k	2025-04-23 16:00:10.942317+00	2025-04-23 16:00:10.942317+00
375f872018d9468d	My Org4	kalebwbishop+9@gmail.com	cus_SBSuHHGmECVfAS	2025-04-23 16:14:13.090498+00	2025-04-23 16:21:05.410915+00
c3452247fd9d42e7	Market Lion	Jacob.wernke@yahoo.com	cus_SBY2Xqu6kwocyo	2025-04-23 21:32:19.101581+00	2025-04-23 21:32:19.101581+00
0afa06a7f17f468e	Market Lion	annananananan@gmail.com	cus_SBYHBHhQVB3Dzk	2025-04-23 21:47:16.419685+00	2025-04-23 21:47:16.419685+00
303fd0e1f7014dde	ccxzczxc	zcxvzxvzxvxzvvzxcv@gmail.com	cus_SBYfJNHBe3dKSU	2025-04-23 22:11:34.694969+00	2025-04-23 22:11:34.694969+00
061085b8704e4f00	sadfasdfasdf	fasfasfdasfasd@gmail.com	cus_SBYiACXX0xdPBR	2025-04-23 22:15:07.415612+00	2025-04-23 22:15:07.415612+00
\.


--
-- Data for Name: organizations_organizationmember; Type: TABLE DATA; Schema: public; Owner: postgres
--

COPY public.organizations_organizationmember (id, role, joined_at, organization_id, user_id) FROM stdin;
b5e7a07fab8645ba	admin	2025-04-15 14:59:23.497841+00	3ab2b322a9974f02	25
f37e13e5b2134625	Admin	2025-04-15 15:25:34.666548+00	307261fb0abb4c36	27
ea502699c6bb4d54	member	2025-04-22 01:48:48.629943+00	531f78e1413c41da	8
cb725c7208a94d45	admin	2025-04-23 15:36:31.200261+00	3a5589fb5e5144f2	29
dd21bed36c0949d1	admin	2025-04-23 15:59:07.32215+00	c324452fd92b4e52	30
53c5962265d445fd	admin	2025-04-23 15:59:29.65375+00	a592c13fcdff4c37	31
ac0e6e285421471e	admin	2025-04-23 16:00:10.993365+00	2c9341c435444b10	32
f40208b42d3a46c0	admin	2025-04-23 16:14:13.120443+00	375f872018d9468d	33
f126b2b83f114a8a	admin	2025-04-23 16:20:37.84961+00	375f872018d9468d	11
6d240c4a0be841b4	admin	2025-04-23 21:32:19.11998+00	c3452247fd9d42e7	35
ce4d6c5aea574595	admin	2025-04-23 21:47:16.464497+00	0afa06a7f17f468e	36
b556f7f55a0d443b	member	2025-04-23 21:47:16.650516+00	0afa06a7f17f468e	36
119327fdf63b454c	admin	2025-04-23 22:11:34.719304+00	303fd0e1f7014dde	37
ffd6796a45e34cad	member	2025-04-23 22:11:34.964194+00	303fd0e1f7014dde	37
b898c174fbd54d78	admin	2025-04-23 22:15:07.434024+00	061085b8704e4f00	38
89576579c94e4af4	member	2025-04-23 22:15:07.654792+00	375f872018d9468d	38
1390da8eae9e4c04	admin	2025-04-15 20:40:18.187745+00	531f78e1413c41da	11
\.


--
-- Data for Name: organizations_pendinginvites; Type: TABLE DATA; Schema: public; Owner: postgres
--

COPY public.organizations_pendinginvites (id, email, organization_id) FROM stdin;
a0c0d747b7704b2a	Jacob.Wernke@Yahoo.com	375f872018d9468d
\.


--
-- Data for Name: payments_prices; Type: TABLE DATA; Schema: public; Owner: postgres
--

COPY public.payments_prices (id, name, price, created_at, updated_at) FROM stdin;
69d5b09a6dba4c3c	cpu_usage_multiple	4e-05	2025-04-09 07:14:41.482939+00	2025-04-09 22:20:48.232974+00
\.


--
-- Data for Name: projects_project; Type: TABLE DATA; Schema: public; Owner: postgres
--

COPY public.projects_project (id, name, description, created_at, updated_at, organization_id) FROM stdin;
3a203b80a4be4ba3	My First Project	Welcome to your first project!	2025-04-15 14:59:23.516795+00	2025-04-15 14:59:23.516795+00	3ab2b322a9974f02
c1f074b636434435	My First Project	Welcome to your first project!	2025-04-15 15:25:34.694583+00	2025-04-15 15:25:34.694583+00	307261fb0abb4c36
e079a8ac459b4564	Default Project	This is the default project created for you.	2025-04-23 15:36:31.29449+00	2025-04-23 15:36:31.29449+00	3a5589fb5e5144f2
a0c05361b19b41ed	Default Project	This is the default project created for you.	2025-04-23 15:59:07.41667+00	2025-04-23 15:59:07.41667+00	c324452fd92b4e52
aea4a3537ccf4589	Default Project 2	This is the default project created for you.	2025-04-23 16:14:13.208581+00	2025-04-23 16:14:13.208581+00	375f872018d9468d
ae2c716fa2f74fe3	Default Project	This is the default project created for you.	2025-04-23 21:32:19.173193+00	2025-04-23 21:32:19.173193+00	c3452247fd9d42e7
cbabcbf5cae64e3c	Default Project	This is the default project created for you.	2025-04-23 21:47:16.525777+00	2025-04-23 21:47:16.525777+00	0afa06a7f17f468e
ae1085629fa44ac1	Default Project	2 This is the default project created for you.	2025-04-23 22:15:07.493366+00	2025-04-23 22:15:07.493366+00	061085b8704e4f00
287ec5b8d2cf4c0b	Default Project	This is the default project created for you. 2	2025-04-23 22:11:34.791079+00	2025-04-23 22:11:34.791079+00	303fd0e1f7014dde
4a33963f391f49f6	Default Project	This is the default project created for you. 3	2025-04-23 15:59:29.741803+00	2025-04-23 15:59:29.741803+00	a592c13fcdff4c37
4ff223deacae4384	Default Project	This is the default project created for you. 4	2025-04-15 20:40:18.281496+00	2025-04-15 20:40:18.281496+00	531f78e1413c41da
72a03795c22148cb	Default Project	This is the default project created for you. 5	2025-04-23 16:00:11.07569+00	2025-04-23 16:00:11.07569+00	2c9341c435444b10
\.


--
-- Data for Name: projects_projectmember; Type: TABLE DATA; Schema: public; Owner: postgres
--

COPY public.projects_projectmember (id, role, joined_at, project_id, user_id) FROM stdin;
7214161c807f4067	admin	2025-04-15 14:59:23.536082+00	3a203b80a4be4ba3	25
2a72061c81944923	admin	2025-04-15 15:25:34.722541+00	c1f074b636434435	27
baa0b05b2a3f4833	admin	2025-04-15 20:40:18.299134+00	4ff223deacae4384	11
0875e206290145b1	admin	2025-04-23 15:36:31.322755+00	e079a8ac459b4564	29
03381b14ba244d5a	admin	2025-04-23 15:59:07.448589+00	a0c05361b19b41ed	30
9e2a03ffabb94a9e	admin	2025-04-23 15:59:29.76676+00	4a33963f391f49f6	31
c30841d03f8b49b8	admin	2025-04-23 16:00:11.102256+00	72a03795c22148cb	32
4dbec1cd072c4080	admin	2025-04-23 16:14:13.23862+00	aea4a3537ccf4589	33
f601eace78be4604	admin	2025-04-23 21:32:19.192663+00	ae2c716fa2f74fe3	35
b259c92b8c934090	admin	2025-04-23 21:47:16.543306+00	cbabcbf5cae64e3c	36
2569c40dd35a4460	admin	2025-04-23 22:11:34.816269+00	287ec5b8d2cf4c0b	37
55fe19c3dcda4bd2	admin	2025-04-23 22:15:07.517546+00	ae1085629fa44ac1	38
\.


--
-- Data for Name: stacks_purchasablestack; Type: TABLE DATA; Schema: public; Owner: postgres
--

COPY public.stacks_purchasablestack (id, type, variant, version, price_id, created_at, updated_at, description, name) FROM stdin;
ce09e2edbcab4b02	Django	FREE	0.0.1	price_1RHBF8C8awKXIVJaXIjkZUwl	2025-04-23 21:54:21.400551+00	2025-04-24 01:00:08.199062+00	check out this stack	Django Stack
da5898ecf1ff42f8	MERN	FREE	0.0.1	price_1R4phhC8awKXIVJanGZgNDu1	2025-04-02 22:44:45+00	2025-04-24 01:00:51.314167+00	MERN stands for MondoDB, Express.js, React, and Node.js. It is a modern stack that uses a combination of modern frameworks and a no sql database to ensure you spin up your webapp as quicky as possible.	MERN Stack
\.


--
-- Data for Name: stacks_stack; Type: TABLE DATA; Schema: public; Owner: postgres
--

COPY public.stacks_stack (id, name, root_directory, instance_usage, instance_usage_bill_amount, created_at, updated_at, project_id, purchased_stack_id) FROM stdin;
fa338b5110934fa7	Brilliant Solution		0	0	2025-05-02 02:31:22.571791+00	2025-05-02 02:31:22.571791+00	4ff223deacae4384	ce09e2edbcab4b02
\.


--
-- Data for Name: stacks_stackbackend; Type: TABLE DATA; Schema: public; Owner: postgres
--

COPY public.stacks_stackbackend (id, url, root_directory, image_url, created_at, updated_at, stack_id) FROM stdin;
\.


--
-- Data for Name: stacks_stackdatabase; Type: TABLE DATA; Schema: public; Owner: postgres
--

COPY public.stacks_stackdatabase (id, uri, created_at, updated_at, current_usage, pending_billed, stack_id) FROM stdin;
\.


--
-- Data for Name: stacks_stackfrontend; Type: TABLE DATA; Schema: public; Owner: postgres
--

COPY public.stacks_stackfrontend (id, url, root_directory, image_url, created_at, updated_at, stack_id) FROM stdin;
63aa6cb119e24240	https://django-fa338b5110934fa7-1038595011070.us-central1.run.app		gcr.io/deploy-box/django	2025-05-02 02:35:50.390418+00	2025-05-02 02:35:50.516811+00	fa338b5110934fa7
\.


--
-- Data for Name: heartbeat_table; Type: TABLE DATA; Schema: tembo; Owner: postgres
--

COPY tembo.heartbeat_table (latest_heartbeat) FROM stdin;
2025-05-03 12:39:33.70831
2025-05-03 12:39:35.922493
2025-05-09 04:56:31.535294
2025-05-09 04:56:33.768587
2025-05-02 06:30:53.323526
2025-05-02 06:30:55.532716
2025-05-02 08:31:10.474013
2025-05-02 08:31:13.008396
2025-05-02 10:31:30.242213
2025-05-02 10:31:32.508282
2025-05-02 12:32:15.971881
2025-05-02 12:32:18.391911
2025-05-02 14:33:06.14457
2025-05-02 14:33:08.712124
2025-05-02 16:33:32.032738
2025-05-02 16:33:34.608282
2025-05-02 18:33:53.422703
2025-05-02 18:33:55.908297
2025-05-02 20:34:45.408335
2025-05-02 20:34:47.823107
2025-05-02 22:35:07.115105
2025-05-02 22:35:09.512815
2025-05-03 00:36:05.823717
2025-05-03 00:36:07.962663
2025-05-03 02:36:24.122831
2025-05-03 02:36:26.108298
2025-05-03 04:37:25.231595
2025-05-03 04:37:27.55251
2025-05-03 06:37:36.912201
2025-05-03 06:37:39.151561
2025-05-03 08:38:27.408304
2025-05-03 08:38:29.682904
2025-05-03 10:38:54.322055
2025-05-03 10:38:56.38214
\.


--
-- Name: accounts_project_stacks_id_seq; Type: SEQUENCE SET; Schema: public; Owner: postgres
--

SELECT pg_catalog.setval('public.accounts_project_stacks_id_seq', 1, false);


--
-- Name: auth_group_id_seq; Type: SEQUENCE SET; Schema: public; Owner: postgres
--

SELECT pg_catalog.setval('public.auth_group_id_seq', 1, false);


--
-- Name: auth_group_permissions_id_seq; Type: SEQUENCE SET; Schema: public; Owner: postgres
--

SELECT pg_catalog.setval('public.auth_group_permissions_id_seq', 1, false);


--
-- Name: auth_permission_id_seq; Type: SEQUENCE SET; Schema: public; Owner: postgres
--

SELECT pg_catalog.setval('public.auth_permission_id_seq', 228, true);


--
-- Name: auth_user_groups_id_seq; Type: SEQUENCE SET; Schema: public; Owner: postgres
--

SELECT pg_catalog.setval('public.auth_user_groups_id_seq', 1, false);


--
-- Name: auth_user_id_seq; Type: SEQUENCE SET; Schema: public; Owner: postgres
--

SELECT pg_catalog.setval('public.auth_user_id_seq', 38, true);


--
-- Name: auth_user_user_permissions_id_seq; Type: SEQUENCE SET; Schema: public; Owner: postgres
--

SELECT pg_catalog.setval('public.auth_user_user_permissions_id_seq', 1, false);


--
-- Name: django_admin_log_id_seq; Type: SEQUENCE SET; Schema: public; Owner: postgres
--

SELECT pg_catalog.setval('public.django_admin_log_id_seq', 30, true);


--
-- Name: django_content_type_id_seq; Type: SEQUENCE SET; Schema: public; Owner: postgres
--

SELECT pg_catalog.setval('public.django_content_type_id_seq', 52, true);


--
-- Name: django_migrations_id_seq; Type: SEQUENCE SET; Schema: public; Owner: postgres
--

SELECT pg_catalog.setval('public.django_migrations_id_seq', 85, true);


--
-- Name: oauth2_provider_accesstoken_id_seq; Type: SEQUENCE SET; Schema: public; Owner: postgres
--

SELECT pg_catalog.setval('public.oauth2_provider_accesstoken_id_seq', 421, true);


--
-- Name: oauth2_provider_application_id_seq; Type: SEQUENCE SET; Schema: public; Owner: postgres
--

SELECT pg_catalog.setval('public.oauth2_provider_application_id_seq', 6, true);


--
-- Name: oauth2_provider_grant_id_seq; Type: SEQUENCE SET; Schema: public; Owner: postgres
--

SELECT pg_catalog.setval('public.oauth2_provider_grant_id_seq', 211, true);


--
-- Name: oauth2_provider_idtoken_id_seq; Type: SEQUENCE SET; Schema: public; Owner: postgres
--

SELECT pg_catalog.setval('public.oauth2_provider_idtoken_id_seq', 1, false);


--
-- Name: oauth2_provider_refreshtoken_id_seq; Type: SEQUENCE SET; Schema: public; Owner: postgres
--

SELECT pg_catalog.setval('public.oauth2_provider_refreshtoken_id_seq', 340, true);


--
-- Name: accounts_organization accounts_organization_pkey; Type: CONSTRAINT; Schema: public; Owner: postgres
--

ALTER TABLE ONLY public.accounts_organization
    ADD CONSTRAINT accounts_organization_pkey PRIMARY KEY (id);


--
-- Name: accounts_project accounts_project_pkey; Type: CONSTRAINT; Schema: public; Owner: postgres
--

ALTER TABLE ONLY public.accounts_project
    ADD CONSTRAINT accounts_project_pkey PRIMARY KEY (id);


--
-- Name: accounts_project_stacks accounts_project_stacks_pkey; Type: CONSTRAINT; Schema: public; Owner: postgres
--

ALTER TABLE ONLY public.accounts_project_stacks
    ADD CONSTRAINT accounts_project_stacks_pkey PRIMARY KEY (id);


--
-- Name: accounts_project_stacks accounts_project_stacks_project_id_stack_id_ba4518ab_uniq; Type: CONSTRAINT; Schema: public; Owner: postgres
--

ALTER TABLE ONLY public.accounts_project_stacks
    ADD CONSTRAINT accounts_project_stacks_project_id_stack_id_ba4518ab_uniq UNIQUE (project_id, stack_id);


--
-- Name: accounts_projectmember accounts_projectmember_pkey; Type: CONSTRAINT; Schema: public; Owner: postgres
--

ALTER TABLE ONLY public.accounts_projectmember
    ADD CONSTRAINT accounts_projectmember_pkey PRIMARY KEY (id);


--
-- Name: accounts_userprofile accounts_userprofile_pkey; Type: CONSTRAINT; Schema: public; Owner: postgres
--

ALTER TABLE ONLY public.accounts_userprofile
    ADD CONSTRAINT accounts_userprofile_pkey PRIMARY KEY (id);


--
-- Name: accounts_userprofile accounts_userprofile_user_id_key; Type: CONSTRAINT; Schema: public; Owner: postgres
--

ALTER TABLE ONLY public.accounts_userprofile
    ADD CONSTRAINT accounts_userprofile_user_id_key UNIQUE (user_id);


--
-- Name: api_availablestack api_availablestack_pkey; Type: CONSTRAINT; Schema: public; Owner: postgres
--

ALTER TABLE ONLY public.api_availablestack
    ADD CONSTRAINT api_availablestack_pkey PRIMARY KEY (id);


--
-- Name: api_stack api_stack_pkey; Type: CONSTRAINT; Schema: public; Owner: postgres
--

ALTER TABLE ONLY public.api_stack
    ADD CONSTRAINT api_stack_pkey PRIMARY KEY (id);


--
-- Name: api_stackbackend api_stackbackend_pkey; Type: CONSTRAINT; Schema: public; Owner: postgres
--

ALTER TABLE ONLY public.api_stackbackend
    ADD CONSTRAINT api_stackbackend_pkey PRIMARY KEY (id);


--
-- Name: api_stackdatabase api_stackdatabase_pkey; Type: CONSTRAINT; Schema: public; Owner: postgres
--

ALTER TABLE ONLY public.api_stackdatabase
    ADD CONSTRAINT api_stackdatabase_pkey PRIMARY KEY (id);


--
-- Name: api_stackfrontend api_stackfrontend_pkey; Type: CONSTRAINT; Schema: public; Owner: postgres
--

ALTER TABLE ONLY public.api_stackfrontend
    ADD CONSTRAINT api_stackfrontend_pkey PRIMARY KEY (id);


--
-- Name: auth_group auth_group_name_key; Type: CONSTRAINT; Schema: public; Owner: postgres
--

ALTER TABLE ONLY public.auth_group
    ADD CONSTRAINT auth_group_name_key UNIQUE (name);


--
-- Name: auth_group_permissions auth_group_permissions_group_id_permission_id_0cd325b0_uniq; Type: CONSTRAINT; Schema: public; Owner: postgres
--

ALTER TABLE ONLY public.auth_group_permissions
    ADD CONSTRAINT auth_group_permissions_group_id_permission_id_0cd325b0_uniq UNIQUE (group_id, permission_id);


--
-- Name: auth_group_permissions auth_group_permissions_pkey; Type: CONSTRAINT; Schema: public; Owner: postgres
--

ALTER TABLE ONLY public.auth_group_permissions
    ADD CONSTRAINT auth_group_permissions_pkey PRIMARY KEY (id);


--
-- Name: auth_group auth_group_pkey; Type: CONSTRAINT; Schema: public; Owner: postgres
--

ALTER TABLE ONLY public.auth_group
    ADD CONSTRAINT auth_group_pkey PRIMARY KEY (id);


--
-- Name: auth_permission auth_permission_content_type_id_codename_01ab375a_uniq; Type: CONSTRAINT; Schema: public; Owner: postgres
--

ALTER TABLE ONLY public.auth_permission
    ADD CONSTRAINT auth_permission_content_type_id_codename_01ab375a_uniq UNIQUE (content_type_id, codename);


--
-- Name: auth_permission auth_permission_pkey; Type: CONSTRAINT; Schema: public; Owner: postgres
--

ALTER TABLE ONLY public.auth_permission
    ADD CONSTRAINT auth_permission_pkey PRIMARY KEY (id);


--
-- Name: auth_user_groups auth_user_groups_pkey; Type: CONSTRAINT; Schema: public; Owner: postgres
--

ALTER TABLE ONLY public.auth_user_groups
    ADD CONSTRAINT auth_user_groups_pkey PRIMARY KEY (id);


--
-- Name: auth_user_groups auth_user_groups_user_id_group_id_94350c0c_uniq; Type: CONSTRAINT; Schema: public; Owner: postgres
--

ALTER TABLE ONLY public.auth_user_groups
    ADD CONSTRAINT auth_user_groups_user_id_group_id_94350c0c_uniq UNIQUE (user_id, group_id);


--
-- Name: auth_user auth_user_pkey; Type: CONSTRAINT; Schema: public; Owner: postgres
--

ALTER TABLE ONLY public.auth_user
    ADD CONSTRAINT auth_user_pkey PRIMARY KEY (id);


--
-- Name: auth_user_user_permissions auth_user_user_permissions_pkey; Type: CONSTRAINT; Schema: public; Owner: postgres
--

ALTER TABLE ONLY public.auth_user_user_permissions
    ADD CONSTRAINT auth_user_user_permissions_pkey PRIMARY KEY (id);


--
-- Name: auth_user_user_permissions auth_user_user_permissions_user_id_permission_id_14a6b632_uniq; Type: CONSTRAINT; Schema: public; Owner: postgres
--

ALTER TABLE ONLY public.auth_user_user_permissions
    ADD CONSTRAINT auth_user_user_permissions_user_id_permission_id_14a6b632_uniq UNIQUE (user_id, permission_id);


--
-- Name: auth_user auth_user_username_key; Type: CONSTRAINT; Schema: public; Owner: postgres
--

ALTER TABLE ONLY public.auth_user
    ADD CONSTRAINT auth_user_username_key UNIQUE (username);


--
-- Name: django_admin_log django_admin_log_pkey; Type: CONSTRAINT; Schema: public; Owner: postgres
--

ALTER TABLE ONLY public.django_admin_log
    ADD CONSTRAINT django_admin_log_pkey PRIMARY KEY (id);


--
-- Name: django_content_type django_content_type_app_label_model_76bd3d3b_uniq; Type: CONSTRAINT; Schema: public; Owner: postgres
--

ALTER TABLE ONLY public.django_content_type
    ADD CONSTRAINT django_content_type_app_label_model_76bd3d3b_uniq UNIQUE (app_label, model);


--
-- Name: django_content_type django_content_type_pkey; Type: CONSTRAINT; Schema: public; Owner: postgres
--

ALTER TABLE ONLY public.django_content_type
    ADD CONSTRAINT django_content_type_pkey PRIMARY KEY (id);


--
-- Name: django_migrations django_migrations_pkey; Type: CONSTRAINT; Schema: public; Owner: postgres
--

ALTER TABLE ONLY public.django_migrations
    ADD CONSTRAINT django_migrations_pkey PRIMARY KEY (id);


--
-- Name: django_session django_session_pkey; Type: CONSTRAINT; Schema: public; Owner: postgres
--

ALTER TABLE ONLY public.django_session
    ADD CONSTRAINT django_session_pkey PRIMARY KEY (session_key);


--
-- Name: github_token github_token_pkey; Type: CONSTRAINT; Schema: public; Owner: postgres
--

ALTER TABLE ONLY public.github_token
    ADD CONSTRAINT github_token_pkey PRIMARY KEY (id);


--
-- Name: github_token github_token_user_id_key; Type: CONSTRAINT; Schema: public; Owner: postgres
--

ALTER TABLE ONLY public.github_token
    ADD CONSTRAINT github_token_user_id_key UNIQUE (user_id);


--
-- Name: github_webhook github_webhook_pkey; Type: CONSTRAINT; Schema: public; Owner: postgres
--

ALTER TABLE ONLY public.github_webhook
    ADD CONSTRAINT github_webhook_pkey PRIMARY KEY (id);


--
-- Name: github_webhook github_webhook_webhook_id_key; Type: CONSTRAINT; Schema: public; Owner: postgres
--

ALTER TABLE ONLY public.github_webhook
    ADD CONSTRAINT github_webhook_webhook_id_key UNIQUE (webhook_id);


--
-- Name: oauth2_provider_accesstoken oauth2_provider_accesstoken_id_token_id_key; Type: CONSTRAINT; Schema: public; Owner: postgres
--

ALTER TABLE ONLY public.oauth2_provider_accesstoken
    ADD CONSTRAINT oauth2_provider_accesstoken_id_token_id_key UNIQUE (id_token_id);


--
-- Name: oauth2_provider_accesstoken oauth2_provider_accesstoken_pkey; Type: CONSTRAINT; Schema: public; Owner: postgres
--

ALTER TABLE ONLY public.oauth2_provider_accesstoken
    ADD CONSTRAINT oauth2_provider_accesstoken_pkey PRIMARY KEY (id);


--
-- Name: oauth2_provider_accesstoken oauth2_provider_accesstoken_source_refresh_token_id_key; Type: CONSTRAINT; Schema: public; Owner: postgres
--

ALTER TABLE ONLY public.oauth2_provider_accesstoken
    ADD CONSTRAINT oauth2_provider_accesstoken_source_refresh_token_id_key UNIQUE (source_refresh_token_id);


--
-- Name: oauth2_provider_accesstoken oauth2_provider_accesstoken_token_checksum_85319a26_uniq; Type: CONSTRAINT; Schema: public; Owner: postgres
--

ALTER TABLE ONLY public.oauth2_provider_accesstoken
    ADD CONSTRAINT oauth2_provider_accesstoken_token_checksum_85319a26_uniq UNIQUE (token_checksum);


--
-- Name: oauth2_provider_application oauth2_provider_application_client_id_key; Type: CONSTRAINT; Schema: public; Owner: postgres
--

ALTER TABLE ONLY public.oauth2_provider_application
    ADD CONSTRAINT oauth2_provider_application_client_id_key UNIQUE (client_id);


--
-- Name: oauth2_provider_application oauth2_provider_application_pkey; Type: CONSTRAINT; Schema: public; Owner: postgres
--

ALTER TABLE ONLY public.oauth2_provider_application
    ADD CONSTRAINT oauth2_provider_application_pkey PRIMARY KEY (id);


--
-- Name: oauth2_provider_grant oauth2_provider_grant_code_key; Type: CONSTRAINT; Schema: public; Owner: postgres
--

ALTER TABLE ONLY public.oauth2_provider_grant
    ADD CONSTRAINT oauth2_provider_grant_code_key UNIQUE (code);


--
-- Name: oauth2_provider_grant oauth2_provider_grant_pkey; Type: CONSTRAINT; Schema: public; Owner: postgres
--

ALTER TABLE ONLY public.oauth2_provider_grant
    ADD CONSTRAINT oauth2_provider_grant_pkey PRIMARY KEY (id);


--
-- Name: oauth2_provider_idtoken oauth2_provider_idtoken_jti_key; Type: CONSTRAINT; Schema: public; Owner: postgres
--

ALTER TABLE ONLY public.oauth2_provider_idtoken
    ADD CONSTRAINT oauth2_provider_idtoken_jti_key UNIQUE (jti);


--
-- Name: oauth2_provider_idtoken oauth2_provider_idtoken_pkey; Type: CONSTRAINT; Schema: public; Owner: postgres
--

ALTER TABLE ONLY public.oauth2_provider_idtoken
    ADD CONSTRAINT oauth2_provider_idtoken_pkey PRIMARY KEY (id);


--
-- Name: oauth2_provider_refreshtoken oauth2_provider_refreshtoken_access_token_id_key; Type: CONSTRAINT; Schema: public; Owner: postgres
--

ALTER TABLE ONLY public.oauth2_provider_refreshtoken
    ADD CONSTRAINT oauth2_provider_refreshtoken_access_token_id_key UNIQUE (access_token_id);


--
-- Name: oauth2_provider_refreshtoken oauth2_provider_refreshtoken_pkey; Type: CONSTRAINT; Schema: public; Owner: postgres
--

ALTER TABLE ONLY public.oauth2_provider_refreshtoken
    ADD CONSTRAINT oauth2_provider_refreshtoken_pkey PRIMARY KEY (id);


--
-- Name: oauth2_provider_refreshtoken oauth2_provider_refreshtoken_token_revoked_af8a5134_uniq; Type: CONSTRAINT; Schema: public; Owner: postgres
--

ALTER TABLE ONLY public.oauth2_provider_refreshtoken
    ADD CONSTRAINT oauth2_provider_refreshtoken_token_revoked_af8a5134_uniq UNIQUE (token, revoked);


--
-- Name: organizations_organization organizations_organization_pkey; Type: CONSTRAINT; Schema: public; Owner: postgres
--

ALTER TABLE ONLY public.organizations_organization
    ADD CONSTRAINT organizations_organization_pkey PRIMARY KEY (id);


--
-- Name: organizations_organizationmember organizations_organizationmember_pkey; Type: CONSTRAINT; Schema: public; Owner: postgres
--

ALTER TABLE ONLY public.organizations_organizationmember
    ADD CONSTRAINT organizations_organizationmember_pkey PRIMARY KEY (id);


--
-- Name: organizations_pendinginvites organizations_pendinginvites_pkey; Type: CONSTRAINT; Schema: public; Owner: postgres
--

ALTER TABLE ONLY public.organizations_pendinginvites
    ADD CONSTRAINT organizations_pendinginvites_pkey PRIMARY KEY (id);


--
-- Name: payments_prices payments_prices_pkey; Type: CONSTRAINT; Schema: public; Owner: postgres
--

ALTER TABLE ONLY public.payments_prices
    ADD CONSTRAINT payments_prices_pkey PRIMARY KEY (id);


--
-- Name: projects_project projects_project_pkey; Type: CONSTRAINT; Schema: public; Owner: postgres
--

ALTER TABLE ONLY public.projects_project
    ADD CONSTRAINT projects_project_pkey PRIMARY KEY (id);


--
-- Name: projects_projectmember projects_projectmember_pkey; Type: CONSTRAINT; Schema: public; Owner: postgres
--

ALTER TABLE ONLY public.projects_projectmember
    ADD CONSTRAINT projects_projectmember_pkey PRIMARY KEY (id);


--
-- Name: stacks_purchasablestack stacks_purchasablestack_pkey; Type: CONSTRAINT; Schema: public; Owner: postgres
--

ALTER TABLE ONLY public.stacks_purchasablestack
    ADD CONSTRAINT stacks_purchasablestack_pkey PRIMARY KEY (id);


--
-- Name: stacks_stack stacks_stack_pkey; Type: CONSTRAINT; Schema: public; Owner: postgres
--

ALTER TABLE ONLY public.stacks_stack
    ADD CONSTRAINT stacks_stack_pkey PRIMARY KEY (id);


--
-- Name: stacks_stackbackend stacks_stackbackend_pkey; Type: CONSTRAINT; Schema: public; Owner: postgres
--

ALTER TABLE ONLY public.stacks_stackbackend
    ADD CONSTRAINT stacks_stackbackend_pkey PRIMARY KEY (id);


--
-- Name: stacks_stackdatabase stacks_stackdatabase_pkey; Type: CONSTRAINT; Schema: public; Owner: postgres
--

ALTER TABLE ONLY public.stacks_stackdatabase
    ADD CONSTRAINT stacks_stackdatabase_pkey PRIMARY KEY (id);


--
-- Name: stacks_stackfrontend stacks_stackfrontend_pkey; Type: CONSTRAINT; Schema: public; Owner: postgres
--

ALTER TABLE ONLY public.stacks_stackfrontend
    ADD CONSTRAINT stacks_stackfrontend_pkey PRIMARY KEY (id);


--
-- Name: stacks_stack unique_stack_name_per_project; Type: CONSTRAINT; Schema: public; Owner: postgres
--

ALTER TABLE ONLY public.stacks_stack
    ADD CONSTRAINT unique_stack_name_per_project UNIQUE (project_id, name);


--
-- Name: accounts_project_organization_id_e10581a6; Type: INDEX; Schema: public; Owner: postgres
--

CREATE INDEX accounts_project_organization_id_e10581a6 ON public.accounts_project USING btree (organization_id);


--
-- Name: accounts_project_stacks_project_id_90dea61e; Type: INDEX; Schema: public; Owner: postgres
--

CREATE INDEX accounts_project_stacks_project_id_90dea61e ON public.accounts_project_stacks USING btree (project_id);


--
-- Name: accounts_project_stacks_stack_id_5564093f; Type: INDEX; Schema: public; Owner: postgres
--

CREATE INDEX accounts_project_stacks_stack_id_5564093f ON public.accounts_project_stacks USING btree (stack_id);


--
-- Name: accounts_project_stacks_stack_id_5564093f_like; Type: INDEX; Schema: public; Owner: postgres
--

CREATE INDEX accounts_project_stacks_stack_id_5564093f_like ON public.accounts_project_stacks USING btree (stack_id varchar_pattern_ops);


--
-- Name: accounts_projectmember_project_id_0ab2367f; Type: INDEX; Schema: public; Owner: postgres
--

CREATE INDEX accounts_projectmember_project_id_0ab2367f ON public.accounts_projectmember USING btree (project_id);


--
-- Name: accounts_projectmember_user_id_0133527c; Type: INDEX; Schema: public; Owner: postgres
--

CREATE INDEX accounts_projectmember_user_id_0133527c ON public.accounts_projectmember USING btree (user_id);


--
-- Name: api_availablestack_id_b7607c7c_like; Type: INDEX; Schema: public; Owner: postgres
--

CREATE INDEX api_availablestack_id_b7607c7c_like ON public.api_availablestack USING btree (id varchar_pattern_ops);


--
-- Name: api_stack_id_7a33e29c_like; Type: INDEX; Schema: public; Owner: postgres
--

CREATE INDEX api_stack_id_7a33e29c_like ON public.api_stack USING btree (id varchar_pattern_ops);


--
-- Name: api_stack_project_id_522c9381; Type: INDEX; Schema: public; Owner: postgres
--

CREATE INDEX api_stack_project_id_522c9381 ON public.api_stack USING btree (project_id);


--
-- Name: api_stack_purchased_stack_id_208aff91; Type: INDEX; Schema: public; Owner: postgres
--

CREATE INDEX api_stack_purchased_stack_id_208aff91 ON public.api_stack USING btree (purchased_stack_id);


--
-- Name: api_stack_purchased_stack_id_208aff91_like; Type: INDEX; Schema: public; Owner: postgres
--

CREATE INDEX api_stack_purchased_stack_id_208aff91_like ON public.api_stack USING btree (purchased_stack_id varchar_pattern_ops);


--
-- Name: api_stackbackend_id_0f3b24b7_like; Type: INDEX; Schema: public; Owner: postgres
--

CREATE INDEX api_stackbackend_id_0f3b24b7_like ON public.api_stackbackend USING btree (id varchar_pattern_ops);


--
-- Name: api_stackbackend_stack_id_01a2d931; Type: INDEX; Schema: public; Owner: postgres
--

CREATE INDEX api_stackbackend_stack_id_01a2d931 ON public.api_stackbackend USING btree (stack_id);


--
-- Name: api_stackbackend_stack_id_01a2d931_like; Type: INDEX; Schema: public; Owner: postgres
--

CREATE INDEX api_stackbackend_stack_id_01a2d931_like ON public.api_stackbackend USING btree (stack_id varchar_pattern_ops);


--
-- Name: api_stackdatabase_id_e8f462de_like; Type: INDEX; Schema: public; Owner: postgres
--

CREATE INDEX api_stackdatabase_id_e8f462de_like ON public.api_stackdatabase USING btree (id varchar_pattern_ops);


--
-- Name: api_stackdatabase_stack_id_fa606a15; Type: INDEX; Schema: public; Owner: postgres
--

CREATE INDEX api_stackdatabase_stack_id_fa606a15 ON public.api_stackdatabase USING btree (stack_id);


--
-- Name: api_stackdatabase_stack_id_fa606a15_like; Type: INDEX; Schema: public; Owner: postgres
--

CREATE INDEX api_stackdatabase_stack_id_fa606a15_like ON public.api_stackdatabase USING btree (stack_id varchar_pattern_ops);


--
-- Name: api_stackfrontend_id_d52f566d_like; Type: INDEX; Schema: public; Owner: postgres
--

CREATE INDEX api_stackfrontend_id_d52f566d_like ON public.api_stackfrontend USING btree (id varchar_pattern_ops);


--
-- Name: api_stackfrontend_stack_id_07f2c3f3; Type: INDEX; Schema: public; Owner: postgres
--

CREATE INDEX api_stackfrontend_stack_id_07f2c3f3 ON public.api_stackfrontend USING btree (stack_id);


--
-- Name: api_stackfrontend_stack_id_07f2c3f3_like; Type: INDEX; Schema: public; Owner: postgres
--

CREATE INDEX api_stackfrontend_stack_id_07f2c3f3_like ON public.api_stackfrontend USING btree (stack_id varchar_pattern_ops);


--
-- Name: auth_group_name_a6ea08ec_like; Type: INDEX; Schema: public; Owner: postgres
--

CREATE INDEX auth_group_name_a6ea08ec_like ON public.auth_group USING btree (name varchar_pattern_ops);


--
-- Name: auth_group_permissions_group_id_b120cbf9; Type: INDEX; Schema: public; Owner: postgres
--

CREATE INDEX auth_group_permissions_group_id_b120cbf9 ON public.auth_group_permissions USING btree (group_id);


--
-- Name: auth_group_permissions_permission_id_84c5c92e; Type: INDEX; Schema: public; Owner: postgres
--

CREATE INDEX auth_group_permissions_permission_id_84c5c92e ON public.auth_group_permissions USING btree (permission_id);


--
-- Name: auth_permission_content_type_id_2f476e4b; Type: INDEX; Schema: public; Owner: postgres
--

CREATE INDEX auth_permission_content_type_id_2f476e4b ON public.auth_permission USING btree (content_type_id);


--
-- Name: auth_user_groups_group_id_97559544; Type: INDEX; Schema: public; Owner: postgres
--

CREATE INDEX auth_user_groups_group_id_97559544 ON public.auth_user_groups USING btree (group_id);


--
-- Name: auth_user_groups_user_id_6a12ed8b; Type: INDEX; Schema: public; Owner: postgres
--

CREATE INDEX auth_user_groups_user_id_6a12ed8b ON public.auth_user_groups USING btree (user_id);


--
-- Name: auth_user_user_permissions_permission_id_1fbb5f2c; Type: INDEX; Schema: public; Owner: postgres
--

CREATE INDEX auth_user_user_permissions_permission_id_1fbb5f2c ON public.auth_user_user_permissions USING btree (permission_id);


--
-- Name: auth_user_user_permissions_user_id_a95ead1b; Type: INDEX; Schema: public; Owner: postgres
--

CREATE INDEX auth_user_user_permissions_user_id_a95ead1b ON public.auth_user_user_permissions USING btree (user_id);


--
-- Name: auth_user_username_6821ab7c_like; Type: INDEX; Schema: public; Owner: postgres
--

CREATE INDEX auth_user_username_6821ab7c_like ON public.auth_user USING btree (username varchar_pattern_ops);


--
-- Name: django_admin_log_content_type_id_c4bce8eb; Type: INDEX; Schema: public; Owner: postgres
--

CREATE INDEX django_admin_log_content_type_id_c4bce8eb ON public.django_admin_log USING btree (content_type_id);


--
-- Name: django_admin_log_user_id_c564eba6; Type: INDEX; Schema: public; Owner: postgres
--

CREATE INDEX django_admin_log_user_id_c564eba6 ON public.django_admin_log USING btree (user_id);


--
-- Name: django_session_expire_date_a5c62663; Type: INDEX; Schema: public; Owner: postgres
--

CREATE INDEX django_session_expire_date_a5c62663 ON public.django_session USING btree (expire_date);


--
-- Name: django_session_session_key_c0390e0f_like; Type: INDEX; Schema: public; Owner: postgres
--

CREATE INDEX django_session_session_key_c0390e0f_like ON public.django_session USING btree (session_key varchar_pattern_ops);


--
-- Name: github_token_id_43fe6aad_like; Type: INDEX; Schema: public; Owner: postgres
--

CREATE INDEX github_token_id_43fe6aad_like ON public.github_token USING btree (id varchar_pattern_ops);


--
-- Name: github_webhook_id_ec2b3fc5_like; Type: INDEX; Schema: public; Owner: postgres
--

CREATE INDEX github_webhook_id_ec2b3fc5_like ON public.github_webhook USING btree (id varchar_pattern_ops);


--
-- Name: github_webhook_stack_id_daebf34a; Type: INDEX; Schema: public; Owner: postgres
--

CREATE INDEX github_webhook_stack_id_daebf34a ON public.github_webhook USING btree (stack_id);


--
-- Name: github_webhook_stack_id_daebf34a_like; Type: INDEX; Schema: public; Owner: postgres
--

CREATE INDEX github_webhook_stack_id_daebf34a_like ON public.github_webhook USING btree (stack_id varchar_pattern_ops);


--
-- Name: github_webhook_user_id_74225f87; Type: INDEX; Schema: public; Owner: postgres
--

CREATE INDEX github_webhook_user_id_74225f87 ON public.github_webhook USING btree (user_id);


--
-- Name: oauth2_provider_accesstoken_application_id_b22886e1; Type: INDEX; Schema: public; Owner: postgres
--

CREATE INDEX oauth2_provider_accesstoken_application_id_b22886e1 ON public.oauth2_provider_accesstoken USING btree (application_id);


--
-- Name: oauth2_provider_accesstoken_token_checksum_85319a26_like; Type: INDEX; Schema: public; Owner: postgres
--

CREATE INDEX oauth2_provider_accesstoken_token_checksum_85319a26_like ON public.oauth2_provider_accesstoken USING btree (token_checksum varchar_pattern_ops);


--
-- Name: oauth2_provider_accesstoken_user_id_6e4c9a65; Type: INDEX; Schema: public; Owner: postgres
--

CREATE INDEX oauth2_provider_accesstoken_user_id_6e4c9a65 ON public.oauth2_provider_accesstoken USING btree (user_id);


--
-- Name: oauth2_provider_application_client_id_03f0cc84_like; Type: INDEX; Schema: public; Owner: postgres
--

CREATE INDEX oauth2_provider_application_client_id_03f0cc84_like ON public.oauth2_provider_application USING btree (client_id varchar_pattern_ops);


--
-- Name: oauth2_provider_application_client_secret_53133678; Type: INDEX; Schema: public; Owner: postgres
--

CREATE INDEX oauth2_provider_application_client_secret_53133678 ON public.oauth2_provider_application USING btree (client_secret);


--
-- Name: oauth2_provider_application_client_secret_53133678_like; Type: INDEX; Schema: public; Owner: postgres
--

CREATE INDEX oauth2_provider_application_client_secret_53133678_like ON public.oauth2_provider_application USING btree (client_secret varchar_pattern_ops);


--
-- Name: oauth2_provider_application_user_id_79829054; Type: INDEX; Schema: public; Owner: postgres
--

CREATE INDEX oauth2_provider_application_user_id_79829054 ON public.oauth2_provider_application USING btree (user_id);


--
-- Name: oauth2_provider_grant_application_id_81923564; Type: INDEX; Schema: public; Owner: postgres
--

CREATE INDEX oauth2_provider_grant_application_id_81923564 ON public.oauth2_provider_grant USING btree (application_id);


--
-- Name: oauth2_provider_grant_code_49ab4ddf_like; Type: INDEX; Schema: public; Owner: postgres
--

CREATE INDEX oauth2_provider_grant_code_49ab4ddf_like ON public.oauth2_provider_grant USING btree (code varchar_pattern_ops);


--
-- Name: oauth2_provider_grant_user_id_e8f62af8; Type: INDEX; Schema: public; Owner: postgres
--

CREATE INDEX oauth2_provider_grant_user_id_e8f62af8 ON public.oauth2_provider_grant USING btree (user_id);


--
-- Name: oauth2_provider_idtoken_application_id_08c5ff4f; Type: INDEX; Schema: public; Owner: postgres
--

CREATE INDEX oauth2_provider_idtoken_application_id_08c5ff4f ON public.oauth2_provider_idtoken USING btree (application_id);


--
-- Name: oauth2_provider_idtoken_user_id_dd512b59; Type: INDEX; Schema: public; Owner: postgres
--

CREATE INDEX oauth2_provider_idtoken_user_id_dd512b59 ON public.oauth2_provider_idtoken USING btree (user_id);


--
-- Name: oauth2_provider_refreshtoken_application_id_2d1c311b; Type: INDEX; Schema: public; Owner: postgres
--

CREATE INDEX oauth2_provider_refreshtoken_application_id_2d1c311b ON public.oauth2_provider_refreshtoken USING btree (application_id);


--
-- Name: oauth2_provider_refreshtoken_user_id_da837fce; Type: INDEX; Schema: public; Owner: postgres
--

CREATE INDEX oauth2_provider_refreshtoken_user_id_da837fce ON public.oauth2_provider_refreshtoken USING btree (user_id);


--
-- Name: organizations_organization_id_bebf67bb_like; Type: INDEX; Schema: public; Owner: postgres
--

CREATE INDEX organizations_organization_id_bebf67bb_like ON public.organizations_organization USING btree (id varchar_pattern_ops);


--
-- Name: organizations_organizationmember_id_a04ed2b5_like; Type: INDEX; Schema: public; Owner: postgres
--

CREATE INDEX organizations_organizationmember_id_a04ed2b5_like ON public.organizations_organizationmember USING btree (id varchar_pattern_ops);


--
-- Name: organizations_organizationmember_organization_id_f26cf71b; Type: INDEX; Schema: public; Owner: postgres
--

CREATE INDEX organizations_organizationmember_organization_id_f26cf71b ON public.organizations_organizationmember USING btree (organization_id);


--
-- Name: organizations_organizationmember_organization_id_f26cf71b_like; Type: INDEX; Schema: public; Owner: postgres
--

CREATE INDEX organizations_organizationmember_organization_id_f26cf71b_like ON public.organizations_organizationmember USING btree (organization_id varchar_pattern_ops);


--
-- Name: organizations_organizationmember_user_id_f3845ee5; Type: INDEX; Schema: public; Owner: postgres
--

CREATE INDEX organizations_organizationmember_user_id_f3845ee5 ON public.organizations_organizationmember USING btree (user_id);


--
-- Name: organizations_pendinginvites_id_af5af1f8_like; Type: INDEX; Schema: public; Owner: postgres
--

CREATE INDEX organizations_pendinginvites_id_af5af1f8_like ON public.organizations_pendinginvites USING btree (id varchar_pattern_ops);


--
-- Name: organizations_pendinginvites_organization_id_e4cfc60c; Type: INDEX; Schema: public; Owner: postgres
--

CREATE INDEX organizations_pendinginvites_organization_id_e4cfc60c ON public.organizations_pendinginvites USING btree (organization_id);


--
-- Name: organizations_pendinginvites_organization_id_e4cfc60c_like; Type: INDEX; Schema: public; Owner: postgres
--

CREATE INDEX organizations_pendinginvites_organization_id_e4cfc60c_like ON public.organizations_pendinginvites USING btree (organization_id varchar_pattern_ops);


--
-- Name: payments_prices_id_21efe41b_like; Type: INDEX; Schema: public; Owner: postgres
--

CREATE INDEX payments_prices_id_21efe41b_like ON public.payments_prices USING btree (id varchar_pattern_ops);


--
-- Name: projects_project_id_12b5a625_like; Type: INDEX; Schema: public; Owner: postgres
--

CREATE INDEX projects_project_id_12b5a625_like ON public.projects_project USING btree (id varchar_pattern_ops);


--
-- Name: projects_project_organization_id_c93e5ca2; Type: INDEX; Schema: public; Owner: postgres
--

CREATE INDEX projects_project_organization_id_c93e5ca2 ON public.projects_project USING btree (organization_id);


--
-- Name: projects_project_organization_id_c93e5ca2_like; Type: INDEX; Schema: public; Owner: postgres
--

CREATE INDEX projects_project_organization_id_c93e5ca2_like ON public.projects_project USING btree (organization_id varchar_pattern_ops);


--
-- Name: projects_projectmember_id_bff7cfa3_like; Type: INDEX; Schema: public; Owner: postgres
--

CREATE INDEX projects_projectmember_id_bff7cfa3_like ON public.projects_projectmember USING btree (id varchar_pattern_ops);


--
-- Name: projects_projectmember_project_id_e589ddea; Type: INDEX; Schema: public; Owner: postgres
--

CREATE INDEX projects_projectmember_project_id_e589ddea ON public.projects_projectmember USING btree (project_id);


--
-- Name: projects_projectmember_project_id_e589ddea_like; Type: INDEX; Schema: public; Owner: postgres
--

CREATE INDEX projects_projectmember_project_id_e589ddea_like ON public.projects_projectmember USING btree (project_id varchar_pattern_ops);


--
-- Name: projects_projectmember_user_id_a475bbd8; Type: INDEX; Schema: public; Owner: postgres
--

CREATE INDEX projects_projectmember_user_id_a475bbd8 ON public.projects_projectmember USING btree (user_id);


--
-- Name: stacks_purchasablestack_id_a30a9922_like; Type: INDEX; Schema: public; Owner: postgres
--

CREATE INDEX stacks_purchasablestack_id_a30a9922_like ON public.stacks_purchasablestack USING btree (id varchar_pattern_ops);


--
-- Name: stacks_stack_id_28f447a3_like; Type: INDEX; Schema: public; Owner: postgres
--

CREATE INDEX stacks_stack_id_28f447a3_like ON public.stacks_stack USING btree (id varchar_pattern_ops);


--
-- Name: stacks_stack_project_id_fdc58b7d; Type: INDEX; Schema: public; Owner: postgres
--

CREATE INDEX stacks_stack_project_id_fdc58b7d ON public.stacks_stack USING btree (project_id);


--
-- Name: stacks_stack_project_id_fdc58b7d_like; Type: INDEX; Schema: public; Owner: postgres
--

CREATE INDEX stacks_stack_project_id_fdc58b7d_like ON public.stacks_stack USING btree (project_id varchar_pattern_ops);


--
-- Name: stacks_stack_purchased_stack_id_71c3ed10; Type: INDEX; Schema: public; Owner: postgres
--

CREATE INDEX stacks_stack_purchased_stack_id_71c3ed10 ON public.stacks_stack USING btree (purchased_stack_id);


--
-- Name: stacks_stack_purchased_stack_id_71c3ed10_like; Type: INDEX; Schema: public; Owner: postgres
--

CREATE INDEX stacks_stack_purchased_stack_id_71c3ed10_like ON public.stacks_stack USING btree (purchased_stack_id varchar_pattern_ops);


--
-- Name: stacks_stackbackend_id_3bfd7348_like; Type: INDEX; Schema: public; Owner: postgres
--

CREATE INDEX stacks_stackbackend_id_3bfd7348_like ON public.stacks_stackbackend USING btree (id varchar_pattern_ops);


--
-- Name: stacks_stackbackend_stack_id_33b2d7de; Type: INDEX; Schema: public; Owner: postgres
--

CREATE INDEX stacks_stackbackend_stack_id_33b2d7de ON public.stacks_stackbackend USING btree (stack_id);


--
-- Name: stacks_stackbackend_stack_id_33b2d7de_like; Type: INDEX; Schema: public; Owner: postgres
--

CREATE INDEX stacks_stackbackend_stack_id_33b2d7de_like ON public.stacks_stackbackend USING btree (stack_id varchar_pattern_ops);


--
-- Name: stacks_stackdatabase_id_57eb7da6_like; Type: INDEX; Schema: public; Owner: postgres
--

CREATE INDEX stacks_stackdatabase_id_57eb7da6_like ON public.stacks_stackdatabase USING btree (id varchar_pattern_ops);


--
-- Name: stacks_stackdatabase_stack_id_87aef562; Type: INDEX; Schema: public; Owner: postgres
--

CREATE INDEX stacks_stackdatabase_stack_id_87aef562 ON public.stacks_stackdatabase USING btree (stack_id);


--
-- Name: stacks_stackdatabase_stack_id_87aef562_like; Type: INDEX; Schema: public; Owner: postgres
--

CREATE INDEX stacks_stackdatabase_stack_id_87aef562_like ON public.stacks_stackdatabase USING btree (stack_id varchar_pattern_ops);


--
-- Name: stacks_stackfrontend_id_8d9765c2_like; Type: INDEX; Schema: public; Owner: postgres
--

CREATE INDEX stacks_stackfrontend_id_8d9765c2_like ON public.stacks_stackfrontend USING btree (id varchar_pattern_ops);


--
-- Name: stacks_stackfrontend_stack_id_4a04c43a; Type: INDEX; Schema: public; Owner: postgres
--

CREATE INDEX stacks_stackfrontend_stack_id_4a04c43a ON public.stacks_stackfrontend USING btree (stack_id);


--
-- Name: stacks_stackfrontend_stack_id_4a04c43a_like; Type: INDEX; Schema: public; Owner: postgres
--

CREATE INDEX stacks_stackfrontend_stack_id_4a04c43a_like ON public.stacks_stackfrontend USING btree (stack_id varchar_pattern_ops);


--
-- Name: idx_heartbeat; Type: INDEX; Schema: tembo; Owner: postgres
--

CREATE INDEX idx_heartbeat ON tembo.heartbeat_table USING btree (latest_heartbeat);


--
-- Name: accounts_project accounts_project_organization_id_e10581a6_fk; Type: FK CONSTRAINT; Schema: public; Owner: postgres
--

ALTER TABLE ONLY public.accounts_project
    ADD CONSTRAINT accounts_project_organization_id_e10581a6_fk FOREIGN KEY (organization_id) REFERENCES public.accounts_organization(id) DEFERRABLE INITIALLY DEFERRED;


--
-- Name: accounts_project_stacks accounts_project_stacks_project_id_90dea61e_fk; Type: FK CONSTRAINT; Schema: public; Owner: postgres
--

ALTER TABLE ONLY public.accounts_project_stacks
    ADD CONSTRAINT accounts_project_stacks_project_id_90dea61e_fk FOREIGN KEY (project_id) REFERENCES public.accounts_project(id) DEFERRABLE INITIALLY DEFERRED;


--
-- Name: accounts_project_stacks accounts_project_stacks_stack_id_5564093f_fk_api_stack_id; Type: FK CONSTRAINT; Schema: public; Owner: postgres
--

ALTER TABLE ONLY public.accounts_project_stacks
    ADD CONSTRAINT accounts_project_stacks_stack_id_5564093f_fk_api_stack_id FOREIGN KEY (stack_id) REFERENCES public.api_stack(id) DEFERRABLE INITIALLY DEFERRED;


--
-- Name: accounts_projectmember accounts_projectmember_project_id_0ab2367f_fk; Type: FK CONSTRAINT; Schema: public; Owner: postgres
--

ALTER TABLE ONLY public.accounts_projectmember
    ADD CONSTRAINT accounts_projectmember_project_id_0ab2367f_fk FOREIGN KEY (project_id) REFERENCES public.accounts_project(id) DEFERRABLE INITIALLY DEFERRED;


--
-- Name: accounts_projectmember accounts_projectmember_user_id_0133527c_fk_auth_user_id; Type: FK CONSTRAINT; Schema: public; Owner: postgres
--

ALTER TABLE ONLY public.accounts_projectmember
    ADD CONSTRAINT accounts_projectmember_user_id_0133527c_fk_auth_user_id FOREIGN KEY (user_id) REFERENCES public.auth_user(id) DEFERRABLE INITIALLY DEFERRED;


--
-- Name: accounts_userprofile accounts_userprofile_user_id_92240672_fk_auth_user_id; Type: FK CONSTRAINT; Schema: public; Owner: postgres
--

ALTER TABLE ONLY public.accounts_userprofile
    ADD CONSTRAINT accounts_userprofile_user_id_92240672_fk_auth_user_id FOREIGN KEY (user_id) REFERENCES public.auth_user(id) DEFERRABLE INITIALLY DEFERRED;


--
-- Name: api_stack api_stack_project_id_522c9381_fk; Type: FK CONSTRAINT; Schema: public; Owner: postgres
--

ALTER TABLE ONLY public.api_stack
    ADD CONSTRAINT api_stack_project_id_522c9381_fk FOREIGN KEY (project_id) REFERENCES public.accounts_project(id) DEFERRABLE INITIALLY DEFERRED;


--
-- Name: api_stack api_stack_purchased_stack_id_208aff91_fk_api_availablestack_id; Type: FK CONSTRAINT; Schema: public; Owner: postgres
--

ALTER TABLE ONLY public.api_stack
    ADD CONSTRAINT api_stack_purchased_stack_id_208aff91_fk_api_availablestack_id FOREIGN KEY (purchased_stack_id) REFERENCES public.api_availablestack(id) DEFERRABLE INITIALLY DEFERRED;


--
-- Name: api_stackbackend api_stackbackend_stack_id_01a2d931_fk_api_stack_id; Type: FK CONSTRAINT; Schema: public; Owner: postgres
--

ALTER TABLE ONLY public.api_stackbackend
    ADD CONSTRAINT api_stackbackend_stack_id_01a2d931_fk_api_stack_id FOREIGN KEY (stack_id) REFERENCES public.api_stack(id) DEFERRABLE INITIALLY DEFERRED;


--
-- Name: api_stackdatabase api_stackdatabase_stack_id_fa606a15_fk_api_stack_id; Type: FK CONSTRAINT; Schema: public; Owner: postgres
--

ALTER TABLE ONLY public.api_stackdatabase
    ADD CONSTRAINT api_stackdatabase_stack_id_fa606a15_fk_api_stack_id FOREIGN KEY (stack_id) REFERENCES public.api_stack(id) DEFERRABLE INITIALLY DEFERRED;


--
-- Name: api_stackfrontend api_stackfrontend_stack_id_07f2c3f3_fk_api_stack_id; Type: FK CONSTRAINT; Schema: public; Owner: postgres
--

ALTER TABLE ONLY public.api_stackfrontend
    ADD CONSTRAINT api_stackfrontend_stack_id_07f2c3f3_fk_api_stack_id FOREIGN KEY (stack_id) REFERENCES public.api_stack(id) DEFERRABLE INITIALLY DEFERRED;


--
-- Name: auth_group_permissions auth_group_permissio_permission_id_84c5c92e_fk_auth_perm; Type: FK CONSTRAINT; Schema: public; Owner: postgres
--

ALTER TABLE ONLY public.auth_group_permissions
    ADD CONSTRAINT auth_group_permissio_permission_id_84c5c92e_fk_auth_perm FOREIGN KEY (permission_id) REFERENCES public.auth_permission(id) DEFERRABLE INITIALLY DEFERRED;


--
-- Name: auth_group_permissions auth_group_permissions_group_id_b120cbf9_fk_auth_group_id; Type: FK CONSTRAINT; Schema: public; Owner: postgres
--

ALTER TABLE ONLY public.auth_group_permissions
    ADD CONSTRAINT auth_group_permissions_group_id_b120cbf9_fk_auth_group_id FOREIGN KEY (group_id) REFERENCES public.auth_group(id) DEFERRABLE INITIALLY DEFERRED;


--
-- Name: auth_permission auth_permission_content_type_id_2f476e4b_fk_django_co; Type: FK CONSTRAINT; Schema: public; Owner: postgres
--

ALTER TABLE ONLY public.auth_permission
    ADD CONSTRAINT auth_permission_content_type_id_2f476e4b_fk_django_co FOREIGN KEY (content_type_id) REFERENCES public.django_content_type(id) DEFERRABLE INITIALLY DEFERRED;


--
-- Name: auth_user_groups auth_user_groups_group_id_97559544_fk_auth_group_id; Type: FK CONSTRAINT; Schema: public; Owner: postgres
--

ALTER TABLE ONLY public.auth_user_groups
    ADD CONSTRAINT auth_user_groups_group_id_97559544_fk_auth_group_id FOREIGN KEY (group_id) REFERENCES public.auth_group(id) DEFERRABLE INITIALLY DEFERRED;


--
-- Name: auth_user_groups auth_user_groups_user_id_6a12ed8b_fk_auth_user_id; Type: FK CONSTRAINT; Schema: public; Owner: postgres
--

ALTER TABLE ONLY public.auth_user_groups
    ADD CONSTRAINT auth_user_groups_user_id_6a12ed8b_fk_auth_user_id FOREIGN KEY (user_id) REFERENCES public.auth_user(id) DEFERRABLE INITIALLY DEFERRED;


--
-- Name: auth_user_user_permissions auth_user_user_permi_permission_id_1fbb5f2c_fk_auth_perm; Type: FK CONSTRAINT; Schema: public; Owner: postgres
--

ALTER TABLE ONLY public.auth_user_user_permissions
    ADD CONSTRAINT auth_user_user_permi_permission_id_1fbb5f2c_fk_auth_perm FOREIGN KEY (permission_id) REFERENCES public.auth_permission(id) DEFERRABLE INITIALLY DEFERRED;


--
-- Name: auth_user_user_permissions auth_user_user_permissions_user_id_a95ead1b_fk_auth_user_id; Type: FK CONSTRAINT; Schema: public; Owner: postgres
--

ALTER TABLE ONLY public.auth_user_user_permissions
    ADD CONSTRAINT auth_user_user_permissions_user_id_a95ead1b_fk_auth_user_id FOREIGN KEY (user_id) REFERENCES public.auth_user(id) DEFERRABLE INITIALLY DEFERRED;


--
-- Name: django_admin_log django_admin_log_content_type_id_c4bce8eb_fk_django_co; Type: FK CONSTRAINT; Schema: public; Owner: postgres
--

ALTER TABLE ONLY public.django_admin_log
    ADD CONSTRAINT django_admin_log_content_type_id_c4bce8eb_fk_django_co FOREIGN KEY (content_type_id) REFERENCES public.django_content_type(id) DEFERRABLE INITIALLY DEFERRED;


--
-- Name: django_admin_log django_admin_log_user_id_c564eba6_fk_auth_user_id; Type: FK CONSTRAINT; Schema: public; Owner: postgres
--

ALTER TABLE ONLY public.django_admin_log
    ADD CONSTRAINT django_admin_log_user_id_c564eba6_fk_auth_user_id FOREIGN KEY (user_id) REFERENCES public.auth_user(id) DEFERRABLE INITIALLY DEFERRED;


--
-- Name: github_token github_token_user_id_47519423_fk_auth_user_id; Type: FK CONSTRAINT; Schema: public; Owner: postgres
--

ALTER TABLE ONLY public.github_token
    ADD CONSTRAINT github_token_user_id_47519423_fk_auth_user_id FOREIGN KEY (user_id) REFERENCES public.auth_user(id) DEFERRABLE INITIALLY DEFERRED;


--
-- Name: github_webhook github_webhook_stack_id_fk; Type: FK CONSTRAINT; Schema: public; Owner: postgres
--

ALTER TABLE ONLY public.github_webhook
    ADD CONSTRAINT github_webhook_stack_id_fk FOREIGN KEY (stack_id) REFERENCES public.stacks_stack(id) DEFERRABLE INITIALLY DEFERRED;


--
-- Name: github_webhook github_webhook_user_id_74225f87_fk_auth_user_id; Type: FK CONSTRAINT; Schema: public; Owner: postgres
--

ALTER TABLE ONLY public.github_webhook
    ADD CONSTRAINT github_webhook_user_id_74225f87_fk_auth_user_id FOREIGN KEY (user_id) REFERENCES public.auth_user(id) DEFERRABLE INITIALLY DEFERRED;


--
-- Name: oauth2_provider_accesstoken oauth2_provider_acce_application_id_b22886e1_fk_oauth2_pr; Type: FK CONSTRAINT; Schema: public; Owner: postgres
--

ALTER TABLE ONLY public.oauth2_provider_accesstoken
    ADD CONSTRAINT oauth2_provider_acce_application_id_b22886e1_fk_oauth2_pr FOREIGN KEY (application_id) REFERENCES public.oauth2_provider_application(id) DEFERRABLE INITIALLY DEFERRED;


--
-- Name: oauth2_provider_accesstoken oauth2_provider_acce_id_token_id_85db651b_fk_oauth2_pr; Type: FK CONSTRAINT; Schema: public; Owner: postgres
--

ALTER TABLE ONLY public.oauth2_provider_accesstoken
    ADD CONSTRAINT oauth2_provider_acce_id_token_id_85db651b_fk_oauth2_pr FOREIGN KEY (id_token_id) REFERENCES public.oauth2_provider_idtoken(id) DEFERRABLE INITIALLY DEFERRED;


--
-- Name: oauth2_provider_accesstoken oauth2_provider_acce_source_refresh_token_e66fbc72_fk_oauth2_pr; Type: FK CONSTRAINT; Schema: public; Owner: postgres
--

ALTER TABLE ONLY public.oauth2_provider_accesstoken
    ADD CONSTRAINT oauth2_provider_acce_source_refresh_token_e66fbc72_fk_oauth2_pr FOREIGN KEY (source_refresh_token_id) REFERENCES public.oauth2_provider_refreshtoken(id) DEFERRABLE INITIALLY DEFERRED;


--
-- Name: oauth2_provider_accesstoken oauth2_provider_accesstoken_user_id_6e4c9a65_fk_auth_user_id; Type: FK CONSTRAINT; Schema: public; Owner: postgres
--

ALTER TABLE ONLY public.oauth2_provider_accesstoken
    ADD CONSTRAINT oauth2_provider_accesstoken_user_id_6e4c9a65_fk_auth_user_id FOREIGN KEY (user_id) REFERENCES public.auth_user(id) DEFERRABLE INITIALLY DEFERRED;


--
-- Name: oauth2_provider_application oauth2_provider_application_user_id_79829054_fk_auth_user_id; Type: FK CONSTRAINT; Schema: public; Owner: postgres
--

ALTER TABLE ONLY public.oauth2_provider_application
    ADD CONSTRAINT oauth2_provider_application_user_id_79829054_fk_auth_user_id FOREIGN KEY (user_id) REFERENCES public.auth_user(id) DEFERRABLE INITIALLY DEFERRED;


--
-- Name: oauth2_provider_grant oauth2_provider_gran_application_id_81923564_fk_oauth2_pr; Type: FK CONSTRAINT; Schema: public; Owner: postgres
--

ALTER TABLE ONLY public.oauth2_provider_grant
    ADD CONSTRAINT oauth2_provider_gran_application_id_81923564_fk_oauth2_pr FOREIGN KEY (application_id) REFERENCES public.oauth2_provider_application(id) DEFERRABLE INITIALLY DEFERRED;


--
-- Name: oauth2_provider_grant oauth2_provider_grant_user_id_e8f62af8_fk_auth_user_id; Type: FK CONSTRAINT; Schema: public; Owner: postgres
--

ALTER TABLE ONLY public.oauth2_provider_grant
    ADD CONSTRAINT oauth2_provider_grant_user_id_e8f62af8_fk_auth_user_id FOREIGN KEY (user_id) REFERENCES public.auth_user(id) DEFERRABLE INITIALLY DEFERRED;


--
-- Name: oauth2_provider_idtoken oauth2_provider_idto_application_id_08c5ff4f_fk_oauth2_pr; Type: FK CONSTRAINT; Schema: public; Owner: postgres
--

ALTER TABLE ONLY public.oauth2_provider_idtoken
    ADD CONSTRAINT oauth2_provider_idto_application_id_08c5ff4f_fk_oauth2_pr FOREIGN KEY (application_id) REFERENCES public.oauth2_provider_application(id) DEFERRABLE INITIALLY DEFERRED;


--
-- Name: oauth2_provider_idtoken oauth2_provider_idtoken_user_id_dd512b59_fk_auth_user_id; Type: FK CONSTRAINT; Schema: public; Owner: postgres
--

ALTER TABLE ONLY public.oauth2_provider_idtoken
    ADD CONSTRAINT oauth2_provider_idtoken_user_id_dd512b59_fk_auth_user_id FOREIGN KEY (user_id) REFERENCES public.auth_user(id) DEFERRABLE INITIALLY DEFERRED;


--
-- Name: oauth2_provider_refreshtoken oauth2_provider_refr_access_token_id_775e84e8_fk_oauth2_pr; Type: FK CONSTRAINT; Schema: public; Owner: postgres
--

ALTER TABLE ONLY public.oauth2_provider_refreshtoken
    ADD CONSTRAINT oauth2_provider_refr_access_token_id_775e84e8_fk_oauth2_pr FOREIGN KEY (access_token_id) REFERENCES public.oauth2_provider_accesstoken(id) DEFERRABLE INITIALLY DEFERRED;


--
-- Name: oauth2_provider_refreshtoken oauth2_provider_refr_application_id_2d1c311b_fk_oauth2_pr; Type: FK CONSTRAINT; Schema: public; Owner: postgres
--

ALTER TABLE ONLY public.oauth2_provider_refreshtoken
    ADD CONSTRAINT oauth2_provider_refr_application_id_2d1c311b_fk_oauth2_pr FOREIGN KEY (application_id) REFERENCES public.oauth2_provider_application(id) DEFERRABLE INITIALLY DEFERRED;


--
-- Name: oauth2_provider_refreshtoken oauth2_provider_refreshtoken_user_id_da837fce_fk_auth_user_id; Type: FK CONSTRAINT; Schema: public; Owner: postgres
--

ALTER TABLE ONLY public.oauth2_provider_refreshtoken
    ADD CONSTRAINT oauth2_provider_refreshtoken_user_id_da837fce_fk_auth_user_id FOREIGN KEY (user_id) REFERENCES public.auth_user(id) DEFERRABLE INITIALLY DEFERRED;


--
-- Name: organizations_organizationmember organizations_organi_organization_id_f26cf71b_fk_organizat; Type: FK CONSTRAINT; Schema: public; Owner: postgres
--

ALTER TABLE ONLY public.organizations_organizationmember
    ADD CONSTRAINT organizations_organi_organization_id_f26cf71b_fk_organizat FOREIGN KEY (organization_id) REFERENCES public.organizations_organization(id) DEFERRABLE INITIALLY DEFERRED;


--
-- Name: organizations_organizationmember organizations_organi_user_id_f3845ee5_fk_auth_user; Type: FK CONSTRAINT; Schema: public; Owner: postgres
--

ALTER TABLE ONLY public.organizations_organizationmember
    ADD CONSTRAINT organizations_organi_user_id_f3845ee5_fk_auth_user FOREIGN KEY (user_id) REFERENCES public.auth_user(id) DEFERRABLE INITIALLY DEFERRED;


--
-- Name: organizations_pendinginvites organizations_pendin_organization_id_e4cfc60c_fk_organizat; Type: FK CONSTRAINT; Schema: public; Owner: postgres
--

ALTER TABLE ONLY public.organizations_pendinginvites
    ADD CONSTRAINT organizations_pendin_organization_id_e4cfc60c_fk_organizat FOREIGN KEY (organization_id) REFERENCES public.organizations_organization(id) DEFERRABLE INITIALLY DEFERRED;


--
-- Name: projects_project projects_project_organization_id_c93e5ca2_fk_organizat; Type: FK CONSTRAINT; Schema: public; Owner: postgres
--

ALTER TABLE ONLY public.projects_project
    ADD CONSTRAINT projects_project_organization_id_c93e5ca2_fk_organizat FOREIGN KEY (organization_id) REFERENCES public.organizations_organization(id) DEFERRABLE INITIALLY DEFERRED;


--
-- Name: projects_projectmember projects_projectmemb_project_id_e589ddea_fk_projects_; Type: FK CONSTRAINT; Schema: public; Owner: postgres
--

ALTER TABLE ONLY public.projects_projectmember
    ADD CONSTRAINT projects_projectmemb_project_id_e589ddea_fk_projects_ FOREIGN KEY (project_id) REFERENCES public.projects_project(id) DEFERRABLE INITIALLY DEFERRED;


--
-- Name: projects_projectmember projects_projectmember_user_id_a475bbd8_fk_auth_user_id; Type: FK CONSTRAINT; Schema: public; Owner: postgres
--

ALTER TABLE ONLY public.projects_projectmember
    ADD CONSTRAINT projects_projectmember_user_id_a475bbd8_fk_auth_user_id FOREIGN KEY (user_id) REFERENCES public.auth_user(id) DEFERRABLE INITIALLY DEFERRED;


--
-- Name: stacks_stack stacks_stack_project_id_fdc58b7d_fk_projects_project_id; Type: FK CONSTRAINT; Schema: public; Owner: postgres
--

ALTER TABLE ONLY public.stacks_stack
    ADD CONSTRAINT stacks_stack_project_id_fdc58b7d_fk_projects_project_id FOREIGN KEY (project_id) REFERENCES public.projects_project(id) DEFERRABLE INITIALLY DEFERRED;


--
-- Name: stacks_stack stacks_stack_purchased_stack_id_71c3ed10_fk_stacks_pu; Type: FK CONSTRAINT; Schema: public; Owner: postgres
--

ALTER TABLE ONLY public.stacks_stack
    ADD CONSTRAINT stacks_stack_purchased_stack_id_71c3ed10_fk_stacks_pu FOREIGN KEY (purchased_stack_id) REFERENCES public.stacks_purchasablestack(id) DEFERRABLE INITIALLY DEFERRED;


--
-- Name: stacks_stackbackend stacks_stackbackend_stack_id_33b2d7de_fk_stacks_stack_id; Type: FK CONSTRAINT; Schema: public; Owner: postgres
--

ALTER TABLE ONLY public.stacks_stackbackend
    ADD CONSTRAINT stacks_stackbackend_stack_id_33b2d7de_fk_stacks_stack_id FOREIGN KEY (stack_id) REFERENCES public.stacks_stack(id) DEFERRABLE INITIALLY DEFERRED;


--
-- Name: stacks_stackdatabase stacks_stackdatabase_stack_id_87aef562_fk_stacks_stack_id; Type: FK CONSTRAINT; Schema: public; Owner: postgres
--

ALTER TABLE ONLY public.stacks_stackdatabase
    ADD CONSTRAINT stacks_stackdatabase_stack_id_87aef562_fk_stacks_stack_id FOREIGN KEY (stack_id) REFERENCES public.stacks_stack(id) DEFERRABLE INITIALLY DEFERRED;


--
-- Name: stacks_stackfrontend stacks_stackfrontend_stack_id_4a04c43a_fk_stacks_stack_id; Type: FK CONSTRAINT; Schema: public; Owner: postgres
--

ALTER TABLE ONLY public.stacks_stackfrontend
    ADD CONSTRAINT stacks_stackfrontend_stack_id_4a04c43a_fk_stacks_stack_id FOREIGN KEY (stack_id) REFERENCES public.stacks_stack(id) DEFERRABLE INITIALLY DEFERRED;


--
-- Name: FUNCTION pg_ls_dir(text, boolean, boolean); Type: ACL; Schema: pg_catalog; Owner: postgres
--

GRANT ALL ON FUNCTION pg_catalog.pg_ls_dir(text, boolean, boolean) TO streaming_replica;


--
-- Name: FUNCTION pg_read_binary_file(text); Type: ACL; Schema: pg_catalog; Owner: postgres
--

GRANT ALL ON FUNCTION pg_catalog.pg_read_binary_file(text) TO streaming_replica;


--
-- Name: FUNCTION pg_read_binary_file(text, bigint, bigint, boolean); Type: ACL; Schema: pg_catalog; Owner: postgres
--

GRANT ALL ON FUNCTION pg_catalog.pg_read_binary_file(text, bigint, bigint, boolean) TO streaming_replica;


--
-- Name: FUNCTION pg_stat_file(filename text, missing_ok boolean, OUT size bigint, OUT access timestamp with time zone, OUT modification timestamp with time zone, OUT change timestamp with time zone, OUT creation timestamp with time zone, OUT isdir boolean); Type: ACL; Schema: pg_catalog; Owner: postgres
--

GRANT ALL ON FUNCTION pg_catalog.pg_stat_file(filename text, missing_ok boolean, OUT size bigint, OUT access timestamp with time zone, OUT modification timestamp with time zone, OUT change timestamp with time zone, OUT creation timestamp with time zone, OUT isdir boolean) TO streaming_replica;


--
-- PostgreSQL database dump complete
--

