--
-- PostgreSQL database dump
--

-- Dumped from database version 17.4
-- Dumped by pg_dump version 17.2

SET statement_timeout = 0;
SET lock_timeout = 0;
SET idle_in_transaction_session_timeout = 0;
SET transaction_timeout = 0;
SET client_encoding = 'UTF8';
SET standard_conforming_strings = on;
SELECT pg_catalog.set_config('search_path', '', false);
SET check_function_bodies = false;
SET xmloption = content;
SET client_min_messages = warning;
SET row_security = off;

--
-- Name: tembo; Type: SCHEMA; Schema: -; Owner: postgres
--

CREATE SCHEMA tembo;


ALTER SCHEMA tembo OWNER TO postgres;

--
-- Name: pg_stat_statements; Type: EXTENSION; Schema: -; Owner: -
--

CREATE EXTENSION IF NOT EXISTS pg_stat_statements WITH SCHEMA public;


--
-- Name: EXTENSION pg_stat_statements; Type: COMMENT; Schema: -; Owner: 
--

COMMENT ON EXTENSION pg_stat_statements IS 'track planning and execution statistics of all SQL statements executed';


--
-- Name: run_heartbeat(); Type: FUNCTION; Schema: public; Owner: postgres
--

CREATE FUNCTION public.run_heartbeat() RETURNS void
    LANGUAGE plpgsql
    AS $$
DECLARE
    schema_exists BOOLEAN;
    table_exists BOOLEAN;
BEGIN
    -- Check if schema exists
    SELECT EXISTS(
        SELECT schema_name
        FROM information_schema.schemata
        WHERE schema_name = 'tembo'
    ) INTO schema_exists;

    -- Create schema if it doesn't exist
    IF NOT schema_exists THEN
        EXECUTE 'CREATE SCHEMA tembo;';
    END IF;

    -- Check if table exists within tembo schema
    SELECT EXISTS(
        SELECT table_name
        FROM information_schema.tables
        WHERE table_schema = 'tembo' AND table_name = 'heartbeat_table'
    ) INTO table_exists;

    -- Create table and index if they don't exist
    IF NOT table_exists THEN
        EXECUTE 'CREATE TABLE tembo.heartbeat_table (
            latest_heartbeat TIMESTAMP NOT NULL
        );';
        EXECUTE 'CREATE INDEX idx_heartbeat ON tembo.heartbeat_table (latest_heartbeat);';
    END IF;

    -- Insert current UTC timestamp into heartbeat_table
    EXECUTE 'INSERT INTO tembo.heartbeat_table (latest_heartbeat)
        VALUES (CURRENT_TIMESTAMP AT TIME ZONE ''UTC'');';

    -- Delete entries older than 7 days
    EXECUTE 'DELETE FROM tembo.heartbeat_table
        WHERE latest_heartbeat < (CURRENT_TIMESTAMP AT TIME ZONE ''UTC'' - INTERVAL ''7 days'');';

END;
$$;


ALTER FUNCTION public.run_heartbeat() OWNER TO postgres;

SET default_tablespace = '';

SET default_table_access_method = heap;

--
-- Name: accounts_userprofile; Type: TABLE; Schema: public; Owner: postgres
--

CREATE TABLE public.accounts_userprofile (
    id character varying(16) NOT NULL,
    birthdate date NOT NULL,
    email_verification_token character varying(256),
    new_email character varying(254),
    user_id integer NOT NULL
);


ALTER TABLE public.accounts_userprofile OWNER TO postgres;

--
-- Name: auth_group; Type: TABLE; Schema: public; Owner: postgres
--

CREATE TABLE public.auth_group (
    id integer NOT NULL,
    name character varying(150) NOT NULL
);


ALTER TABLE public.auth_group OWNER TO postgres;

--
-- Name: auth_group_id_seq; Type: SEQUENCE; Schema: public; Owner: postgres
--

ALTER TABLE public.auth_group ALTER COLUMN id ADD GENERATED BY DEFAULT AS IDENTITY (
    SEQUENCE NAME public.auth_group_id_seq
    START WITH 1
    INCREMENT BY 1
    NO MINVALUE
    NO MAXVALUE
    CACHE 1
);


--
-- Name: auth_group_permissions; Type: TABLE; Schema: public; Owner: postgres
--

CREATE TABLE public.auth_group_permissions (
    id integer NOT NULL,
    group_id integer NOT NULL,
    permission_id integer NOT NULL
);


ALTER TABLE public.auth_group_permissions OWNER TO postgres;

--
-- Name: auth_group_permissions_id_seq; Type: SEQUENCE; Schema: public; Owner: postgres
--

ALTER TABLE public.auth_group_permissions ALTER COLUMN id ADD GENERATED BY DEFAULT AS IDENTITY (
    SEQUENCE NAME public.auth_group_permissions_id_seq
    START WITH 1
    INCREMENT BY 1
    NO MINVALUE
    NO MAXVALUE
    CACHE 1
);


--
-- Name: auth_permission; Type: TABLE; Schema: public; Owner: postgres
--

CREATE TABLE public.auth_permission (
    id integer NOT NULL,
    name character varying(255) NOT NULL,
    content_type_id integer NOT NULL,
    codename character varying(100) NOT NULL
);


ALTER TABLE public.auth_permission OWNER TO postgres;

--
-- Name: auth_permission_id_seq; Type: SEQUENCE; Schema: public; Owner: postgres
--

ALTER TABLE public.auth_permission ALTER COLUMN id ADD GENERATED BY DEFAULT AS IDENTITY (
    SEQUENCE NAME public.auth_permission_id_seq
    START WITH 1
    INCREMENT BY 1
    NO MINVALUE
    NO MAXVALUE
    CACHE 1
);


--
-- Name: auth_user; Type: TABLE; Schema: public; Owner: postgres
--

CREATE TABLE public.auth_user (
    id integer NOT NULL,
    password character varying(128) NOT NULL,
    last_login timestamp with time zone,
    is_superuser boolean NOT NULL,
    username character varying(150) NOT NULL,
    first_name character varying(150) NOT NULL,
    last_name character varying(150) NOT NULL,
    email character varying(254) NOT NULL,
    is_staff boolean NOT NULL,
    is_active boolean NOT NULL,
    date_joined timestamp with time zone NOT NULL
);


ALTER TABLE public.auth_user OWNER TO postgres;

--
-- Name: auth_user_groups; Type: TABLE; Schema: public; Owner: postgres
--

CREATE TABLE public.auth_user_groups (
    id integer NOT NULL,
    user_id integer NOT NULL,
    group_id integer NOT NULL
);


ALTER TABLE public.auth_user_groups OWNER TO postgres;

--
-- Name: auth_user_groups_id_seq; Type: SEQUENCE; Schema: public; Owner: postgres
--

ALTER TABLE public.auth_user_groups ALTER COLUMN id ADD GENERATED BY DEFAULT AS IDENTITY (
    SEQUENCE NAME public.auth_user_groups_id_seq
    START WITH 1
    INCREMENT BY 1
    NO MINVALUE
    NO MAXVALUE
    CACHE 1
);


--
-- Name: auth_user_id_seq; Type: SEQUENCE; Schema: public; Owner: postgres
--

ALTER TABLE public.auth_user ALTER COLUMN id ADD GENERATED BY DEFAULT AS IDENTITY (
    SEQUENCE NAME public.auth_user_id_seq
    START WITH 1
    INCREMENT BY 1
    NO MINVALUE
    NO MAXVALUE
    CACHE 1
);


--
-- Name: auth_user_user_permissions; Type: TABLE; Schema: public; Owner: postgres
--

CREATE TABLE public.auth_user_user_permissions (
    id integer NOT NULL,
    user_id integer NOT NULL,
    permission_id integer NOT NULL
);


ALTER TABLE public.auth_user_user_permissions OWNER TO postgres;

--
-- Name: auth_user_user_permissions_id_seq; Type: SEQUENCE; Schema: public; Owner: postgres
--

ALTER TABLE public.auth_user_user_permissions ALTER COLUMN id ADD GENERATED BY DEFAULT AS IDENTITY (
    SEQUENCE NAME public.auth_user_user_permissions_id_seq
    START WITH 1
    INCREMENT BY 1
    NO MINVALUE
    NO MAXVALUE
    CACHE 1
);


--
-- Name: django_admin_log; Type: TABLE; Schema: public; Owner: postgres
--

CREATE TABLE public.django_admin_log (
    id integer NOT NULL,
    action_time timestamp with time zone NOT NULL,
    object_id text,
    object_repr character varying(200) NOT NULL,
    action_flag smallint NOT NULL,
    change_message text NOT NULL,
    content_type_id integer,
    user_id integer NOT NULL,
    CONSTRAINT django_admin_log_action_flag_check CHECK ((action_flag >= 0))
);


ALTER TABLE public.django_admin_log OWNER TO postgres;

--
-- Name: django_admin_log_id_seq; Type: SEQUENCE; Schema: public; Owner: postgres
--

ALTER TABLE public.django_admin_log ALTER COLUMN id ADD GENERATED BY DEFAULT AS IDENTITY (
    SEQUENCE NAME public.django_admin_log_id_seq
    START WITH 1
    INCREMENT BY 1
    NO MINVALUE
    NO MAXVALUE
    CACHE 1
);


--
-- Name: django_content_type; Type: TABLE; Schema: public; Owner: postgres
--

CREATE TABLE public.django_content_type (
    id integer NOT NULL,
    app_label character varying(100) NOT NULL,
    model character varying(100) NOT NULL
);


ALTER TABLE public.django_content_type OWNER TO postgres;

--
-- Name: django_content_type_id_seq; Type: SEQUENCE; Schema: public; Owner: postgres
--

ALTER TABLE public.django_content_type ALTER COLUMN id ADD GENERATED BY DEFAULT AS IDENTITY (
    SEQUENCE NAME public.django_content_type_id_seq
    START WITH 1
    INCREMENT BY 1
    NO MINVALUE
    NO MAXVALUE
    CACHE 1
);


--
-- Name: django_migrations; Type: TABLE; Schema: public; Owner: postgres
--

CREATE TABLE public.django_migrations (
    id integer NOT NULL,
    app character varying(255) NOT NULL,
    name character varying(255) NOT NULL,
    applied timestamp with time zone NOT NULL
);


ALTER TABLE public.django_migrations OWNER TO postgres;

--
-- Name: django_migrations_id_seq; Type: SEQUENCE; Schema: public; Owner: postgres
--

ALTER TABLE public.django_migrations ALTER COLUMN id ADD GENERATED BY DEFAULT AS IDENTITY (
    SEQUENCE NAME public.django_migrations_id_seq
    START WITH 1
    INCREMENT BY 1
    NO MINVALUE
    NO MAXVALUE
    CACHE 1
);


--
-- Name: django_session; Type: TABLE; Schema: public; Owner: postgres
--

CREATE TABLE public.django_session (
    session_key character varying(40) NOT NULL,
    session_data text NOT NULL,
    expire_date timestamp with time zone NOT NULL
);


ALTER TABLE public.django_session OWNER TO postgres;

--
-- Name: oauth2_provider_accesstoken; Type: TABLE; Schema: public; Owner: postgres
--

CREATE TABLE public.oauth2_provider_accesstoken (
    id bigint NOT NULL,
    token text NOT NULL,
    expires timestamp with time zone NOT NULL,
    scope text NOT NULL,
    application_id bigint,
    user_id integer,
    created timestamp with time zone NOT NULL,
    updated timestamp with time zone NOT NULL,
    source_refresh_token_id bigint,
    id_token_id bigint,
    token_checksum character varying(64) NOT NULL
);


ALTER TABLE public.oauth2_provider_accesstoken OWNER TO postgres;

--
-- Name: oauth2_provider_accesstoken_id_seq; Type: SEQUENCE; Schema: public; Owner: postgres
--

ALTER TABLE public.oauth2_provider_accesstoken ALTER COLUMN id ADD GENERATED BY DEFAULT AS IDENTITY (
    SEQUENCE NAME public.oauth2_provider_accesstoken_id_seq
    START WITH 1
    INCREMENT BY 1
    NO MINVALUE
    NO MAXVALUE
    CACHE 1
);


--
-- Name: oauth2_provider_application; Type: TABLE; Schema: public; Owner: postgres
--

CREATE TABLE public.oauth2_provider_application (
    id bigint NOT NULL,
    client_id character varying(100) NOT NULL,
    redirect_uris text NOT NULL,
    client_type character varying(32) NOT NULL,
    authorization_grant_type character varying(32) NOT NULL,
    client_secret character varying(255) NOT NULL,
    name character varying(255) NOT NULL,
    user_id integer,
    skip_authorization boolean NOT NULL,
    created timestamp with time zone NOT NULL,
    updated timestamp with time zone NOT NULL,
    algorithm character varying(5) NOT NULL,
    post_logout_redirect_uris text NOT NULL,
    hash_client_secret boolean NOT NULL,
    allowed_origins text NOT NULL
);


ALTER TABLE public.oauth2_provider_application OWNER TO postgres;

--
-- Name: oauth2_provider_application_id_seq; Type: SEQUENCE; Schema: public; Owner: postgres
--

ALTER TABLE public.oauth2_provider_application ALTER COLUMN id ADD GENERATED BY DEFAULT AS IDENTITY (
    SEQUENCE NAME public.oauth2_provider_application_id_seq
    START WITH 1
    INCREMENT BY 1
    NO MINVALUE
    NO MAXVALUE
    CACHE 1
);


--
-- Name: oauth2_provider_grant; Type: TABLE; Schema: public; Owner: postgres
--

CREATE TABLE public.oauth2_provider_grant (
    id bigint NOT NULL,
    code character varying(255) NOT NULL,
    expires timestamp with time zone NOT NULL,
    redirect_uri text NOT NULL,
    scope text NOT NULL,
    application_id bigint NOT NULL,
    user_id integer NOT NULL,
    created timestamp with time zone NOT NULL,
    updated timestamp with time zone NOT NULL,
    code_challenge character varying(128) NOT NULL,
    code_challenge_method character varying(10) NOT NULL,
    nonce character varying(255) NOT NULL,
    claims text NOT NULL
);


ALTER TABLE public.oauth2_provider_grant OWNER TO postgres;

--
-- Name: oauth2_provider_grant_id_seq; Type: SEQUENCE; Schema: public; Owner: postgres
--

ALTER TABLE public.oauth2_provider_grant ALTER COLUMN id ADD GENERATED BY DEFAULT AS IDENTITY (
    SEQUENCE NAME public.oauth2_provider_grant_id_seq
    START WITH 1
    INCREMENT BY 1
    NO MINVALUE
    NO MAXVALUE
    CACHE 1
);


--
-- Name: oauth2_provider_idtoken; Type: TABLE; Schema: public; Owner: postgres
--

CREATE TABLE public.oauth2_provider_idtoken (
    id bigint NOT NULL,
    jti uuid NOT NULL,
    expires timestamp with time zone NOT NULL,
    scope text NOT NULL,
    created timestamp with time zone NOT NULL,
    updated timestamp with time zone NOT NULL,
    application_id bigint,
    user_id integer
);


ALTER TABLE public.oauth2_provider_idtoken OWNER TO postgres;

--
-- Name: oauth2_provider_idtoken_id_seq; Type: SEQUENCE; Schema: public; Owner: postgres
--

ALTER TABLE public.oauth2_provider_idtoken ALTER COLUMN id ADD GENERATED BY DEFAULT AS IDENTITY (
    SEQUENCE NAME public.oauth2_provider_idtoken_id_seq
    START WITH 1
    INCREMENT BY 1
    NO MINVALUE
    NO MAXVALUE
    CACHE 1
);


--
-- Name: oauth2_provider_refreshtoken; Type: TABLE; Schema: public; Owner: postgres
--

CREATE TABLE public.oauth2_provider_refreshtoken (
    id bigint NOT NULL,
    token character varying(255) NOT NULL,
    access_token_id bigint,
    application_id bigint NOT NULL,
    user_id integer NOT NULL,
    created timestamp with time zone NOT NULL,
    updated timestamp with time zone NOT NULL,
    revoked timestamp with time zone,
    token_family uuid
);


ALTER TABLE public.oauth2_provider_refreshtoken OWNER TO postgres;

--
-- Name: oauth2_provider_refreshtoken_id_seq; Type: SEQUENCE; Schema: public; Owner: postgres
--

ALTER TABLE public.oauth2_provider_refreshtoken ALTER COLUMN id ADD GENERATED BY DEFAULT AS IDENTITY (
    SEQUENCE NAME public.oauth2_provider_refreshtoken_id_seq
    START WITH 1
    INCREMENT BY 1
    NO MINVALUE
    NO MAXVALUE
    CACHE 1
);


--
-- Name: organizations_organization; Type: TABLE; Schema: public; Owner: postgres
--

CREATE TABLE public.organizations_organization (
    id character varying(16) NOT NULL,
    name character varying(255) NOT NULL,
    email character varying(254) NOT NULL,
    stripe_customer_id character varying(255) NOT NULL,
    created_at timestamp with time zone NOT NULL,
    updated_at timestamp with time zone NOT NULL
);


ALTER TABLE public.organizations_organization OWNER TO postgres;

--
-- Name: organizations_organizationmember; Type: TABLE; Schema: public; Owner: postgres
--

CREATE TABLE public.organizations_organizationmember (
    id character varying(16) NOT NULL,
    role character varying(50) NOT NULL,
    joined_at timestamp with time zone NOT NULL,
    organization_id character varying(16) NOT NULL,
    user_id integer NOT NULL
);


ALTER TABLE public.organizations_organizationmember OWNER TO postgres;

--
-- Name: organizations_pendinginvites; Type: TABLE; Schema: public; Owner: postgres
--

CREATE TABLE public.organizations_pendinginvites (
    id character varying(16) NOT NULL,
    email character varying(254) NOT NULL,
    organization_id character varying(16) NOT NULL
);


ALTER TABLE public.organizations_pendinginvites OWNER TO postgres;

--
-- Name: payments_prices; Type: TABLE; Schema: public; Owner: postgres
--

CREATE TABLE public.payments_prices (
    id character varying(16) NOT NULL,
    name character varying(20) NOT NULL,
    price double precision NOT NULL,
    created_at timestamp with time zone NOT NULL,
    updated_at timestamp with time zone NOT NULL
);


ALTER TABLE public.payments_prices OWNER TO postgres;

--
-- Name: projects_project; Type: TABLE; Schema: public; Owner: postgres
--

CREATE TABLE public.projects_project (
    id character varying(16) NOT NULL,
    name character varying(255) NOT NULL,
    description text NOT NULL,
    created_at timestamp with time zone NOT NULL,
    updated_at timestamp with time zone NOT NULL,
    organization_id character varying(16) NOT NULL
);


ALTER TABLE public.projects_project OWNER TO postgres;

--
-- Name: projects_projectmember; Type: TABLE; Schema: public; Owner: postgres
--

CREATE TABLE public.projects_projectmember (
    id character varying(16) NOT NULL,
    role character varying(50) NOT NULL,
    joined_at timestamp with time zone NOT NULL,
    project_id character varying(16) NOT NULL,
    user_id integer NOT NULL
);


ALTER TABLE public.projects_projectmember OWNER TO postgres;

--
-- Name: stacks_purchasablestack; Type: TABLE; Schema: public; Owner: postgres
--

CREATE TABLE public.stacks_purchasablestack (
    id character varying(16) NOT NULL,
    type character varying(10) NOT NULL,
    variant character varying(10) NOT NULL,
    version character varying(10) NOT NULL,
    price_id character varying(50) NOT NULL,
    created_at timestamp with time zone NOT NULL,
    updated_at timestamp with time zone NOT NULL,
    description character varying NOT NULL,
    name character varying NOT NULL
);


ALTER TABLE public.stacks_purchasablestack OWNER TO postgres;

--
-- Name: stacks_stack; Type: TABLE; Schema: public; Owner: postgres
--

CREATE TABLE public.stacks_stack (
    id character varying(16) NOT NULL,
    name character varying(100) NOT NULL,
    root_directory character varying(100) NOT NULL,
    instance_usage double precision NOT NULL,
    instance_usage_bill_amount double precision NOT NULL,
    created_at timestamp with time zone NOT NULL,
    updated_at timestamp with time zone NOT NULL,
    project_id character varying(16) NOT NULL,
    purchased_stack_id character varying(16) NOT NULL
);


ALTER TABLE public.stacks_stack OWNER TO postgres;

--
-- Name: stacks_stackbackend; Type: TABLE; Schema: public; Owner: postgres
--

CREATE TABLE public.stacks_stackbackend (
    id character varying(16) NOT NULL,
    url character varying(200) NOT NULL,
    root_directory character varying(100) NOT NULL,
    image_url character varying(200) NOT NULL,
    created_at timestamp with time zone NOT NULL,
    updated_at timestamp with time zone NOT NULL,
    stack_id character varying(16) NOT NULL
);


ALTER TABLE public.stacks_stackbackend OWNER TO postgres;

--
-- Name: stacks_stackdatabase; Type: TABLE; Schema: public; Owner: postgres
--

CREATE TABLE public.stacks_stackdatabase (
    id character varying(16) NOT NULL,
    uri character varying(200) NOT NULL,
    created_at timestamp with time zone NOT NULL,
    updated_at timestamp with time zone NOT NULL,
    current_usage integer NOT NULL,
    pending_billed integer NOT NULL,
    stack_id character varying(16) NOT NULL
);


ALTER TABLE public.stacks_stackdatabase OWNER TO postgres;

--
-- Name: stacks_stackfrontend; Type: TABLE; Schema: public; Owner: postgres
--

CREATE TABLE public.stacks_stackfrontend (
    id character varying(16) NOT NULL,
    url character varying(200) NOT NULL,
    root_directory character varying(100) NOT NULL,
    image_url character varying(200) NOT NULL,
    created_at timestamp with time zone NOT NULL,
    updated_at timestamp with time zone NOT NULL,
    stack_id character varying(16) NOT NULL
);


ALTER TABLE public.stacks_stackfrontend OWNER TO postgres;

--
-- Name: heartbeat_table; Type: TABLE; Schema: tembo; Owner: postgres
--

CREATE TABLE tembo.heartbeat_table (
    latest_heartbeat timestamp without time zone NOT NULL
);


ALTER TABLE tembo.heartbeat_table OWNER TO postgres;

--
-- Data for Name: accounts_userprofile; Type: TABLE DATA; Schema: public; Owner: postgres
--

COPY public.accounts_userprofile (id, birthdate, email_verification_token, new_email, user_id) FROM stdin;
407f713565534413	2000-11-27	\N	\N	5
61173dae491e4683	2003-05-19	\N	\N	2
\.


--
-- Data for Name: auth_group; Type: TABLE DATA; Schema: public; Owner: postgres
--

COPY public.auth_group (id, name) FROM stdin;
\.


--
-- Data for Name: auth_group_permissions; Type: TABLE DATA; Schema: public; Owner: postgres
--

COPY public.auth_group_permissions (id, group_id, permission_id) FROM stdin;
\.


--
-- Data for Name: auth_permission; Type: TABLE DATA; Schema: public; Owner: postgres
--

COPY public.auth_permission (id, name, content_type_id, codename) FROM stdin;
1	Can add log entry	1	add_logentry
2	Can change log entry	1	change_logentry
3	Can delete log entry	1	delete_logentry
4	Can view log entry	1	view_logentry
5	Can add permission	2	add_permission
6	Can change permission	2	change_permission
7	Can delete permission	2	delete_permission
8	Can view permission	2	view_permission
9	Can add group	3	add_group
10	Can change group	3	change_group
11	Can delete group	3	delete_group
12	Can view group	3	view_group
13	Can add user	4	add_user
14	Can change user	4	change_user
15	Can delete user	4	delete_user
16	Can view user	4	view_user
17	Can add content type	5	add_contenttype
18	Can change content type	5	change_contenttype
19	Can delete content type	5	delete_contenttype
20	Can view content type	5	view_contenttype
21	Can add session	6	add_session
22	Can change session	6	change_session
23	Can delete session	6	delete_session
24	Can view session	6	view_session
25	Can add application	7	add_application
26	Can change application	7	change_application
27	Can delete application	7	delete_application
28	Can view application	7	view_application
29	Can add access token	8	add_accesstoken
30	Can change access token	8	change_accesstoken
31	Can delete access token	8	delete_accesstoken
32	Can view access token	8	view_accesstoken
33	Can add grant	9	add_grant
34	Can change grant	9	change_grant
35	Can delete grant	9	delete_grant
36	Can view grant	9	view_grant
37	Can add refresh token	10	add_refreshtoken
38	Can change refresh token	10	change_refreshtoken
39	Can delete refresh token	10	delete_refreshtoken
40	Can view refresh token	10	view_refreshtoken
41	Can add id token	11	add_idtoken
42	Can change id token	11	change_idtoken
43	Can delete id token	11	delete_idtoken
44	Can view id token	11	view_idtoken
45	Can add user profile	12	add_userprofile
46	Can change user profile	12	change_userprofile
47	Can delete user profile	12	delete_userprofile
48	Can view user profile	12	view_userprofile
49	Can add webhook	13	add_webhook
50	Can change webhook	13	change_webhook
51	Can delete webhook	13	delete_webhook
52	Can view webhook	13	view_webhook
53	Can add token	14	add_token
54	Can change token	14	change_token
55	Can delete token	14	delete_token
56	Can view token	14	view_token
57	Can add purchasable stack	15	add_purchasablestack
58	Can change purchasable stack	15	change_purchasablestack
59	Can delete purchasable stack	15	delete_purchasablestack
60	Can view purchasable stack	15	view_purchasablestack
61	Can add stack	16	add_stack
62	Can change stack	16	change_stack
63	Can delete stack	16	delete_stack
64	Can view stack	16	view_stack
65	Can add stack backend	17	add_stackbackend
66	Can change stack backend	17	change_stackbackend
67	Can delete stack backend	17	delete_stackbackend
68	Can view stack backend	17	view_stackbackend
69	Can add stack database	18	add_stackdatabase
70	Can change stack database	18	change_stackdatabase
71	Can delete stack database	18	delete_stackdatabase
72	Can view stack database	18	view_stackdatabase
73	Can add stack frontend	19	add_stackfrontend
74	Can change stack frontend	19	change_stackfrontend
75	Can delete stack frontend	19	delete_stackfrontend
76	Can view stack frontend	19	view_stackfrontend
77	Can add project	20	add_project
78	Can change project	20	change_project
79	Can delete project	20	delete_project
80	Can view project	20	view_project
81	Can add project member	21	add_projectmember
82	Can change project member	21	change_projectmember
83	Can delete project member	21	delete_projectmember
84	Can view project member	21	view_projectmember
85	Can add organization	22	add_organization
86	Can change organization	22	change_organization
87	Can delete organization	22	delete_organization
88	Can view organization	22	view_organization
89	Can add organization member	23	add_organizationmember
90	Can change organization member	23	change_organizationmember
91	Can delete organization member	23	delete_organizationmember
92	Can view organization member	23	view_organizationmember
93	Can add prices	24	add_prices
94	Can change prices	24	change_prices
95	Can delete prices	24	delete_prices
96	Can view prices	24	view_prices
97	Can add pending invites	25	add_pendinginvites
98	Can change pending invites	25	change_pendinginvites
99	Can delete pending invites	25	delete_pendinginvites
100	Can view pending invites	25	view_pendinginvites
\.


--
-- Data for Name: auth_user; Type: TABLE DATA; Schema: public; Owner: postgres
--

COPY public.auth_user (id, password, last_login, is_superuser, username, first_name, last_name, email, is_staff, is_active, date_joined) FROM stdin;
5	pbkdf2_sha256$870000$ewoPjzGqhrOVq8Hbs7dO2V$PZCp8vZrmli4rSekurCg4x/RZUvGTWE3EKjLFx+0v7I=	2025-04-24 00:54:30.346537+00	f	Jacob_Wernke_Prod	Jacob	Wernke	Wernkejd@mail.uc.edu	f	t	2025-04-24 00:54:26.082959+00
4	pbkdf2_sha256$870000$EcUmSvUnQcQn4x7GZXSOKt$I/Q35txJsKdBe1dF523zDeYKsYeLYCzO63VSHJNNuQ4=	2025-04-24 01:09:40.440346+00	f	kbish8	Kaleb	Bishop	kalebwbishop+8@gmail.com	f	t	2025-04-24 00:47:12.080606+00
2	pbkdf2_sha256$1000000$Gy3GYsDwon66YvRCT3uYkv$KwNP12zBW1tVjchYWCTUKKTwH6gmj/qBnopTZ/WHQOU=	2025-05-09 04:18:44.94274+00	t	kalebwbishop	Kaleb	Bishop	kalebwbishop@gmail.com	t	t	2025-04-23 01:10:46.248224+00
\.


--
-- Data for Name: auth_user_groups; Type: TABLE DATA; Schema: public; Owner: postgres
--

COPY public.auth_user_groups (id, user_id, group_id) FROM stdin;
\.


--
-- Data for Name: auth_user_user_permissions; Type: TABLE DATA; Schema: public; Owner: postgres
--

COPY public.auth_user_user_permissions (id, user_id, permission_id) FROM stdin;
\.


--
-- Data for Name: django_admin_log; Type: TABLE DATA; Schema: public; Owner: postgres
--

COPY public.django_admin_log (id, action_time, object_id, object_repr, action_flag, change_message, content_type_id, user_id) FROM stdin;
4	2025-04-24 01:08:06.615387+00	8a2c72be9b0e4dde	Django	1	[{"added": {}}]	15	2
\.


--
-- Data for Name: django_content_type; Type: TABLE DATA; Schema: public; Owner: postgres
--

COPY public.django_content_type (id, app_label, model) FROM stdin;
1	admin	logentry
2	auth	permission
3	auth	group
4	auth	user
5	contenttypes	contenttype
6	sessions	session
7	oauth2_provider	application
8	oauth2_provider	accesstoken
9	oauth2_provider	grant
10	oauth2_provider	refreshtoken
11	oauth2_provider	idtoken
12	accounts	userprofile
13	github	webhook
14	github	token
15	stacks	purchasablestack
16	stacks	stack
17	stacks	stackbackend
18	stacks	stackdatabase
19	stacks	stackfrontend
20	projects	project
21	projects	projectmember
22	organizations	organization
23	organizations	organizationmember
24	payments	prices
25	organizations	pendinginvites
\.


--
-- Data for Name: django_migrations; Type: TABLE DATA; Schema: public; Owner: postgres
--

COPY public.django_migrations (id, app, name, applied) FROM stdin;
1	contenttypes	0001_initial	2025-04-22 22:02:40.577616+00
2	auth	0001_initial	2025-04-22 22:02:40.83356+00
3	admin	0001_initial	2025-04-22 22:02:40.906014+00
4	admin	0002_logentry_remove_auto_add	2025-04-22 22:02:40.920123+00
5	admin	0003_logentry_add_action_flag_choices	2025-04-22 22:02:40.950213+00
6	contenttypes	0002_remove_content_type_name	2025-04-22 22:02:41.009661+00
7	auth	0002_alter_permission_name_max_length	2025-04-22 22:02:41.047241+00
8	auth	0003_alter_user_email_max_length	2025-04-22 22:02:41.085071+00
9	auth	0004_alter_user_username_opts	2025-04-22 22:02:41.106405+00
10	auth	0005_alter_user_last_login_null	2025-04-22 22:02:41.151072+00
11	auth	0006_require_contenttypes_0002	2025-04-22 22:02:41.168042+00
12	auth	0007_alter_validators_add_error_messages	2025-04-22 22:02:41.197814+00
13	auth	0008_alter_user_username_max_length	2025-04-22 22:02:41.241872+00
14	auth	0009_alter_user_last_name_max_length	2025-04-22 22:02:41.280972+00
15	auth	0010_alter_group_name_max_length	2025-04-22 22:02:41.318367+00
16	auth	0011_update_proxy_permissions	2025-04-22 22:02:41.34088+00
17	auth	0012_alter_user_first_name_max_length	2025-04-22 22:02:41.3845+00
18	oauth2_provider	0001_initial	2025-04-22 22:02:41.666323+00
19	oauth2_provider	0002_auto_20190406_1805	2025-04-22 22:02:41.731341+00
20	oauth2_provider	0003_auto_20201211_1314	2025-04-22 22:02:41.770441+00
21	oauth2_provider	0004_auto_20200902_2022	2025-04-22 22:02:41.953236+00
22	oauth2_provider	0005_auto_20211222_2352	2025-04-22 22:02:42.075867+00
23	oauth2_provider	0006_alter_application_client_secret	2025-04-22 22:02:42.134233+00
24	oauth2_provider	0007_application_post_logout_redirect_uris	2025-04-22 22:02:42.1816+00
25	oauth2_provider	0008_alter_accesstoken_token	2025-04-22 22:02:42.206502+00
26	oauth2_provider	0009_add_hash_client_secret	2025-04-22 22:02:42.262104+00
27	oauth2_provider	0010_application_allowed_origins	2025-04-22 22:02:42.310712+00
28	oauth2_provider	0011_refreshtoken_token_family	2025-04-22 22:02:42.350384+00
29	oauth2_provider	0012_add_token_checksum	2025-04-22 22:02:42.506172+00
30	organizations	0001_initial	2025-04-22 22:02:42.621887+00
31	payments	0001_initial	2025-04-22 22:02:42.66205+00
32	projects	0001_initial	2025-04-22 22:02:42.807658+00
33	sessions	0001_initial	2025-04-22 22:02:42.8589+00
34	stacks	0001_initial	2025-04-22 22:02:43.156887+00
35	accounts	0001_initial	2025-04-23 01:07:08.189886+00
36	organizations	0002_pendinginvites	2025-04-24 00:44:23.538795+00
37	stacks	0002_purchasablestack_description_purchasablestack_name	2025-04-24 00:44:23.987819+00
\.


--
-- Data for Name: django_session; Type: TABLE DATA; Schema: public; Owner: postgres
--

COPY public.django_session (session_key, session_data, expire_date) FROM stdin;
ojv6e09ne11x13iuwqny8otstdslpv1u	.eJxVjVFLwzAUhf9LnqW0SW7T-dYWJmMo4oOjvpTk5qadGw0mKSrifzeDIfp6zne-88VGvaZ5XCOF8WjZLePs5m9mNJ5ouRT2VS-TL9AvKRxNcUGKaxuLe2_p3F3Zf4JZxzmvK6GkaxqBJIUVoEoAVwruBGhhFWmH3IAFpVWJZUMSNmCwcQZVZUjWJks1IsU4Jp9PsnGqtg-fdRC2PsBHq7jyg_ftEORzH3ud-UAuUJx_B-v7W3zqW3iszukO9oe0dG7YTC-17HZ8z75_ABu9V38:1uDFvn:2Ze6Zocbs6naHYh75U5D8qGZ5hQ5V-jH-KK0BYqwQSI	2025-05-23 05:05:55.13268+00
jo01bf1v751u6t7ki8budo80unnaf520	.eJxVjEEOwiAQRe_C2hCgDKUu3XsGMjOAVA0kpV0Z765NutDtf-_9lwi4rSVsPS1hjuIstDj9boT8SHUH8Y711iS3ui4zyV2RB-3y2mJ6Xg7376BgL986aTtG4xU5tmoEYxMCW6PYDoyA4KN2kHOmyXvHA7Emi0ZNQISgUhbvD9nBOB0:1u7Nhl:BiiwpooOD6WWGUjSPoC5IShmj-E9zrlsUII6DY0cJvg	2025-05-07 00:11:09.631848+00
9jte6r1c39v7ozy4liasdrcvoeczg3nd	.eJxVjcFugzAQRP_F5woRAw7urYmqEqUkOfeC1t41hhJcYRMFVf33OFJUtdeZN2--WQNzsM3saWo6ZM-sYE9_MwX6k8Z7gT2MrUu0G8PUqeSOJI_WJ7VDGjYP9p_AgrdxTUoKrsWKkJQoU2FEJlTJSSuNhDlSBpBmOWFJBUhEbqRYF5wbs8pBy3WUgtbkfRNcPInG5fqyH48Hqi9p12-dt3K39O_n2obL8NpGfiIzkbe_g8GK5eu8J9cGf8q3_u3jiPNmqHaVtFixnxtKDFsq:1uAjrZ:d5RfWiTPbOvhbLLx9yJWSMNbQTtwPSEsvYi2pKI1d7I	2025-05-16 06:27:09.298177+00
1bgbbw3j6i2b1dbywg3houn2eaprt8p3	.eJxVjcFKxDAURf8laylpkzTRnRkVZlEGhBmNm5K8vJjaoaVNWwTx383AILq999xzv0hr1yW2a8K57Ty5IxW5-Zs5Cz0Ol8J_2OF9LGAclrlzxQUprm0qmtHjWV_Zf4JoU8zrkkkelGKAnHkmJBUiUFYFJizzEm2AygkvpJUUqEIuboUDFRzI0iGvXZZaAEypXcZ8ko3ra_dy7jidyl5jDAaOm9bPh_60mOZJZ37GMGOKv4PPh9ptb9P93tT75qge620yp9XHeNiZiZHvH1INWLI:1u8Xg5:ga7YmFNKI0p2NkxwMNMjY_3AKCTxOgKX_JAmwBGXhqs	2025-05-10 05:02:13.999443+00
1gl8269vtxqcfiedddkgwpwszzuq5kns	.eJxVjctOwzAURP_FaxTZySV22IUNlIdSaCUKm-javk4KwUaxAyKIfyeVKgTbmTNnvliLU-rbKdLY7i07Yzk7-ZtpNC_kD4V9Rt-FzASfxr3ODkh2bGN2GywN50f2n6DH2C9rAFRaIBBYS6SEzAsLYHgheYVacF2iVFDm0jngVqHgpIU2yBU57hwuUjSGYmxTWE4W46babuU8dA2Uj-AHbj8hFTf3m1X1lE4vFn4kN1Lsfwd31UN9Pft0Fepmtbu0bx_z-jXUXbNbv0-Sff8AXhRY2w:1u7ysW:rUZXXQIJPXMJuZ25VB8FnMmyweCimyjgk_dDq2EZGzs	2025-05-08 15:52:44.028187+00
\.


--
-- Data for Name: oauth2_provider_accesstoken; Type: TABLE DATA; Schema: public; Owner: postgres
--

COPY public.oauth2_provider_accesstoken (id, token, expires, scope, application_id, user_id, created, updated, source_refresh_token_id, id_token_id, token_checksum) FROM stdin;
3	nAsWdx189ousHuXiJiBnmaobqs6rZq	2025-04-23 02:11:05.558111+00	read write	1	2	2025-04-23 01:11:05.558506+00	2025-04-23 01:11:05.558511+00	\N	\N	30fc1e828ff45e23909c66589b0b5d087b65bd13c966f3997027f4c7e34a981d
4	9YxxlY8DgFesODWiaAIJAL68Y300KR	2025-04-24 01:46:09.488737+00	read write	1	2	2025-04-24 00:46:09.489854+00	2025-04-24 00:46:09.489862+00	\N	\N	cbf5dfe6f402ab57cf2d7eb2e22927fd2e47d38e224680bca621a64d0f9d6237
5	ehfyaZrHWN8JIdpKGmQoSdBV4S96Cp	2025-04-24 01:47:19.523417+00	read write	1	4	2025-04-24 00:47:19.523834+00	2025-04-24 00:47:19.523839+00	\N	\N	35fdfb412240e407c7fb03a7244881d200a4c5c558e341c1ecf30320d4fc1e96
6	yxAKnONeMv0ijCosh9IyjLmMhtvlEg	2025-04-24 01:54:31.857452+00	read write	1	5	2025-04-24 00:54:31.858056+00	2025-04-24 00:54:31.858062+00	\N	\N	4ba30a819bf8b18073c98532389731fb5d631948ab76ebe13f45cab3adfcd06b
7	ZVnpmmt2BczeEbUVng97xwd3lTDcS2	2025-04-24 02:02:32.85254+00	read write	1	2	2025-04-24 01:02:32.853017+00	2025-04-24 01:02:32.853024+00	\N	\N	4e3fbf1116ad568ee9c13f33bb57c33f95f6747e7f53e109170b287fdfd1edc5
8	thi59BvdG6WXQVl2aZE1Soz6eMuoV5	2025-04-24 02:02:42.494543+00	read write	1	4	2025-04-24 01:02:42.49498+00	2025-04-24 01:02:42.494986+00	\N	\N	3e737dde06ff322048453e75f67c94a5bd95e8ad8db2639480aac77777da8091
9	cijfPTr9wf6kohK1XlOOz3F3cI4vhO	2025-04-24 02:09:42.143078+00	read write	1	4	2025-04-24 01:09:42.143659+00	2025-04-24 01:09:42.143667+00	\N	\N	c8368ccc5ec01192d36ca256517ae0982c74d52016b22760993999a5cd5bf7d0
10	uSQJ9cYFLlFCUfvtC8sLN190gf1PAk	2025-04-24 16:50:31.809841+00	read write	1	2	2025-04-24 15:50:31.810405+00	2025-04-24 15:50:31.810413+00	\N	\N	b7dd4500f197f519c5d39d3928a46a84636dca95a543b3735aa26a9b9ee52f64
11	S9TT7zlgO46Y4nl0dy4t3LRSI9Zt5G	2025-04-24 16:51:54.605338+00	read write	1	2	2025-04-24 15:51:54.605727+00	2025-04-24 15:51:54.605732+00	\N	\N	a5f5ef513c25ab1ccc5b5511f69a996cd34ceb5b0f7af773c3363cea7d1623a6
12	7j8dxeOUuP7upLVJRasuXUUDSM9rhP	2025-04-26 00:51:41.968616+00	read write	1	2	2025-04-25 23:51:41.969181+00	2025-04-25 23:51:41.969187+00	\N	\N	cfad874e7c7d40e814c1c4a330aa40f4e727d3c2743b8a6e2f22ea765f9743b0
13	FFISNi6Hi6HaEnYY5w0VKfVNv4T6ir	2025-04-26 03:35:07.527873+00	read write	1	2	2025-04-26 02:35:07.528466+00	2025-04-26 02:35:07.528472+00	\N	\N	4d1a0340e7598e294ab99348fe3f68213d41d62b8442cf905fe3db9389dc8498
14	uXiWli40q1kBehfYcUvBBROkVtYMFB	2025-04-26 06:01:37.042273+00	read write	1	2	2025-04-26 05:01:37.043032+00	2025-04-26 05:01:37.04304+00	\N	\N	7a5fa099997b27a455d6e18b0d498b47e937e5f30716e323e664aab5e7e10564
15	YEyKymfNOLFJt6vnUbfMgw7eATASSD	2025-05-02 03:02:02.322329+00	read write	1	2	2025-05-02 02:02:02.322911+00	2025-05-02 02:02:02.322918+00	\N	\N	b8831b85053abbb412087b74e82c21841d7a7405064f5bfed400f172920a3e6f
16	g1FNy6r3d6W5xA727oYooAYr4VCsCa	2025-05-09 05:18:47.011958+00	read write	1	2	2025-05-09 04:18:47.012723+00	2025-05-09 04:18:47.012733+00	\N	\N	ae0d63ad657099d51acfd8321b0c90be1062ec281e696869248cf91a338dec8b
\.


--
-- Data for Name: oauth2_provider_application; Type: TABLE DATA; Schema: public; Owner: postgres
--

COPY public.oauth2_provider_application (id, client_id, redirect_uris, client_type, authorization_grant_type, client_secret, name, user_id, skip_authorization, created, updated, algorithm, post_logout_redirect_uris, hash_client_secret, allowed_origins) FROM stdin;
1	G5uGZZZnMojr0pRo4MiZDr6FLjkRxk2PrkuR3Ymd		public	password	pbkdf2_sha256$870000$pv6m6uQNiJMpkrAaEAi4sQ$6yRVL/WEneOaQdMmFZ1ul6wS8TJhHWIwZxcYROlIVBc=	Password	\N	f	2025-04-23 00:41:43.960922+00	2025-04-23 00:42:37.129538+00			t	
\.


--
-- Data for Name: oauth2_provider_grant; Type: TABLE DATA; Schema: public; Owner: postgres
--

COPY public.oauth2_provider_grant (id, code, expires, redirect_uri, scope, application_id, user_id, created, updated, code_challenge, code_challenge_method, nonce, claims) FROM stdin;
\.


--
-- Data for Name: oauth2_provider_idtoken; Type: TABLE DATA; Schema: public; Owner: postgres
--

COPY public.oauth2_provider_idtoken (id, jti, expires, scope, created, updated, application_id, user_id) FROM stdin;
\.


--
-- Data for Name: oauth2_provider_refreshtoken; Type: TABLE DATA; Schema: public; Owner: postgres
--

COPY public.oauth2_provider_refreshtoken (id, token, access_token_id, application_id, user_id, created, updated, revoked, token_family) FROM stdin;
3	PsG52JRcPtPdbP9KR5GKNixplXZrkd	3	1	2	2025-04-23 01:11:05.617106+00	2025-04-23 01:11:05.617126+00	\N	02d9ec3b-5124-4d80-8d2a-84aa87c031d6
4	hFlhust65oVBP92AFBKHKiRZJfhK3l	4	1	2	2025-04-24 00:46:09.554955+00	2025-04-24 00:46:09.554974+00	\N	a67b7577-131b-44ea-92ce-e273997296e9
5	HzmBkediDPeXH5Y46vCxF2ntUZQiGF	5	1	4	2025-04-24 00:47:19.58+00	2025-04-24 00:47:19.580037+00	\N	4d5d4959-2317-43e4-a6f2-6acfcf9e16eb
6	lh6ypmKeogtsP4CsGZOduBlHIH9hdH	6	1	5	2025-04-24 00:54:31.914533+00	2025-04-24 00:54:31.914553+00	\N	555b1207-86f4-45ad-9e9b-673bfc307e3a
7	ndoGXSIFDizDFDZQ9Mtam5fB6zKmwB	7	1	2	2025-04-24 01:02:32.914495+00	2025-04-24 01:02:32.914514+00	\N	03badb8f-9e61-41ce-88ac-55797ceca0b4
8	R7frSsxuCHiBp2i271l9YANTmQNZbv	8	1	4	2025-04-24 01:02:42.552531+00	2025-04-24 01:02:42.552552+00	\N	4eeac228-7bc6-4701-aaba-1774766dda97
9	MDmf90aegSJOcsimljCEmasSA2iF36	9	1	4	2025-04-24 01:09:42.199496+00	2025-04-24 01:09:42.199512+00	\N	5096606c-f235-4987-a74c-cfddea0bf25a
10	6OmjPqO6DTOaKGVXw6uxlJ3tCTO1lJ	10	1	2	2025-04-24 15:50:31.867145+00	2025-04-24 15:50:31.867161+00	\N	38f42f67-9967-4a59-926b-fd0d167e5471
11	Q9WAKzntJoAOIXHdpwzPmoAgOXPvu7	11	1	2	2025-04-24 15:51:54.661821+00	2025-04-24 15:51:54.661838+00	\N	fa3d5b96-083f-49ba-b3d3-8e57e2c5412a
12	ijyKS7tHE5k6X6ZXZoJRZ4nHXFc2Ui	12	1	2	2025-04-25 23:51:42.0263+00	2025-04-25 23:51:42.026316+00	\N	b1cd3669-f8d8-41b1-be10-4246f35946d9
13	TW9tsd48nGplCEcvBad1duITxbLDql	13	1	2	2025-04-26 02:35:07.584624+00	2025-04-26 02:35:07.584642+00	\N	30e681e1-5004-4325-8b89-34301e937a40
14	xD6bvZqAIY6IMU8E6vqYVudhhOCYq3	14	1	2	2025-04-26 05:01:37.133125+00	2025-04-26 05:01:37.133144+00	\N	75e52d67-63ed-4d1d-b5b0-ac26000a8fa5
15	cbU53Puhcgfu4E8setv0plhzI2D3wD	15	1	2	2025-05-02 02:02:02.392374+00	2025-05-02 02:02:02.392392+00	\N	4475cf29-1393-4e54-95b3-dde81263f6d9
16	uwqsRCA5P1ltG5KWtnBfY9gZ64BI2K	16	1	2	2025-05-09 04:18:47.071537+00	2025-05-09 04:18:47.071556+00	\N	96f86c98-93da-4d63-9531-76e5b0d781b0
\.


--
-- Data for Name: organizations_organization; Type: TABLE DATA; Schema: public; Owner: postgres
--

COPY public.organizations_organization (id, name, email, stripe_customer_id, created_at, updated_at) FROM stdin;
7fa019faaed64cf0	Jacobs First Project	Wernkejd@mail.uc.edu	cus_SBbG53edPtNirn	2025-04-24 00:54:27.40068+00	2025-04-24 00:54:27.400705+00
368ce32d18f84418	Deploy Box	kalebwbishop+8@gmail.com	cus_SBb8fpW1ejhUHg	2025-04-24 00:47:13.554672+00	2025-04-24 01:27:03.20171+00
\.


--
-- Data for Name: organizations_organizationmember; Type: TABLE DATA; Schema: public; Owner: postgres
--

COPY public.organizations_organizationmember (id, role, joined_at, organization_id, user_id) FROM stdin;
0e5a182483bd4609	admin	2025-04-24 00:54:27.446718+00	7fa019faaed64cf0	5
0f69635836244dab	member	2025-04-24 00:54:27.789133+00	368ce32d18f84418	5
2b6f94d3a485462c	admin	2025-04-24 00:47:13.594385+00	368ce32d18f84418	2
\.


--
-- Data for Name: organizations_pendinginvites; Type: TABLE DATA; Schema: public; Owner: postgres
--

COPY public.organizations_pendinginvites (id, email, organization_id) FROM stdin;
\.


--
-- Data for Name: payments_prices; Type: TABLE DATA; Schema: public; Owner: postgres
--

COPY public.payments_prices (id, name, price, created_at, updated_at) FROM stdin;
\.


--
-- Data for Name: projects_project; Type: TABLE DATA; Schema: public; Owner: postgres
--

COPY public.projects_project (id, name, description, created_at, updated_at, organization_id) FROM stdin;
cbe2d69ee12149d0	Default Project	This is the default project created for you.	2025-04-24 00:47:13.694103+00	2025-04-24 00:47:13.694119+00	368ce32d18f84418
050a9f5f23bd4f1d	Default Project	This is the default project created for you.	2025-04-24 00:54:27.561326+00	2025-04-24 00:54:27.561349+00	7fa019faaed64cf0
\.


--
-- Data for Name: projects_projectmember; Type: TABLE DATA; Schema: public; Owner: postgres
--

COPY public.projects_projectmember (id, role, joined_at, project_id, user_id) FROM stdin;
73b5c2a9dfb64305	admin	2025-04-24 00:47:13.725242+00	cbe2d69ee12149d0	4
aa737ba8f61d43ec	admin	2025-04-24 00:54:27.589742+00	050a9f5f23bd4f1d	5
\.


--
-- Data for Name: stacks_purchasablestack; Type: TABLE DATA; Schema: public; Owner: postgres
--

COPY public.stacks_purchasablestack (id, type, variant, version, price_id, created_at, updated_at, description, name) FROM stdin;
8a2c72be9b0e4dde	Django	FREE	0.0.1	price_1RHEEjC8awKXIVJa0aclW2Dt	2025-04-24 01:08:06.58707+00	2025-04-24 01:08:06.587089+00	check out this stack	Django Stack
\.


--
-- Data for Name: stacks_stack; Type: TABLE DATA; Schema: public; Owner: postgres
--

COPY public.stacks_stack (id, name, root_directory, instance_usage, instance_usage_bill_amount, created_at, updated_at, project_id, purchased_stack_id) FROM stdin;
0c6f36be04ad4bd5	Extraordinary Framework		0	0	2025-04-24 15:01:03.69084+00	2025-04-24 15:01:03.690858+00	cbe2d69ee12149d0	8a2c72be9b0e4dde
a86b97a354414a34	Awesome Service		0	0	2025-04-24 20:17:23.426316+00	2025-04-24 20:17:23.426339+00	cbe2d69ee12149d0	8a2c72be9b0e4dde
d7e55e9e89a94054	Stunning Project		0	0	2025-04-25 20:31:16.589799+00	2025-04-25 20:31:16.589823+00	cbe2d69ee12149d0	8a2c72be9b0e4dde
\.


--
-- Data for Name: stacks_stackbackend; Type: TABLE DATA; Schema: public; Owner: postgres
--

COPY public.stacks_stackbackend (id, url, root_directory, image_url, created_at, updated_at, stack_id) FROM stdin;
\.


--
-- Data for Name: stacks_stackdatabase; Type: TABLE DATA; Schema: public; Owner: postgres
--

COPY public.stacks_stackdatabase (id, uri, created_at, updated_at, current_usage, pending_billed, stack_id) FROM stdin;
\.


--
-- Data for Name: stacks_stackfrontend; Type: TABLE DATA; Schema: public; Owner: postgres
--

COPY public.stacks_stackfrontend (id, url, root_directory, image_url, created_at, updated_at, stack_id) FROM stdin;
36e16ec14d474f1b	https://backend-0c6f36be04ad4bd5-324465057392.us-central1.run.app		gcr.io/deploy-box-prod/django	2025-04-24 15:05:06.916115+00	2025-04-24 15:05:06.945253+00	0c6f36be04ad4bd5
886fbf5db00141a0	https://backend-a86b97a354414a34-324465057392.us-central1.run.app		gcr.io/deploy-box-prod/django	2025-04-24 20:20:26.584409+00	2025-04-24 20:20:26.612292+00	a86b97a354414a34
7119309340504f29	https://backend-d7e55e9e89a94054-324465057392.us-central1.run.app		gcr.io/deploy-box-prod/django	2025-04-25 20:34:39.664614+00	2025-04-25 20:34:39.692708+00	d7e55e9e89a94054
\.


--
-- Data for Name: heartbeat_table; Type: TABLE DATA; Schema: tembo; Owner: postgres
--

COPY tembo.heartbeat_table (latest_heartbeat) FROM stdin;
2025-05-03 02:41:55.846156
2025-05-03 02:41:57.985103
2025-05-03 04:42:48.854595
2025-05-03 04:42:51.053453
2025-05-03 06:43:18.145545
2025-05-03 06:43:20.353415
2025-05-05 15:00:34.232323
2025-05-05 15:00:36.676568
2025-05-05 17:01:20.966689
2025-05-05 17:01:23.43866
2025-05-05 19:01:40.532316
2025-05-05 19:01:43.036637
2025-05-05 21:01:58.267659
2025-05-05 21:02:00.353034
2025-05-05 23:02:55.334457
2025-05-05 23:02:57.297781
2025-05-08 03:45:24.068909
2025-05-08 03:45:26.188216
2025-05-08 05:46:03.970573
2025-05-08 05:46:06.078635
2025-05-08 07:46:09.889688
2025-05-08 07:46:11.868189
2025-05-08 09:46:35.064715
2025-05-08 09:46:37.066544
2025-05-08 11:46:54.370933
2025-05-08 11:46:56.764719
2025-05-08 13:47:24.040013
2025-05-08 13:47:26.189629
2025-05-08 15:47:49.764845
2025-05-08 15:47:52.066776
2025-05-08 17:47:56.265507
2025-05-08 17:47:58.669081
2025-05-08 19:48:42.880364
2025-05-08 19:48:45.39791
2025-05-08 21:48:57.604801
2025-05-08 21:48:59.880246
2025-05-08 23:49:53.115447
2025-05-08 23:49:55.180497
2025-05-09 01:50:44.354538
2025-05-09 01:50:47.286355
2025-05-09 03:51:32.615087
2025-05-09 03:51:34.905267
2025-05-02 04:36:16.265012
2025-05-02 04:36:18.813811
2025-05-02 06:36:36.829615
2025-05-02 06:36:39.112897
2025-05-02 08:37:13.70222
2025-05-02 08:37:15.664603
2025-05-02 10:38:04.961587
2025-05-02 10:38:07.101965
2025-05-02 12:38:35.161058
2025-05-02 12:38:37.131044
2025-05-02 14:39:05.32961
2025-05-02 14:39:07.543441
2025-05-02 16:39:46.852119
2025-05-02 16:39:48.792179
2025-05-02 18:39:54.443425
2025-05-02 18:39:56.57546
2025-05-02 20:40:56.534277
2025-05-02 20:40:58.788204
2025-05-02 22:41:32.025055
2025-05-02 22:41:33.934619
2025-05-03 08:43:24.603933
2025-05-03 08:43:26.654114
2025-05-03 10:44:25.783683
2025-05-03 10:44:27.666537
2025-05-03 12:45:12.013843
2025-05-03 12:45:14.376114
2025-05-03 14:45:38.564383
2025-05-03 14:45:40.464612
2025-05-03 16:45:58.65399
2025-05-03 16:46:00.580927
2025-05-03 18:46:12.85608
2025-05-03 18:46:15.045976
2025-05-03 20:47:08.154148
2025-05-03 20:47:10.532264
2025-05-03 22:48:00.57485
2025-05-03 22:48:02.655327
2025-05-04 00:48:15.51409
2025-05-04 00:48:17.532387
2025-05-04 02:49:04.345684
2025-05-04 02:49:06.473756
2025-05-04 04:49:16.705134
2025-05-04 04:49:18.655766
2025-05-04 06:50:13.166623
2025-05-04 06:50:15.315361
2025-05-04 08:50:24.6866
2025-05-04 08:50:26.907283
2025-05-04 10:51:13.117338
2025-05-04 10:51:15.066777
2025-05-04 12:52:06.98385
2025-05-04 12:52:08.725676
2025-05-04 14:52:34.370773
2025-05-04 14:52:36.346604
2025-05-04 16:53:34.217405
2025-05-04 16:53:36.254628
2025-05-04 18:54:34.224114
2025-05-04 18:54:36.305796
2025-05-04 20:54:55.444384
2025-05-04 20:54:57.337579
2025-05-04 22:55:50.440808
2025-05-04 22:55:52.454945
2025-05-05 00:56:25.41392
2025-05-05 00:56:27.403977
2025-05-05 02:57:11.374533
2025-05-05 02:57:13.864452
2025-05-05 04:58:00.234711
2025-05-05 04:58:02.166577
2025-05-05 06:58:14.934581
2025-05-05 06:58:16.860923
2025-05-05 08:59:13.195109
2025-05-05 08:59:15.15273
2025-05-05 10:59:30.176673
2025-05-05 10:59:32.265833
2025-05-05 12:59:52.376575
2025-05-05 12:59:54.906953
2025-05-06 01:03:49.396175
2025-05-06 01:03:51.507362
2025-05-06 03:03:56.632436
2025-05-06 03:03:58.90695
2025-05-06 05:04:30.246291
2025-05-06 05:04:32.332337
2025-05-03 00:41:43.81569
2025-05-03 00:41:45.82604
2025-05-06 07:05:14.676732
2025-05-06 07:05:16.732273
2025-05-06 09:05:32.032498
2025-05-06 09:05:34.266526
2025-05-06 11:06:11.538843
2025-05-06 11:06:13.732535
2025-05-06 13:07:05.140449
2025-05-06 13:07:07.256781
2025-05-06 15:07:34.367744
2025-05-06 15:07:36.887314
2025-05-06 17:35:57.486126
2025-05-06 17:36:00.36628
2025-05-06 19:36:59.796628
2025-05-06 19:37:02.042815
2025-05-06 21:37:13.746171
2025-05-06 21:37:16.23474
2025-05-06 23:37:37.243314
2025-05-06 23:37:39.214925
2025-05-07 01:38:05.946475
2025-05-07 01:38:08.459824
2025-05-07 03:38:32.746612
2025-05-07 03:38:35.345553
2025-05-07 05:38:41.450488
2025-05-07 05:38:43.945142
2025-05-07 07:39:45.21619
2025-05-07 07:39:47.206343
2025-05-07 09:40:12.455578
2025-05-07 09:40:14.715974
2025-05-07 11:40:20.756462
2025-05-07 11:40:23.046643
2025-05-07 13:41:04.736493
2025-05-07 13:41:07.449531
2025-05-07 15:42:06.777096
2025-05-07 15:42:09.548633
2025-05-07 17:42:53.899075
2025-05-07 17:42:56.083362
2025-05-07 19:43:51.089805
2025-05-07 19:43:53.099232
2025-05-07 21:44:23.366991
2025-05-07 21:44:25.769747
2025-05-07 23:45:08.97181
2025-05-07 23:45:11.064707
2025-05-08 01:45:14.057859
2025-05-08 01:45:15.964835
\.


--
-- Name: auth_group_id_seq; Type: SEQUENCE SET; Schema: public; Owner: postgres
--

SELECT pg_catalog.setval('public.auth_group_id_seq', 1, false);


--
-- Name: auth_group_permissions_id_seq; Type: SEQUENCE SET; Schema: public; Owner: postgres
--

SELECT pg_catalog.setval('public.auth_group_permissions_id_seq', 1, false);


--
-- Name: auth_permission_id_seq; Type: SEQUENCE SET; Schema: public; Owner: postgres
--

SELECT pg_catalog.setval('public.auth_permission_id_seq', 100, true);


--
-- Name: auth_user_groups_id_seq; Type: SEQUENCE SET; Schema: public; Owner: postgres
--

SELECT pg_catalog.setval('public.auth_user_groups_id_seq', 1, false);


--
-- Name: auth_user_id_seq; Type: SEQUENCE SET; Schema: public; Owner: postgres
--

SELECT pg_catalog.setval('public.auth_user_id_seq', 5, true);


--
-- Name: auth_user_user_permissions_id_seq; Type: SEQUENCE SET; Schema: public; Owner: postgres
--

SELECT pg_catalog.setval('public.auth_user_user_permissions_id_seq', 1, false);


--
-- Name: django_admin_log_id_seq; Type: SEQUENCE SET; Schema: public; Owner: postgres
--

SELECT pg_catalog.setval('public.django_admin_log_id_seq', 4, true);


--
-- Name: django_content_type_id_seq; Type: SEQUENCE SET; Schema: public; Owner: postgres
--

SELECT pg_catalog.setval('public.django_content_type_id_seq', 25, true);


--
-- Name: django_migrations_id_seq; Type: SEQUENCE SET; Schema: public; Owner: postgres
--

SELECT pg_catalog.setval('public.django_migrations_id_seq', 37, true);


--
-- Name: oauth2_provider_accesstoken_id_seq; Type: SEQUENCE SET; Schema: public; Owner: postgres
--

SELECT pg_catalog.setval('public.oauth2_provider_accesstoken_id_seq', 16, true);


--
-- Name: oauth2_provider_application_id_seq; Type: SEQUENCE SET; Schema: public; Owner: postgres
--

SELECT pg_catalog.setval('public.oauth2_provider_application_id_seq', 1, true);


--
-- Name: oauth2_provider_grant_id_seq; Type: SEQUENCE SET; Schema: public; Owner: postgres
--

SELECT pg_catalog.setval('public.oauth2_provider_grant_id_seq', 1, false);


--
-- Name: oauth2_provider_idtoken_id_seq; Type: SEQUENCE SET; Schema: public; Owner: postgres
--

SELECT pg_catalog.setval('public.oauth2_provider_idtoken_id_seq', 1, false);


--
-- Name: oauth2_provider_refreshtoken_id_seq; Type: SEQUENCE SET; Schema: public; Owner: postgres
--

SELECT pg_catalog.setval('public.oauth2_provider_refreshtoken_id_seq', 16, true);


--
-- Name: accounts_userprofile accounts_userprofile_pkey; Type: CONSTRAINT; Schema: public; Owner: postgres
--

ALTER TABLE ONLY public.accounts_userprofile
    ADD CONSTRAINT accounts_userprofile_pkey PRIMARY KEY (id);


--
-- Name: accounts_userprofile accounts_userprofile_user_id_key; Type: CONSTRAINT; Schema: public; Owner: postgres
--

ALTER TABLE ONLY public.accounts_userprofile
    ADD CONSTRAINT accounts_userprofile_user_id_key UNIQUE (user_id);


--
-- Name: auth_group auth_group_name_key; Type: CONSTRAINT; Schema: public; Owner: postgres
--

ALTER TABLE ONLY public.auth_group
    ADD CONSTRAINT auth_group_name_key UNIQUE (name);


--
-- Name: auth_group_permissions auth_group_permissions_group_id_permission_id_0cd325b0_uniq; Type: CONSTRAINT; Schema: public; Owner: postgres
--

ALTER TABLE ONLY public.auth_group_permissions
    ADD CONSTRAINT auth_group_permissions_group_id_permission_id_0cd325b0_uniq UNIQUE (group_id, permission_id);


--
-- Name: auth_group_permissions auth_group_permissions_pkey; Type: CONSTRAINT; Schema: public; Owner: postgres
--

ALTER TABLE ONLY public.auth_group_permissions
    ADD CONSTRAINT auth_group_permissions_pkey PRIMARY KEY (id);


--
-- Name: auth_group auth_group_pkey; Type: CONSTRAINT; Schema: public; Owner: postgres
--

ALTER TABLE ONLY public.auth_group
    ADD CONSTRAINT auth_group_pkey PRIMARY KEY (id);


--
-- Name: auth_permission auth_permission_content_type_id_codename_01ab375a_uniq; Type: CONSTRAINT; Schema: public; Owner: postgres
--

ALTER TABLE ONLY public.auth_permission
    ADD CONSTRAINT auth_permission_content_type_id_codename_01ab375a_uniq UNIQUE (content_type_id, codename);


--
-- Name: auth_permission auth_permission_pkey; Type: CONSTRAINT; Schema: public; Owner: postgres
--

ALTER TABLE ONLY public.auth_permission
    ADD CONSTRAINT auth_permission_pkey PRIMARY KEY (id);


--
-- Name: auth_user_groups auth_user_groups_pkey; Type: CONSTRAINT; Schema: public; Owner: postgres
--

ALTER TABLE ONLY public.auth_user_groups
    ADD CONSTRAINT auth_user_groups_pkey PRIMARY KEY (id);


--
-- Name: auth_user_groups auth_user_groups_user_id_group_id_94350c0c_uniq; Type: CONSTRAINT; Schema: public; Owner: postgres
--

ALTER TABLE ONLY public.auth_user_groups
    ADD CONSTRAINT auth_user_groups_user_id_group_id_94350c0c_uniq UNIQUE (user_id, group_id);


--
-- Name: auth_user auth_user_pkey; Type: CONSTRAINT; Schema: public; Owner: postgres
--

ALTER TABLE ONLY public.auth_user
    ADD CONSTRAINT auth_user_pkey PRIMARY KEY (id);


--
-- Name: auth_user_user_permissions auth_user_user_permissions_pkey; Type: CONSTRAINT; Schema: public; Owner: postgres
--

ALTER TABLE ONLY public.auth_user_user_permissions
    ADD CONSTRAINT auth_user_user_permissions_pkey PRIMARY KEY (id);


--
-- Name: auth_user_user_permissions auth_user_user_permissions_user_id_permission_id_14a6b632_uniq; Type: CONSTRAINT; Schema: public; Owner: postgres
--

ALTER TABLE ONLY public.auth_user_user_permissions
    ADD CONSTRAINT auth_user_user_permissions_user_id_permission_id_14a6b632_uniq UNIQUE (user_id, permission_id);


--
-- Name: auth_user auth_user_username_key; Type: CONSTRAINT; Schema: public; Owner: postgres
--

ALTER TABLE ONLY public.auth_user
    ADD CONSTRAINT auth_user_username_key UNIQUE (username);


--
-- Name: django_admin_log django_admin_log_pkey; Type: CONSTRAINT; Schema: public; Owner: postgres
--

ALTER TABLE ONLY public.django_admin_log
    ADD CONSTRAINT django_admin_log_pkey PRIMARY KEY (id);


--
-- Name: django_content_type django_content_type_app_label_model_76bd3d3b_uniq; Type: CONSTRAINT; Schema: public; Owner: postgres
--

ALTER TABLE ONLY public.django_content_type
    ADD CONSTRAINT django_content_type_app_label_model_76bd3d3b_uniq UNIQUE (app_label, model);


--
-- Name: django_content_type django_content_type_pkey; Type: CONSTRAINT; Schema: public; Owner: postgres
--

ALTER TABLE ONLY public.django_content_type
    ADD CONSTRAINT django_content_type_pkey PRIMARY KEY (id);


--
-- Name: django_migrations django_migrations_pkey; Type: CONSTRAINT; Schema: public; Owner: postgres
--

ALTER TABLE ONLY public.django_migrations
    ADD CONSTRAINT django_migrations_pkey PRIMARY KEY (id);


--
-- Name: django_session django_session_pkey; Type: CONSTRAINT; Schema: public; Owner: postgres
--

ALTER TABLE ONLY public.django_session
    ADD CONSTRAINT django_session_pkey PRIMARY KEY (session_key);


--
-- Name: oauth2_provider_accesstoken oauth2_provider_accesstoken_id_token_id_key; Type: CONSTRAINT; Schema: public; Owner: postgres
--

ALTER TABLE ONLY public.oauth2_provider_accesstoken
    ADD CONSTRAINT oauth2_provider_accesstoken_id_token_id_key UNIQUE (id_token_id);


--
-- Name: oauth2_provider_accesstoken oauth2_provider_accesstoken_pkey; Type: CONSTRAINT; Schema: public; Owner: postgres
--

ALTER TABLE ONLY public.oauth2_provider_accesstoken
    ADD CONSTRAINT oauth2_provider_accesstoken_pkey PRIMARY KEY (id);


--
-- Name: oauth2_provider_accesstoken oauth2_provider_accesstoken_source_refresh_token_id_key; Type: CONSTRAINT; Schema: public; Owner: postgres
--

ALTER TABLE ONLY public.oauth2_provider_accesstoken
    ADD CONSTRAINT oauth2_provider_accesstoken_source_refresh_token_id_key UNIQUE (source_refresh_token_id);


--
-- Name: oauth2_provider_accesstoken oauth2_provider_accesstoken_token_checksum_85319a26_uniq; Type: CONSTRAINT; Schema: public; Owner: postgres
--

ALTER TABLE ONLY public.oauth2_provider_accesstoken
    ADD CONSTRAINT oauth2_provider_accesstoken_token_checksum_85319a26_uniq UNIQUE (token_checksum);


--
-- Name: oauth2_provider_application oauth2_provider_application_client_id_key; Type: CONSTRAINT; Schema: public; Owner: postgres
--

ALTER TABLE ONLY public.oauth2_provider_application
    ADD CONSTRAINT oauth2_provider_application_client_id_key UNIQUE (client_id);


--
-- Name: oauth2_provider_application oauth2_provider_application_pkey; Type: CONSTRAINT; Schema: public; Owner: postgres
--

ALTER TABLE ONLY public.oauth2_provider_application
    ADD CONSTRAINT oauth2_provider_application_pkey PRIMARY KEY (id);


--
-- Name: oauth2_provider_grant oauth2_provider_grant_code_key; Type: CONSTRAINT; Schema: public; Owner: postgres
--

ALTER TABLE ONLY public.oauth2_provider_grant
    ADD CONSTRAINT oauth2_provider_grant_code_key UNIQUE (code);


--
-- Name: oauth2_provider_grant oauth2_provider_grant_pkey; Type: CONSTRAINT; Schema: public; Owner: postgres
--

ALTER TABLE ONLY public.oauth2_provider_grant
    ADD CONSTRAINT oauth2_provider_grant_pkey PRIMARY KEY (id);


--
-- Name: oauth2_provider_idtoken oauth2_provider_idtoken_jti_key; Type: CONSTRAINT; Schema: public; Owner: postgres
--

ALTER TABLE ONLY public.oauth2_provider_idtoken
    ADD CONSTRAINT oauth2_provider_idtoken_jti_key UNIQUE (jti);


--
-- Name: oauth2_provider_idtoken oauth2_provider_idtoken_pkey; Type: CONSTRAINT; Schema: public; Owner: postgres
--

ALTER TABLE ONLY public.oauth2_provider_idtoken
    ADD CONSTRAINT oauth2_provider_idtoken_pkey PRIMARY KEY (id);


--
-- Name: oauth2_provider_refreshtoken oauth2_provider_refreshtoken_access_token_id_key; Type: CONSTRAINT; Schema: public; Owner: postgres
--

ALTER TABLE ONLY public.oauth2_provider_refreshtoken
    ADD CONSTRAINT oauth2_provider_refreshtoken_access_token_id_key UNIQUE (access_token_id);


--
-- Name: oauth2_provider_refreshtoken oauth2_provider_refreshtoken_pkey; Type: CONSTRAINT; Schema: public; Owner: postgres
--

ALTER TABLE ONLY public.oauth2_provider_refreshtoken
    ADD CONSTRAINT oauth2_provider_refreshtoken_pkey PRIMARY KEY (id);


--
-- Name: oauth2_provider_refreshtoken oauth2_provider_refreshtoken_token_revoked_af8a5134_uniq; Type: CONSTRAINT; Schema: public; Owner: postgres
--

ALTER TABLE ONLY public.oauth2_provider_refreshtoken
    ADD CONSTRAINT oauth2_provider_refreshtoken_token_revoked_af8a5134_uniq UNIQUE (token, revoked);


--
-- Name: organizations_organization organizations_organization_pkey; Type: CONSTRAINT; Schema: public; Owner: postgres
--

ALTER TABLE ONLY public.organizations_organization
    ADD CONSTRAINT organizations_organization_pkey PRIMARY KEY (id);


--
-- Name: organizations_organizationmember organizations_organizationmember_pkey; Type: CONSTRAINT; Schema: public; Owner: postgres
--

ALTER TABLE ONLY public.organizations_organizationmember
    ADD CONSTRAINT organizations_organizationmember_pkey PRIMARY KEY (id);


--
-- Name: organizations_pendinginvites organizations_pendinginvites_pkey; Type: CONSTRAINT; Schema: public; Owner: postgres
--

ALTER TABLE ONLY public.organizations_pendinginvites
    ADD CONSTRAINT organizations_pendinginvites_pkey PRIMARY KEY (id);


--
-- Name: payments_prices payments_prices_pkey; Type: CONSTRAINT; Schema: public; Owner: postgres
--

ALTER TABLE ONLY public.payments_prices
    ADD CONSTRAINT payments_prices_pkey PRIMARY KEY (id);


--
-- Name: projects_project projects_project_pkey; Type: CONSTRAINT; Schema: public; Owner: postgres
--

ALTER TABLE ONLY public.projects_project
    ADD CONSTRAINT projects_project_pkey PRIMARY KEY (id);


--
-- Name: projects_projectmember projects_projectmember_pkey; Type: CONSTRAINT; Schema: public; Owner: postgres
--

ALTER TABLE ONLY public.projects_projectmember
    ADD CONSTRAINT projects_projectmember_pkey PRIMARY KEY (id);


--
-- Name: stacks_purchasablestack stacks_purchasablestack_pkey; Type: CONSTRAINT; Schema: public; Owner: postgres
--

ALTER TABLE ONLY public.stacks_purchasablestack
    ADD CONSTRAINT stacks_purchasablestack_pkey PRIMARY KEY (id);


--
-- Name: stacks_stack stacks_stack_pkey; Type: CONSTRAINT; Schema: public; Owner: postgres
--

ALTER TABLE ONLY public.stacks_stack
    ADD CONSTRAINT stacks_stack_pkey PRIMARY KEY (id);


--
-- Name: stacks_stackbackend stacks_stackbackend_pkey; Type: CONSTRAINT; Schema: public; Owner: postgres
--

ALTER TABLE ONLY public.stacks_stackbackend
    ADD CONSTRAINT stacks_stackbackend_pkey PRIMARY KEY (id);


--
-- Name: stacks_stackdatabase stacks_stackdatabase_pkey; Type: CONSTRAINT; Schema: public; Owner: postgres
--

ALTER TABLE ONLY public.stacks_stackdatabase
    ADD CONSTRAINT stacks_stackdatabase_pkey PRIMARY KEY (id);


--
-- Name: stacks_stackfrontend stacks_stackfrontend_pkey; Type: CONSTRAINT; Schema: public; Owner: postgres
--

ALTER TABLE ONLY public.stacks_stackfrontend
    ADD CONSTRAINT stacks_stackfrontend_pkey PRIMARY KEY (id);


--
-- Name: stacks_stack unique_stack_name_per_project; Type: CONSTRAINT; Schema: public; Owner: postgres
--

ALTER TABLE ONLY public.stacks_stack
    ADD CONSTRAINT unique_stack_name_per_project UNIQUE (project_id, name);


--
-- Name: accounts_userprofile_id_28689257_like; Type: INDEX; Schema: public; Owner: postgres
--

CREATE INDEX accounts_userprofile_id_28689257_like ON public.accounts_userprofile USING btree (id varchar_pattern_ops);


--
-- Name: auth_group_name_a6ea08ec_like; Type: INDEX; Schema: public; Owner: postgres
--

CREATE INDEX auth_group_name_a6ea08ec_like ON public.auth_group USING btree (name varchar_pattern_ops);


--
-- Name: auth_group_permissions_group_id_b120cbf9; Type: INDEX; Schema: public; Owner: postgres
--

CREATE INDEX auth_group_permissions_group_id_b120cbf9 ON public.auth_group_permissions USING btree (group_id);


--
-- Name: auth_group_permissions_permission_id_84c5c92e; Type: INDEX; Schema: public; Owner: postgres
--

CREATE INDEX auth_group_permissions_permission_id_84c5c92e ON public.auth_group_permissions USING btree (permission_id);


--
-- Name: auth_permission_content_type_id_2f476e4b; Type: INDEX; Schema: public; Owner: postgres
--

CREATE INDEX auth_permission_content_type_id_2f476e4b ON public.auth_permission USING btree (content_type_id);


--
-- Name: auth_user_groups_group_id_97559544; Type: INDEX; Schema: public; Owner: postgres
--

CREATE INDEX auth_user_groups_group_id_97559544 ON public.auth_user_groups USING btree (group_id);


--
-- Name: auth_user_groups_user_id_6a12ed8b; Type: INDEX; Schema: public; Owner: postgres
--

CREATE INDEX auth_user_groups_user_id_6a12ed8b ON public.auth_user_groups USING btree (user_id);


--
-- Name: auth_user_user_permissions_permission_id_1fbb5f2c; Type: INDEX; Schema: public; Owner: postgres
--

CREATE INDEX auth_user_user_permissions_permission_id_1fbb5f2c ON public.auth_user_user_permissions USING btree (permission_id);


--
-- Name: auth_user_user_permissions_user_id_a95ead1b; Type: INDEX; Schema: public; Owner: postgres
--

CREATE INDEX auth_user_user_permissions_user_id_a95ead1b ON public.auth_user_user_permissions USING btree (user_id);


--
-- Name: auth_user_username_6821ab7c_like; Type: INDEX; Schema: public; Owner: postgres
--

CREATE INDEX auth_user_username_6821ab7c_like ON public.auth_user USING btree (username varchar_pattern_ops);


--
-- Name: django_admin_log_content_type_id_c4bce8eb; Type: INDEX; Schema: public; Owner: postgres
--

CREATE INDEX django_admin_log_content_type_id_c4bce8eb ON public.django_admin_log USING btree (content_type_id);


--
-- Name: django_admin_log_user_id_c564eba6; Type: INDEX; Schema: public; Owner: postgres
--

CREATE INDEX django_admin_log_user_id_c564eba6 ON public.django_admin_log USING btree (user_id);


--
-- Name: django_session_expire_date_a5c62663; Type: INDEX; Schema: public; Owner: postgres
--

CREATE INDEX django_session_expire_date_a5c62663 ON public.django_session USING btree (expire_date);


--
-- Name: django_session_session_key_c0390e0f_like; Type: INDEX; Schema: public; Owner: postgres
--

CREATE INDEX django_session_session_key_c0390e0f_like ON public.django_session USING btree (session_key varchar_pattern_ops);


--
-- Name: oauth2_provider_accesstoken_application_id_b22886e1; Type: INDEX; Schema: public; Owner: postgres
--

CREATE INDEX oauth2_provider_accesstoken_application_id_b22886e1 ON public.oauth2_provider_accesstoken USING btree (application_id);


--
-- Name: oauth2_provider_accesstoken_token_checksum_85319a26_like; Type: INDEX; Schema: public; Owner: postgres
--

CREATE INDEX oauth2_provider_accesstoken_token_checksum_85319a26_like ON public.oauth2_provider_accesstoken USING btree (token_checksum varchar_pattern_ops);


--
-- Name: oauth2_provider_accesstoken_user_id_6e4c9a65; Type: INDEX; Schema: public; Owner: postgres
--

CREATE INDEX oauth2_provider_accesstoken_user_id_6e4c9a65 ON public.oauth2_provider_accesstoken USING btree (user_id);


--
-- Name: oauth2_provider_application_client_id_03f0cc84_like; Type: INDEX; Schema: public; Owner: postgres
--

CREATE INDEX oauth2_provider_application_client_id_03f0cc84_like ON public.oauth2_provider_application USING btree (client_id varchar_pattern_ops);


--
-- Name: oauth2_provider_application_client_secret_53133678; Type: INDEX; Schema: public; Owner: postgres
--

CREATE INDEX oauth2_provider_application_client_secret_53133678 ON public.oauth2_provider_application USING btree (client_secret);


--
-- Name: oauth2_provider_application_client_secret_53133678_like; Type: INDEX; Schema: public; Owner: postgres
--

CREATE INDEX oauth2_provider_application_client_secret_53133678_like ON public.oauth2_provider_application USING btree (client_secret varchar_pattern_ops);


--
-- Name: oauth2_provider_application_user_id_79829054; Type: INDEX; Schema: public; Owner: postgres
--

CREATE INDEX oauth2_provider_application_user_id_79829054 ON public.oauth2_provider_application USING btree (user_id);


--
-- Name: oauth2_provider_grant_application_id_81923564; Type: INDEX; Schema: public; Owner: postgres
--

CREATE INDEX oauth2_provider_grant_application_id_81923564 ON public.oauth2_provider_grant USING btree (application_id);


--
-- Name: oauth2_provider_grant_code_49ab4ddf_like; Type: INDEX; Schema: public; Owner: postgres
--

CREATE INDEX oauth2_provider_grant_code_49ab4ddf_like ON public.oauth2_provider_grant USING btree (code varchar_pattern_ops);


--
-- Name: oauth2_provider_grant_user_id_e8f62af8; Type: INDEX; Schema: public; Owner: postgres
--

CREATE INDEX oauth2_provider_grant_user_id_e8f62af8 ON public.oauth2_provider_grant USING btree (user_id);


--
-- Name: oauth2_provider_idtoken_application_id_08c5ff4f; Type: INDEX; Schema: public; Owner: postgres
--

CREATE INDEX oauth2_provider_idtoken_application_id_08c5ff4f ON public.oauth2_provider_idtoken USING btree (application_id);


--
-- Name: oauth2_provider_idtoken_user_id_dd512b59; Type: INDEX; Schema: public; Owner: postgres
--

CREATE INDEX oauth2_provider_idtoken_user_id_dd512b59 ON public.oauth2_provider_idtoken USING btree (user_id);


--
-- Name: oauth2_provider_refreshtoken_application_id_2d1c311b; Type: INDEX; Schema: public; Owner: postgres
--

CREATE INDEX oauth2_provider_refreshtoken_application_id_2d1c311b ON public.oauth2_provider_refreshtoken USING btree (application_id);


--
-- Name: oauth2_provider_refreshtoken_user_id_da837fce; Type: INDEX; Schema: public; Owner: postgres
--

CREATE INDEX oauth2_provider_refreshtoken_user_id_da837fce ON public.oauth2_provider_refreshtoken USING btree (user_id);


--
-- Name: organizations_organization_id_bebf67bb_like; Type: INDEX; Schema: public; Owner: postgres
--

CREATE INDEX organizations_organization_id_bebf67bb_like ON public.organizations_organization USING btree (id varchar_pattern_ops);


--
-- Name: organizations_organizationmember_id_a04ed2b5_like; Type: INDEX; Schema: public; Owner: postgres
--

CREATE INDEX organizations_organizationmember_id_a04ed2b5_like ON public.organizations_organizationmember USING btree (id varchar_pattern_ops);


--
-- Name: organizations_organizationmember_organization_id_f26cf71b; Type: INDEX; Schema: public; Owner: postgres
--

CREATE INDEX organizations_organizationmember_organization_id_f26cf71b ON public.organizations_organizationmember USING btree (organization_id);


--
-- Name: organizations_organizationmember_organization_id_f26cf71b_like; Type: INDEX; Schema: public; Owner: postgres
--

CREATE INDEX organizations_organizationmember_organization_id_f26cf71b_like ON public.organizations_organizationmember USING btree (organization_id varchar_pattern_ops);


--
-- Name: organizations_organizationmember_user_id_f3845ee5; Type: INDEX; Schema: public; Owner: postgres
--

CREATE INDEX organizations_organizationmember_user_id_f3845ee5 ON public.organizations_organizationmember USING btree (user_id);


--
-- Name: organizations_pendinginvites_id_af5af1f8_like; Type: INDEX; Schema: public; Owner: postgres
--

CREATE INDEX organizations_pendinginvites_id_af5af1f8_like ON public.organizations_pendinginvites USING btree (id varchar_pattern_ops);


--
-- Name: organizations_pendinginvites_organization_id_e4cfc60c; Type: INDEX; Schema: public; Owner: postgres
--

CREATE INDEX organizations_pendinginvites_organization_id_e4cfc60c ON public.organizations_pendinginvites USING btree (organization_id);


--
-- Name: organizations_pendinginvites_organization_id_e4cfc60c_like; Type: INDEX; Schema: public; Owner: postgres
--

CREATE INDEX organizations_pendinginvites_organization_id_e4cfc60c_like ON public.organizations_pendinginvites USING btree (organization_id varchar_pattern_ops);


--
-- Name: payments_prices_id_21efe41b_like; Type: INDEX; Schema: public; Owner: postgres
--

CREATE INDEX payments_prices_id_21efe41b_like ON public.payments_prices USING btree (id varchar_pattern_ops);


--
-- Name: projects_project_id_12b5a625_like; Type: INDEX; Schema: public; Owner: postgres
--

CREATE INDEX projects_project_id_12b5a625_like ON public.projects_project USING btree (id varchar_pattern_ops);


--
-- Name: projects_project_organization_id_c93e5ca2; Type: INDEX; Schema: public; Owner: postgres
--

CREATE INDEX projects_project_organization_id_c93e5ca2 ON public.projects_project USING btree (organization_id);


--
-- Name: projects_project_organization_id_c93e5ca2_like; Type: INDEX; Schema: public; Owner: postgres
--

CREATE INDEX projects_project_organization_id_c93e5ca2_like ON public.projects_project USING btree (organization_id varchar_pattern_ops);


--
-- Name: projects_projectmember_id_bff7cfa3_like; Type: INDEX; Schema: public; Owner: postgres
--

CREATE INDEX projects_projectmember_id_bff7cfa3_like ON public.projects_projectmember USING btree (id varchar_pattern_ops);


--
-- Name: projects_projectmember_project_id_e589ddea; Type: INDEX; Schema: public; Owner: postgres
--

CREATE INDEX projects_projectmember_project_id_e589ddea ON public.projects_projectmember USING btree (project_id);


--
-- Name: projects_projectmember_project_id_e589ddea_like; Type: INDEX; Schema: public; Owner: postgres
--

CREATE INDEX projects_projectmember_project_id_e589ddea_like ON public.projects_projectmember USING btree (project_id varchar_pattern_ops);


--
-- Name: projects_projectmember_user_id_a475bbd8; Type: INDEX; Schema: public; Owner: postgres
--

CREATE INDEX projects_projectmember_user_id_a475bbd8 ON public.projects_projectmember USING btree (user_id);


--
-- Name: stacks_purchasablestack_id_a30a9922_like; Type: INDEX; Schema: public; Owner: postgres
--

CREATE INDEX stacks_purchasablestack_id_a30a9922_like ON public.stacks_purchasablestack USING btree (id varchar_pattern_ops);


--
-- Name: stacks_stack_id_28f447a3_like; Type: INDEX; Schema: public; Owner: postgres
--

CREATE INDEX stacks_stack_id_28f447a3_like ON public.stacks_stack USING btree (id varchar_pattern_ops);


--
-- Name: stacks_stack_project_id_fdc58b7d; Type: INDEX; Schema: public; Owner: postgres
--

CREATE INDEX stacks_stack_project_id_fdc58b7d ON public.stacks_stack USING btree (project_id);


--
-- Name: stacks_stack_project_id_fdc58b7d_like; Type: INDEX; Schema: public; Owner: postgres
--

CREATE INDEX stacks_stack_project_id_fdc58b7d_like ON public.stacks_stack USING btree (project_id varchar_pattern_ops);


--
-- Name: stacks_stack_purchased_stack_id_71c3ed10; Type: INDEX; Schema: public; Owner: postgres
--

CREATE INDEX stacks_stack_purchased_stack_id_71c3ed10 ON public.stacks_stack USING btree (purchased_stack_id);


--
-- Name: stacks_stack_purchased_stack_id_71c3ed10_like; Type: INDEX; Schema: public; Owner: postgres
--

CREATE INDEX stacks_stack_purchased_stack_id_71c3ed10_like ON public.stacks_stack USING btree (purchased_stack_id varchar_pattern_ops);


--
-- Name: stacks_stackbackend_id_3bfd7348_like; Type: INDEX; Schema: public; Owner: postgres
--

CREATE INDEX stacks_stackbackend_id_3bfd7348_like ON public.stacks_stackbackend USING btree (id varchar_pattern_ops);


--
-- Name: stacks_stackbackend_stack_id_33b2d7de; Type: INDEX; Schema: public; Owner: postgres
--

CREATE INDEX stacks_stackbackend_stack_id_33b2d7de ON public.stacks_stackbackend USING btree (stack_id);


--
-- Name: stacks_stackbackend_stack_id_33b2d7de_like; Type: INDEX; Schema: public; Owner: postgres
--

CREATE INDEX stacks_stackbackend_stack_id_33b2d7de_like ON public.stacks_stackbackend USING btree (stack_id varchar_pattern_ops);


--
-- Name: stacks_stackdatabase_id_57eb7da6_like; Type: INDEX; Schema: public; Owner: postgres
--

CREATE INDEX stacks_stackdatabase_id_57eb7da6_like ON public.stacks_stackdatabase USING btree (id varchar_pattern_ops);


--
-- Name: stacks_stackdatabase_stack_id_87aef562; Type: INDEX; Schema: public; Owner: postgres
--

CREATE INDEX stacks_stackdatabase_stack_id_87aef562 ON public.stacks_stackdatabase USING btree (stack_id);


--
-- Name: stacks_stackdatabase_stack_id_87aef562_like; Type: INDEX; Schema: public; Owner: postgres
--

CREATE INDEX stacks_stackdatabase_stack_id_87aef562_like ON public.stacks_stackdatabase USING btree (stack_id varchar_pattern_ops);


--
-- Name: stacks_stackfrontend_id_8d9765c2_like; Type: INDEX; Schema: public; Owner: postgres
--

CREATE INDEX stacks_stackfrontend_id_8d9765c2_like ON public.stacks_stackfrontend USING btree (id varchar_pattern_ops);


--
-- Name: stacks_stackfrontend_stack_id_4a04c43a; Type: INDEX; Schema: public; Owner: postgres
--

CREATE INDEX stacks_stackfrontend_stack_id_4a04c43a ON public.stacks_stackfrontend USING btree (stack_id);


--
-- Name: stacks_stackfrontend_stack_id_4a04c43a_like; Type: INDEX; Schema: public; Owner: postgres
--

CREATE INDEX stacks_stackfrontend_stack_id_4a04c43a_like ON public.stacks_stackfrontend USING btree (stack_id varchar_pattern_ops);


--
-- Name: idx_heartbeat; Type: INDEX; Schema: tembo; Owner: postgres
--

CREATE INDEX idx_heartbeat ON tembo.heartbeat_table USING btree (latest_heartbeat);


--
-- Name: accounts_userprofile accounts_userprofile_user_id_92240672_fk_auth_user_id; Type: FK CONSTRAINT; Schema: public; Owner: postgres
--

ALTER TABLE ONLY public.accounts_userprofile
    ADD CONSTRAINT accounts_userprofile_user_id_92240672_fk_auth_user_id FOREIGN KEY (user_id) REFERENCES public.auth_user(id) DEFERRABLE INITIALLY DEFERRED;


--
-- Name: auth_group_permissions auth_group_permissio_permission_id_84c5c92e_fk_auth_perm; Type: FK CONSTRAINT; Schema: public; Owner: postgres
--

ALTER TABLE ONLY public.auth_group_permissions
    ADD CONSTRAINT auth_group_permissio_permission_id_84c5c92e_fk_auth_perm FOREIGN KEY (permission_id) REFERENCES public.auth_permission(id) DEFERRABLE INITIALLY DEFERRED;


--
-- Name: auth_group_permissions auth_group_permissions_group_id_b120cbf9_fk_auth_group_id; Type: FK CONSTRAINT; Schema: public; Owner: postgres
--

ALTER TABLE ONLY public.auth_group_permissions
    ADD CONSTRAINT auth_group_permissions_group_id_b120cbf9_fk_auth_group_id FOREIGN KEY (group_id) REFERENCES public.auth_group(id) DEFERRABLE INITIALLY DEFERRED;


--
-- Name: auth_permission auth_permission_content_type_id_2f476e4b_fk_django_co; Type: FK CONSTRAINT; Schema: public; Owner: postgres
--

ALTER TABLE ONLY public.auth_permission
    ADD CONSTRAINT auth_permission_content_type_id_2f476e4b_fk_django_co FOREIGN KEY (content_type_id) REFERENCES public.django_content_type(id) DEFERRABLE INITIALLY DEFERRED;


--
-- Name: auth_user_groups auth_user_groups_group_id_97559544_fk_auth_group_id; Type: FK CONSTRAINT; Schema: public; Owner: postgres
--

ALTER TABLE ONLY public.auth_user_groups
    ADD CONSTRAINT auth_user_groups_group_id_97559544_fk_auth_group_id FOREIGN KEY (group_id) REFERENCES public.auth_group(id) DEFERRABLE INITIALLY DEFERRED;


--
-- Name: auth_user_groups auth_user_groups_user_id_6a12ed8b_fk_auth_user_id; Type: FK CONSTRAINT; Schema: public; Owner: postgres
--

ALTER TABLE ONLY public.auth_user_groups
    ADD CONSTRAINT auth_user_groups_user_id_6a12ed8b_fk_auth_user_id FOREIGN KEY (user_id) REFERENCES public.auth_user(id) DEFERRABLE INITIALLY DEFERRED;


--
-- Name: auth_user_user_permissions auth_user_user_permi_permission_id_1fbb5f2c_fk_auth_perm; Type: FK CONSTRAINT; Schema: public; Owner: postgres
--

ALTER TABLE ONLY public.auth_user_user_permissions
    ADD CONSTRAINT auth_user_user_permi_permission_id_1fbb5f2c_fk_auth_perm FOREIGN KEY (permission_id) REFERENCES public.auth_permission(id) DEFERRABLE INITIALLY DEFERRED;


--
-- Name: auth_user_user_permissions auth_user_user_permissions_user_id_a95ead1b_fk_auth_user_id; Type: FK CONSTRAINT; Schema: public; Owner: postgres
--

ALTER TABLE ONLY public.auth_user_user_permissions
    ADD CONSTRAINT auth_user_user_permissions_user_id_a95ead1b_fk_auth_user_id FOREIGN KEY (user_id) REFERENCES public.auth_user(id) DEFERRABLE INITIALLY DEFERRED;


--
-- Name: django_admin_log django_admin_log_content_type_id_c4bce8eb_fk_django_co; Type: FK CONSTRAINT; Schema: public; Owner: postgres
--

ALTER TABLE ONLY public.django_admin_log
    ADD CONSTRAINT django_admin_log_content_type_id_c4bce8eb_fk_django_co FOREIGN KEY (content_type_id) REFERENCES public.django_content_type(id) DEFERRABLE INITIALLY DEFERRED;


--
-- Name: django_admin_log django_admin_log_user_id_c564eba6_fk_auth_user_id; Type: FK CONSTRAINT; Schema: public; Owner: postgres
--

ALTER TABLE ONLY public.django_admin_log
    ADD CONSTRAINT django_admin_log_user_id_c564eba6_fk_auth_user_id FOREIGN KEY (user_id) REFERENCES public.auth_user(id) DEFERRABLE INITIALLY DEFERRED;


--
-- Name: oauth2_provider_accesstoken oauth2_provider_acce_application_id_b22886e1_fk_oauth2_pr; Type: FK CONSTRAINT; Schema: public; Owner: postgres
--

ALTER TABLE ONLY public.oauth2_provider_accesstoken
    ADD CONSTRAINT oauth2_provider_acce_application_id_b22886e1_fk_oauth2_pr FOREIGN KEY (application_id) REFERENCES public.oauth2_provider_application(id) DEFERRABLE INITIALLY DEFERRED;


--
-- Name: oauth2_provider_accesstoken oauth2_provider_acce_id_token_id_85db651b_fk_oauth2_pr; Type: FK CONSTRAINT; Schema: public; Owner: postgres
--

ALTER TABLE ONLY public.oauth2_provider_accesstoken
    ADD CONSTRAINT oauth2_provider_acce_id_token_id_85db651b_fk_oauth2_pr FOREIGN KEY (id_token_id) REFERENCES public.oauth2_provider_idtoken(id) DEFERRABLE INITIALLY DEFERRED;


--
-- Name: oauth2_provider_accesstoken oauth2_provider_acce_source_refresh_token_e66fbc72_fk_oauth2_pr; Type: FK CONSTRAINT; Schema: public; Owner: postgres
--

ALTER TABLE ONLY public.oauth2_provider_accesstoken
    ADD CONSTRAINT oauth2_provider_acce_source_refresh_token_e66fbc72_fk_oauth2_pr FOREIGN KEY (source_refresh_token_id) REFERENCES public.oauth2_provider_refreshtoken(id) DEFERRABLE INITIALLY DEFERRED;


--
-- Name: oauth2_provider_accesstoken oauth2_provider_accesstoken_user_id_6e4c9a65_fk_auth_user_id; Type: FK CONSTRAINT; Schema: public; Owner: postgres
--

ALTER TABLE ONLY public.oauth2_provider_accesstoken
    ADD CONSTRAINT oauth2_provider_accesstoken_user_id_6e4c9a65_fk_auth_user_id FOREIGN KEY (user_id) REFERENCES public.auth_user(id) DEFERRABLE INITIALLY DEFERRED;


--
-- Name: oauth2_provider_application oauth2_provider_application_user_id_79829054_fk_auth_user_id; Type: FK CONSTRAINT; Schema: public; Owner: postgres
--

ALTER TABLE ONLY public.oauth2_provider_application
    ADD CONSTRAINT oauth2_provider_application_user_id_79829054_fk_auth_user_id FOREIGN KEY (user_id) REFERENCES public.auth_user(id) DEFERRABLE INITIALLY DEFERRED;


--
-- Name: oauth2_provider_grant oauth2_provider_gran_application_id_81923564_fk_oauth2_pr; Type: FK CONSTRAINT; Schema: public; Owner: postgres
--

ALTER TABLE ONLY public.oauth2_provider_grant
    ADD CONSTRAINT oauth2_provider_gran_application_id_81923564_fk_oauth2_pr FOREIGN KEY (application_id) REFERENCES public.oauth2_provider_application(id) DEFERRABLE INITIALLY DEFERRED;


--
-- Name: oauth2_provider_grant oauth2_provider_grant_user_id_e8f62af8_fk_auth_user_id; Type: FK CONSTRAINT; Schema: public; Owner: postgres
--

ALTER TABLE ONLY public.oauth2_provider_grant
    ADD CONSTRAINT oauth2_provider_grant_user_id_e8f62af8_fk_auth_user_id FOREIGN KEY (user_id) REFERENCES public.auth_user(id) DEFERRABLE INITIALLY DEFERRED;


--
-- Name: oauth2_provider_idtoken oauth2_provider_idto_application_id_08c5ff4f_fk_oauth2_pr; Type: FK CONSTRAINT; Schema: public; Owner: postgres
--

ALTER TABLE ONLY public.oauth2_provider_idtoken
    ADD CONSTRAINT oauth2_provider_idto_application_id_08c5ff4f_fk_oauth2_pr FOREIGN KEY (application_id) REFERENCES public.oauth2_provider_application(id) DEFERRABLE INITIALLY DEFERRED;


--
-- Name: oauth2_provider_idtoken oauth2_provider_idtoken_user_id_dd512b59_fk_auth_user_id; Type: FK CONSTRAINT; Schema: public; Owner: postgres
--

ALTER TABLE ONLY public.oauth2_provider_idtoken
    ADD CONSTRAINT oauth2_provider_idtoken_user_id_dd512b59_fk_auth_user_id FOREIGN KEY (user_id) REFERENCES public.auth_user(id) DEFERRABLE INITIALLY DEFERRED;


--
-- Name: oauth2_provider_refreshtoken oauth2_provider_refr_access_token_id_775e84e8_fk_oauth2_pr; Type: FK CONSTRAINT; Schema: public; Owner: postgres
--

ALTER TABLE ONLY public.oauth2_provider_refreshtoken
    ADD CONSTRAINT oauth2_provider_refr_access_token_id_775e84e8_fk_oauth2_pr FOREIGN KEY (access_token_id) REFERENCES public.oauth2_provider_accesstoken(id) DEFERRABLE INITIALLY DEFERRED;


--
-- Name: oauth2_provider_refreshtoken oauth2_provider_refr_application_id_2d1c311b_fk_oauth2_pr; Type: FK CONSTRAINT; Schema: public; Owner: postgres
--

ALTER TABLE ONLY public.oauth2_provider_refreshtoken
    ADD CONSTRAINT oauth2_provider_refr_application_id_2d1c311b_fk_oauth2_pr FOREIGN KEY (application_id) REFERENCES public.oauth2_provider_application(id) DEFERRABLE INITIALLY DEFERRED;


--
-- Name: oauth2_provider_refreshtoken oauth2_provider_refreshtoken_user_id_da837fce_fk_auth_user_id; Type: FK CONSTRAINT; Schema: public; Owner: postgres
--

ALTER TABLE ONLY public.oauth2_provider_refreshtoken
    ADD CONSTRAINT oauth2_provider_refreshtoken_user_id_da837fce_fk_auth_user_id FOREIGN KEY (user_id) REFERENCES public.auth_user(id) DEFERRABLE INITIALLY DEFERRED;


--
-- Name: organizations_organizationmember organizations_organi_organization_id_f26cf71b_fk_organizat; Type: FK CONSTRAINT; Schema: public; Owner: postgres
--

ALTER TABLE ONLY public.organizations_organizationmember
    ADD CONSTRAINT organizations_organi_organization_id_f26cf71b_fk_organizat FOREIGN KEY (organization_id) REFERENCES public.organizations_organization(id) DEFERRABLE INITIALLY DEFERRED;


--
-- Name: organizations_organizationmember organizations_organi_user_id_f3845ee5_fk_auth_user; Type: FK CONSTRAINT; Schema: public; Owner: postgres
--

ALTER TABLE ONLY public.organizations_organizationmember
    ADD CONSTRAINT organizations_organi_user_id_f3845ee5_fk_auth_user FOREIGN KEY (user_id) REFERENCES public.auth_user(id) DEFERRABLE INITIALLY DEFERRED;


--
-- Name: organizations_pendinginvites organizations_pendin_organization_id_e4cfc60c_fk_organizat; Type: FK CONSTRAINT; Schema: public; Owner: postgres
--

ALTER TABLE ONLY public.organizations_pendinginvites
    ADD CONSTRAINT organizations_pendin_organization_id_e4cfc60c_fk_organizat FOREIGN KEY (organization_id) REFERENCES public.organizations_organization(id) DEFERRABLE INITIALLY DEFERRED;


--
-- Name: projects_project projects_project_organization_id_c93e5ca2_fk_organizat; Type: FK CONSTRAINT; Schema: public; Owner: postgres
--

ALTER TABLE ONLY public.projects_project
    ADD CONSTRAINT projects_project_organization_id_c93e5ca2_fk_organizat FOREIGN KEY (organization_id) REFERENCES public.organizations_organization(id) DEFERRABLE INITIALLY DEFERRED;


--
-- Name: projects_projectmember projects_projectmemb_project_id_e589ddea_fk_projects_; Type: FK CONSTRAINT; Schema: public; Owner: postgres
--

ALTER TABLE ONLY public.projects_projectmember
    ADD CONSTRAINT projects_projectmemb_project_id_e589ddea_fk_projects_ FOREIGN KEY (project_id) REFERENCES public.projects_project(id) DEFERRABLE INITIALLY DEFERRED;


--
-- Name: projects_projectmember projects_projectmember_user_id_a475bbd8_fk_auth_user_id; Type: FK CONSTRAINT; Schema: public; Owner: postgres
--

ALTER TABLE ONLY public.projects_projectmember
    ADD CONSTRAINT projects_projectmember_user_id_a475bbd8_fk_auth_user_id FOREIGN KEY (user_id) REFERENCES public.auth_user(id) DEFERRABLE INITIALLY DEFERRED;


--
-- Name: stacks_stack stacks_stack_project_id_fdc58b7d_fk_projects_project_id; Type: FK CONSTRAINT; Schema: public; Owner: postgres
--

ALTER TABLE ONLY public.stacks_stack
    ADD CONSTRAINT stacks_stack_project_id_fdc58b7d_fk_projects_project_id FOREIGN KEY (project_id) REFERENCES public.projects_project(id) DEFERRABLE INITIALLY DEFERRED;


--
-- Name: stacks_stack stacks_stack_purchased_stack_id_71c3ed10_fk_stacks_pu; Type: FK CONSTRAINT; Schema: public; Owner: postgres
--

ALTER TABLE ONLY public.stacks_stack
    ADD CONSTRAINT stacks_stack_purchased_stack_id_71c3ed10_fk_stacks_pu FOREIGN KEY (purchased_stack_id) REFERENCES public.stacks_purchasablestack(id) DEFERRABLE INITIALLY DEFERRED;


--
-- Name: stacks_stackbackend stacks_stackbackend_stack_id_33b2d7de_fk_stacks_stack_id; Type: FK CONSTRAINT; Schema: public; Owner: postgres
--

ALTER TABLE ONLY public.stacks_stackbackend
    ADD CONSTRAINT stacks_stackbackend_stack_id_33b2d7de_fk_stacks_stack_id FOREIGN KEY (stack_id) REFERENCES public.stacks_stack(id) DEFERRABLE INITIALLY DEFERRED;


--
-- Name: stacks_stackdatabase stacks_stackdatabase_stack_id_87aef562_fk_stacks_stack_id; Type: FK CONSTRAINT; Schema: public; Owner: postgres
--

ALTER TABLE ONLY public.stacks_stackdatabase
    ADD CONSTRAINT stacks_stackdatabase_stack_id_87aef562_fk_stacks_stack_id FOREIGN KEY (stack_id) REFERENCES public.stacks_stack(id) DEFERRABLE INITIALLY DEFERRED;


--
-- Name: stacks_stackfrontend stacks_stackfrontend_stack_id_4a04c43a_fk_stacks_stack_id; Type: FK CONSTRAINT; Schema: public; Owner: postgres
--

ALTER TABLE ONLY public.stacks_stackfrontend
    ADD CONSTRAINT stacks_stackfrontend_stack_id_4a04c43a_fk_stacks_stack_id FOREIGN KEY (stack_id) REFERENCES public.stacks_stack(id) DEFERRABLE INITIALLY DEFERRED;


--
-- Name: FUNCTION pg_ls_dir(text, boolean, boolean); Type: ACL; Schema: pg_catalog; Owner: postgres
--

GRANT ALL ON FUNCTION pg_catalog.pg_ls_dir(text, boolean, boolean) TO streaming_replica;


--
-- Name: FUNCTION pg_read_binary_file(text); Type: ACL; Schema: pg_catalog; Owner: postgres
--

GRANT ALL ON FUNCTION pg_catalog.pg_read_binary_file(text) TO streaming_replica;


--
-- Name: FUNCTION pg_read_binary_file(text, bigint, bigint, boolean); Type: ACL; Schema: pg_catalog; Owner: postgres
--

GRANT ALL ON FUNCTION pg_catalog.pg_read_binary_file(text, bigint, bigint, boolean) TO streaming_replica;


--
-- Name: FUNCTION pg_stat_file(filename text, missing_ok boolean, OUT size bigint, OUT access timestamp with time zone, OUT modification timestamp with time zone, OUT change timestamp with time zone, OUT creation timestamp with time zone, OUT isdir boolean); Type: ACL; Schema: pg_catalog; Owner: postgres
--

GRANT ALL ON FUNCTION pg_catalog.pg_stat_file(filename text, missing_ok boolean, OUT size bigint, OUT access timestamp with time zone, OUT modification timestamp with time zone, OUT change timestamp with time zone, OUT creation timestamp with time zone, OUT isdir boolean) TO streaming_replica;


--
-- PostgreSQL database dump complete
--

